photo_id,filename,x1,y1,x2,y2,conf,blur_score,task,Score A,Score B,Score C,Load Factor,Activity score,Coupling Factor,RScore A,RScoreB,RScoreC,Frebascore
0,1_VID_20231026_123736025__f000070__t001.jpg,359.0641479,411.18396,604.2958984,1008.442871,0.850114763,1044.122684,DEM,4,2,4,2.0,1.0,1.0,6.0,3.0,6.0,7.0
1,1_VID_20231026_123736025__f000249__t001.jpg,379.2043762,534.4208984,690.7518921,1083.898926,0.898303628,990.351848,DEM,6,4,7,2.0,1.0,1.0,8.0,5.0,10.0,11.0
2,1_VID_20231026_123736025__f000382__t001.jpg,465.6566772,596.949585,768.381958,1090.553467,0.922144651,1016.642513,DEM,6,4,7,2.0,1.0,1.0,8.0,5.0,10.0,11.0
5,1_VID_20231026_123736025__f000641__t001.jpg,386.4225769,405.2165833,646.4810791,1012.622742,0.908295333,1022.340273,DEM,3,1,2,2.0,1.0,1.0,5.0,2.0,4.0,5.0
6,1_VID_20231026_123736025__f000770__t001.jpg,224.1340332,446.8658447,671.1730957,1000.863281,0.912908673,1071.648949,DEM,5,4,5,2.0,1.0,1.0,7.0,5.0,9.0,10.0
7,1_VID_20231026_123736025__f000860__t001.jpg,252.323761,454.2233582,697.3482056,987.2042847,0.903979242,1017.941102,DEM,6,4,7,2.0,1.0,1.0,8.0,5.0,10.0,11.0
8,1_VID_20231026_123736025__f001141__t001.jpg,389.7531738,451.5977478,755.9160156,1010.621704,0.906718552,1070.754928,DEM,6,4,7,2.0,1.0,1.0,8.0,5.0,10.0,11.0
9,1_VID_20231026_123736025__f001143__t002.jpg,125.1908569,266.9558411,334.5705261,1040.7229,0.906558931,1069.768071,DEM,4,1,3,2.0,1.0,1.0,6.0,2.0,6.0,7.0
12,1_VID_20231026_123736025__f001573__t005.jpg,727.3490601,507.1956787,958.4019775,1085.634033,0.901955664,897.210916,DEM,6,2,6,2.0,1.0,1.0,8.0,3.0,8.0,9.0
14,1_VID_20231026_123736025__f001663__t005.jpg,687.8292847,481.0894775,949.1853638,1038.394653,0.911491632,979.6201284,DEM,5,4,5,2.0,1.0,1.0,7.0,5.0,9.0,10.0
15,1_VID_20231026_123736025__f001671__t002.jpg,429.7199707,242.9519958,687.9199219,1001.96521,0.888923109,977.8336044,DEM,4,1,3,2.0,1.0,1.0,6.0,2.0,6.0,7.0
16,1_VID_20231026_123736025__f001757__t005.jpg,679.1243286,605.9662476,891.7174683,1176.244141,0.895761549,924.4481512,DEM,5,2,4,2.0,1.0,1.0,7.0,3.0,7.0,8.0
17,1_VID_20231026_123736025__f001811__t005.jpg,598.486084,604.2544556,811.3666382,1151.919312,0.894882202,900.4003757,DEM,4,1,3,2.0,1.0,1.0,6.0,2.0,6.0,7.0
18,1_VID_20231026_123736025__f001845__t002.jpg,242.8631592,476.9051514,522.1590576,1075.807007,0.9185583,879.5868827,DEM,7,1,7,2.0,1.0,1.0,9.0,2.0,9.0,10.0
19,1_VID_20231026_123736025__f001888__t002.jpg,207.2705383,504.2767639,494.4512634,1076.228882,0.916294038,819.6716112,DEM,7,8,10,2.0,1.0,1.0,9.0,9.0,11.0,12.0
21,1_VID_20231026_123736025__f001949__t002.jpg,203.9219055,505.9719543,494.9722595,1063.20813,0.916101515,844.8707365,DEM,7,2,7,2.0,1.0,1.0,9.0,3.0,9.0,10.0
23,1_VID_20231026_123736025__f002039__t002.jpg,145.6464386,553.8417969,494.0716248,1064.256104,0.9149369,866.488269,DEM,7,5,9,2.0,1.0,1.0,9.0,6.0,10.0,11.0
24,1_VID_20231026_123736025__f002107__t005.jpg,632.7979126,307.7933655,917.1467285,1100.911987,0.906213701,908.7075257,DEM,4,1,3,2.0,1.0,1.0,6.0,2.0,6.0,7.0
26,1_VID_20231026_123736025__f002189__t005.jpg,671.7730713,304.3340149,874.4824219,1099.972168,0.883942008,875.5209831,DEM,4,1,3,2.0,1.0,1.0,6.0,2.0,6.0,7.0
27,1_VID_20231026_123736025__f002392__t002.jpg,107.1721725,526.3912354,472.2227783,1042.755981,0.921872973,884.7674951,DEM,8,5,10,2.0,1.0,1.0,10.0,6.0,11.0,12.0
28,1_VID_20231026_123736025__f002538__t002.jpg,184.2389679,545.8352661,560.4361572,1081.173584,0.923383534,1008.755466,DEM,7,5,9,2.0,1.0,1.0,9.0,6.0,10.0,11.0
29,1_VID_20231026_123736025__f002562__t005.jpg,735.7245483,313.3584595,935.5145874,1114.557617,0.859379053,986.4851805,DEM,4,1,3,2.0,1.0,1.0,6.0,2.0,6.0,7.0
30,1_VID_20231026_123736025__f002628__t002.jpg,257.0220032,520.3708496,599.4460449,1077.687866,0.930965483,1005.736209,DEM,7,5,9,2.0,1.0,1.0,9.0,6.0,10.0,11.0
37,1_VID_20231026_123736025__f003151__t002.jpg,333.8771667,371.5929871,572.8217163,1052.623657,0.900566995,995.9295478,DEM,5,1,4,2.0,1.0,1.0,7.0,2.0,7.0,8.0
39,1_VID_20231026_123736025__f003241__t002.jpg,461.1717834,395.4386292,716.4894409,1033.865356,0.908702195,917.341981,DEM,6,2,6,2.0,1.0,1.0,8.0,3.0,8.0,9.0
42,1_VID_20231026_123736025__f003313__t002.jpg,520.7283936,369.3725586,791.1981812,1026.5,0.876700163,958.4218014,DEM,4,1,3,2.0,1.0,1.0,6.0,2.0,6.0,7.0
43,1_VID_20231026_123736025__f003409__t005.jpg,106.2172012,553.2776489,400.4900208,1037.747803,0.895006597,902.8600198,DEM,5,1,4,2.0,1.0,1.0,7.0,2.0,7.0,8.0
44,1_VID_20231026_123736025__f003432__t002.jpg,488.8240662,319.7174377,773.28125,1014.747925,0.894818246,895.2314891,DEM,4,1,3,2.0,1.0,1.0,6.0,2.0,6.0,7.0
49,1_VID_20231026_123736025__f003860__t005.jpg,120.5419083,345.8780823,447.2867737,1092.033569,0.916081846,590.0730591,DEM,4,1,3,2.0,1.0,1.0,6.0,2.0,6.0,7.0
51,1_VID_20231026_123736025__f003950__t005.jpg,123.0201263,339.0637207,456.5806274,1087.340088,0.924159825,591.2548693,DEM,4,1,3,2.0,1.0,1.0,6.0,2.0,6.0,7.0
53,1_VID_20231026_123736025__f004140__t005.jpg,148.3213654,327.1118774,473.3453979,1075.549561,0.930015922,896.9674344,DEM,4,1,3,2.0,1.0,1.0,6.0,2.0,6.0,7.0
55,1_VID_20231026_123736025__f004224__t002.jpg,544.7218018,510.3908997,872.3700562,1051.876465,0.916622996,936.5871325,DEM,6,4,7,2.0,1.0,1.0,8.0,5.0,10.0,11.0
56,1_VID_20231026_123736025__f004259__t005.jpg,158.2620697,353.305603,479.2515259,1098.584961,0.924637794,915.2225624,DEM,4,1,3,2.0,1.0,1.0,6.0,2.0,6.0,7.0
58,1_VID_20231026_123736025__f004334__t005.jpg,155.473526,365.5899353,478.5632019,1113.281738,0.927969158,864.8240944,DEM,4,1,3,2.0,1.0,1.0,6.0,2.0,6.0,7.0
59,1_VID_20231026_123736025__f004465__t005.jpg,130.9447479,409.9641724,456.6220703,1153.278564,0.91935581,873.9392824,DEM,4,1,3,2.0,1.0,1.0,6.0,2.0,6.0,7.0
60,1_VID_20231026_123736025__f004485__t002.jpg,474.999115,564.5772095,815.1480713,1125.027588,0.912539721,857.6410052,DEM,5,4,5,2.0,1.0,1.0,7.0,5.0,9.0,10.0
62,1_VID_20231026_123736025__f004616__t005.jpg,137.6852417,404.6657104,460.8895264,1150.326904,0.912932813,960.6941726,DEM,4,1,3,2.0,1.0,1.0,6.0,2.0,6.0,7.0
63,1_VID_20231026_123736025__f004710__t005.jpg,101.3488464,404.0083618,454.5745239,1145.621216,0.909304261,873.1614939,DEM,4,1,3,2.0,1.0,1.0,6.0,2.0,6.0,7.0
65,1_VID_20231026_123736025__f004757__t005.jpg,89.16760254,413.9877625,417.2852783,1178.698486,0.927896678,970.2005348,DEM,2,1,1,2.0,1.0,1.0,4.0,2.0,4.0,5.0
66,1_VID_20231026_123736025__f004795__t002.jpg,485.8652344,645.621521,750.1291504,1148.985229,0.896968484,968.4502149,DEM,5,4,5,2.0,1.0,1.0,7.0,5.0,9.0,10.0
68,1_VID_20231026_123736025__f004876__t005.jpg,103.2217255,414.7767334,421.1301575,1189.386963,0.928565025,879.2448785,DEM,4,1,3,2.0,1.0,1.0,6.0,2.0,6.0,7.0
69,1_VID_20231026_123736025__f004916__t002.jpg,537.9276733,618.9694214,874.3113403,1131.415649,0.900155365,915.4209531,DEM,6,4,7,2.0,1.0,1.0,8.0,5.0,10.0,11.0
71,1_VID_20231026_123736025__f004984__t005.jpg,121.2510529,399.6340332,428.5407104,1174.515503,0.927795351,916.9922906,DEM,4,1,3,2.0,1.0,1.0,6.0,2.0,6.0,7.0
72,1_VID_20231026_123736025__f005071__t005.jpg,123.8816376,383.7729797,427.6940918,1160.358032,0.928880692,926.7040162,DEM,4,1,3,2.0,1.0,1.0,6.0,2.0,6.0,7.0
74,1_VID_20231026_123736025__f005159__t005.jpg,199.2117767,371.8199158,419.7583923,1148.282349,0.919544101,820.6461482,DEM,4,1,3,2.0,1.0,1.0,6.0,2.0,6.0,7.0
75,1_VID_20231026_123736025__f005159__t002.jpg,681.276001,558.968689,975.0241699,1098.028687,0.920138061,820.6461482,DEM,6,2,6,2.0,1.0,1.0,8.0,3.0,8.0,9.0
77,1_VID_20231026_123736025__f005371__t005.jpg,186.670105,371.1781616,404.4515991,1151.41748,0.912009239,908.9223611,DEM,4,1,3,2.0,1.0,1.0,6.0,2.0,6.0,7.0
79,1_VID_20231026_123736025__f005461__t005.jpg,194.1123199,366.3486938,410.6105652,1146.329468,0.915904284,885.0930517,DEM,4,1,3,2.0,1.0,1.0,6.0,2.0,6.0,7.0
80,1_VID_20231026_123736025__f005481__t002.jpg,648.6375122,602.8129272,910.8186646,1118.135376,0.887839258,871.8512902,DEM,4,4,4,2.0,1.0,1.0,6.0,5.0,8.0,9.0
81,1_VID_20231026_123736025__f005551__t005.jpg,93.98053741,473.052124,349.2192078,1235.613892,0.920198023,897.0132959,DEM,3,1,2,2.0,1.0,1.0,5.0,2.0,4.0,5.0
84,1_VID_20231026_123736025__f005740__t005.jpg,81.30391693,775.4251099,379.2183228,1209.864502,0.9113428,821.5307106,DEM,7,1,7,2.0,1.0,1.0,9.0,2.0,9.0,10.0
85,1_VID_20231026_123736025__f005774__t005.jpg,87.34476471,783.0179443,385.7620544,1209.488281,0.921507597,925.7955814,DEM,6,1,6,2.0,1.0,1.0,8.0,2.0,8.0,9.0
87,1_VID_20231026_123736025__f005864__t005.jpg,53.7298317,688.4110107,352.0391541,1118.31897,0.920392811,961.0264845,DEM,5,1,4,2.0,1.0,1.0,7.0,2.0,7.0,8.0
89,1_VID_20231026_123736025__f005897__t005.jpg,57.57933807,678.8844604,349.3087769,1104.986206,0.913986981,891.0947983,DEM,5,1,4,2.0,1.0,1.0,7.0,2.0,7.0,8.0
90,1_VID_20231026_123736025__f005986__t002.jpg,355.7408447,551.1572266,663.2737427,1124.877197,0.90934664,863.8698641,DEM,6,4,7,2.0,1.0,1.0,8.0,5.0,10.0,11.0
91,1_VID_20231026_123736025__f005987__t005.jpg,20.04256439,702.2021484,331.3613281,1116.508057,0.900494039,950.6566932,DEM,6,1,6,2.0,1.0,1.0,8.0,2.0,8.0,9.0
92,1_VID_20231026_123736025__f006132__t005.jpg,32.44009018,795.149292,461.7675171,1156.372803,0.905855238,949.3481682,DEM,7,2,7,2.0,1.0,1.0,9.0,3.0,9.0,10.0
94,1_VID_20231026_123736025__f006242__t005.jpg,32.56420898,827.0161133,453.4034424,1159.738281,0.852304339,819.4324915,DEM,6,2,6,2.0,1.0,1.0,8.0,3.0,8.0,9.0
97,1_VID_20231026_123736025__f006398__t005.jpg,43.81052017,779.8535767,481.0756836,1132.386353,0.903490245,951.6452837,DEM,7,2,7,2.0,1.0,1.0,9.0,3.0,9.0,10.0
99,1_VID_20231026_123736025__f006488__t005.jpg,86.19443512,727.0770874,512.1322632,1080.065308,0.871312022,902.7780842,DEM,7,2,7,2.0,1.0,1.0,9.0,3.0,9.0,10.0
101,1_VID_20231026_123736025__f006604__t002.jpg,513.9442749,510.0791931,871.9768677,1051.897583,0.930788219,953.2729167,DEM,5,4,5,2.0,1.0,1.0,7.0,5.0,9.0,10.0
102,1_VID_20231026_123736025__f006661__t005.jpg,99.81510925,736.4626465,507.5079346,1072.933838,0.869545162,947.822206,DEM,7,2,7,2.0,1.0,1.0,9.0,3.0,9.0,10.0
105,1_VID_20231026_123736025__f006795__t005.jpg,206.7989044,749.0933838,555.4428711,1088.146606,0.855865836,996.5968543,DEM,6,2,6,2.0,1.0,1.0,8.0,3.0,8.0,9.0
108,1_VID_20231026_123736025__f006923__t005.jpg,253.2451935,725.9624634,538.9056396,1078.62561,0.85716182,1004.480902,DEM,5,2,4,2.0,1.0,1.0,7.0,3.0,7.0,8.0
112,1_VID_20231026_123736025__f007159__t005.jpg,182.3348236,715.8629761,591.434082,1084.488403,0.89117974,935.2260531,DEM,5,4,5,2.0,1.0,1.0,7.0,5.0,9.0,10.0
115,1_VID_20231026_123736025__f007400__t005.jpg,294.903595,723.4046631,661.6948242,1153.246826,0.906878531,987.2108069,DEM,6,2,6,2.0,1.0,1.0,8.0,3.0,8.0,9.0
120,1_VID_20231026_123736025__f007682__t005.jpg,311.7766113,737.87323,658.5790405,1119.262695,0.869368076,1016.345708,DEM,6,2,6,2.0,1.0,1.0,8.0,3.0,8.0,9.0
121,1_VID_20231026_123736025__f007786__t005.jpg,209.5681915,728.0862427,558.5944214,1110.111694,0.895838618,941.2810061,DEM,6,2,6,2.0,1.0,1.0,8.0,3.0,8.0,9.0
124,1_VID_20231026_123736025__f007932__t005.jpg,209.5701904,724.1973877,599.0681763,1094.214111,0.855574906,879.4689495,DEM,7,2,7,2.0,1.0,1.0,9.0,3.0,9.0,10.0
125,1_VID_20231026_123736025__f007949__t002.jpg,759.9072266,572.5800171,999.6724854,1089.754028,0.894265771,923.5775515,DEM,5,1,4,2.0,1.0,1.0,7.0,2.0,7.0,8.0
126,1_VID_20231026_123736025__f008046__t005.jpg,68.58603668,797.7230835,407.3623657,1143.204834,0.890249014,853.9110855,DEM,6,1,6,2.0,1.0,1.0,8.0,2.0,8.0,9.0
128,1_VID_20231026_123736025__f008135__t005.jpg,54.55750656,809.3117676,419.0585022,1152.37793,0.876382947,896.2476649,DEM,6,1,6,2.0,1.0,1.0,8.0,2.0,8.0,9.0
129,1_VID_20231026_123736025__f008151__t002.jpg,658.7828979,626.6884766,912.1887817,1130.249756,0.880541027,910.9842331,DEM,4,4,4,2.0,1.0,1.0,6.0,5.0,8.0,9.0
133,1_VID_20231026_123736025__f008388__t002.jpg,635.715332,677.2422485,879.5091553,1159.403931,0.894269168,941.1220607,DEM,5,4,5,2.0,1.0,1.0,7.0,5.0,9.0,10.0
135,1_VID_20231026_123736025__f008478__t002.jpg,460.2515869,648.1738281,769.8419189,1164.799194,0.919168472,851.6409152,DEM,4,4,4,2.0,1.0,1.0,6.0,5.0,8.0,9.0
137,1_VID_20231026_123736025__f008568__t002.jpg,482.6730347,630.6055908,827.0147705,1156.555054,0.915230453,943.1984572,DEM,6,4,7,2.0,1.0,1.0,8.0,5.0,10.0,11.0
139,1_VID_20231026_123736025__f008658__t002.jpg,589.3305054,644.6140747,940.3563232,1153.614746,0.906551778,866.2873828,DEM,6,4,7,2.0,1.0,1.0,8.0,5.0,10.0,11.0
142,1_VID_20231026_123736025__f008758__t005.jpg,143.0800781,854.5595093,488.4824829,1178.39502,0.85789752,936.4661151,DEM,7,2,7,2.0,1.0,1.0,9.0,3.0,9.0,10.0
143,1_VID_20231026_123736025__f008878__t005.jpg,75.44731903,802.3184814,479.6019897,1135.660889,0.802976668,892.1654855,DEM,6,2,6,2.0,1.0,1.0,8.0,3.0,8.0,9.0
144,1_VID_20231026_123736025__f008914__t002.jpg,684.3400269,546.664917,1003.661682,1092.509521,0.927305043,828.2596298,DEM,6,4,7,2.0,1.0,1.0,8.0,5.0,10.0,11.0
146,1_VID_20231026_123736025__f009004__t002.jpg,691.1497803,498.7718506,1018.156311,1041.043213,0.925703943,886.3333604,DEM,6,4,7,2.0,1.0,1.0,8.0,5.0,10.0,11.0
148,1_VID_20231026_124349435__f000029__t002.jpg,611.1937256,235.9562988,804.737793,823.8667603,0.88568294,160.930694,DEM,4,1,3,2.0,1.0,1.0,6.0,2.0,6.0,7.0
150,1_VID_20231026_124349435__f000039__t004.jpg,1172.12146,298.3139038,1393.022339,807.635437,0.893731833,179.7003238,DEM,5,4,5,2.0,1.0,1.0,7.0,5.0,9.0,10.0
152,1_VID_20231026_124349435__f000058__t007.jpg,161.9408264,240.6082764,383.7176514,852.5101929,0.804866076,116.7249685,DEM,6,2,6,2.0,1.0,1.0,8.0,3.0,8.0,9.0
154,1_VID_20231026_124349435__f000068__t002.jpg,620.9980469,228.2706299,805.9680176,820.0120239,0.857702315,129.681862,DEM,3,1,2,2.0,1.0,1.0,5.0,2.0,4.0,5.0
155,1_VID_20231026_124349435__f000070__t007.jpg,160.687149,233.6511383,369.9341736,805.7614136,0.809209645,131.3025125,DEM,4,1,3,2.0,1.0,1.0,6.0,2.0,6.0,7.0
156,1_VID_20231026_124349435__f000074__t002.jpg,611.7558594,224.763504,795.9909058,817.8500366,0.86768043,134.101309,DEM,3,1,2,2.0,1.0,1.0,5.0,2.0,4.0,5.0
159,1_VID_20231026_124349435__f000115__t010.jpg,257.1850281,274.5779724,484.75354,839.762207,0.782155514,125.1585397,DEM,4,2,4,2.0,1.0,1.0,6.0,3.0,6.0,7.0
160,1_VID_20231026_124349435__f000115__t007.jpg,114.029747,222.2380066,349.8592834,810.4030151,0.757030606,125.1585397,DEM,5,1,4,2.0,1.0,1.0,7.0,2.0,7.0,8.0
163,1_VID_20231026_124349435__f000129__t004.jpg,1128.404053,265.346405,1332.666992,774.6999512,0.867999017,126.2749874,DEM,3,4,3,2.0,1.0,1.0,5.0,5.0,6.0,7.0
164,1_VID_20231026_124349435__f000146__t005.jpg,1466.29187,225.3255157,1651.400024,735.5031738,0.86440742,125.7845398,DEM,4,1,3,2.0,1.0,1.0,6.0,2.0,6.0,7.0
165,1_VID_20231026_124349435__f000148__t007.jpg,215.102829,208.8419647,435.4692078,761.5808105,0.571357667,124.4938774,DEM,4,2,4,2.0,1.0,1.0,6.0,3.0,6.0,7.0
167,1_VID_20231026_124349435__f000158__t002.jpg,674.3399658,162.1690063,872.7123413,748.2072754,0.85304004,117.90193,DEM,3,1,2,2.0,1.0,1.0,5.0,2.0,4.0,5.0
174,1_VID_20231026_124349435__f000219__t004.jpg,1226.388794,236.8360443,1446.312378,744.2108154,0.878630996,124.2539069,DEM,3,4,3,2.0,1.0,1.0,5.0,5.0,6.0,7.0
175,1_VID_20231026_124349435__f000236__t005.jpg,1448.727295,230.7729492,1618.901245,758.8895264,0.880768538,118.577673,DEM,3,1,2,2.0,1.0,1.0,5.0,2.0,4.0,5.0
178,1_VID_20231026_124349435__f000248__t002.jpg,585.7095337,207.1181488,800.2868042,777.015564,0.832526743,126.3403589,DEM,3,1,2,2.0,1.0,1.0,5.0,2.0,4.0,5.0
183,1_VID_20231026_124349435__f000309__t004.jpg,1122.605591,218.8542175,1356.41626,712.5980835,0.905975759,118.6361484,DEM,4,4,4,2.0,1.0,1.0,6.0,5.0,8.0,9.0
188,1_VID_20231026_124349435__f000338__t002.jpg,565.2995605,196.9237061,788.5205688,769.0478516,0.839995563,156.1282434,DEM,3,2,3,2.0,1.0,1.0,5.0,3.0,4.0,5.0
192,1_VID_20231026_124349435__f000385__t010.jpg,294.1490173,391.8092957,560.5171509,807.8743286,0.893622339,195.6208656,DEM,4,4,4,2.0,1.0,1.0,6.0,5.0,8.0,9.0
193,1_VID_20231026_124349435__f000399__t004.jpg,1146.120605,272.7734375,1377.661255,761.0369263,0.900758564,222.1167136,DEM,4,4,4,2.0,1.0,1.0,6.0,5.0,8.0,9.0
194,1_VID_20231026_124349435__f000413__t014.jpg,98.86647034,247.4691315,375.2679443,925.6646729,0.871153235,218.3035036,DEM,5,4,5,2.0,1.0,1.0,7.0,5.0,9.0,10.0
195,1_VID_20231026_124349435__f000416__t005.jpg,1365.293213,243.081543,1545.569458,752.8723145,0.836217701,218.9155271,DEM,3,1,2,2.0,1.0,1.0,5.0,2.0,4.0,5.0
197,1_VID_20231026_124349435__f000422__t014.jpg,82.20027924,238.5022278,355.2988281,928.1276855,0.848982096,219.664445,DEM,3,2,3,2.0,1.0,1.0,5.0,3.0,4.0,5.0
199,1_VID_20231026_124349435__f000428__t002.jpg,519.3603516,228.8823547,720.6230469,782.0286865,0.879440844,222.299071,DEM,5,2,4,2.0,1.0,1.0,7.0,3.0,7.0,8.0
202,1_VID_20231026_124349435__f000467__t014.jpg,30.01779556,205.1706696,286.9637146,899.8648071,0.788790822,217.9698199,DEM,3,4,3,2.0,1.0,1.0,5.0,5.0,6.0,7.0
204,1_VID_20231026_124349435__f000489__t004.jpg,1061.369507,217.5984955,1292.580322,715.3290405,0.912507355,215.0304478,DEM,5,4,5,2.0,1.0,1.0,7.0,5.0,9.0,10.0
206,1_VID_20231026_124349435__f000506__t005.jpg,1302.430786,202.4123993,1471.469238,710.0110474,0.873949587,165.2518689,DEM,4,1,3,2.0,1.0,1.0,6.0,2.0,6.0,7.0
209,1_VID_20231026_124349435__f000518__t002.jpg,539.8525391,170.3675079,740.1624146,725.9168701,0.871660173,161.6311567,DEM,3,1,2,2.0,1.0,1.0,5.0,2.0,4.0,5.0
214,1_VID_20231026_124349435__f000568__t010.jpg,681.0946045,265.7234192,866.8185425,837.9221802,0.876865625,185.4937385,DEM,4,1,3,2.0,1.0,1.0,6.0,2.0,6.0,7.0
217,1_VID_20231026_124349435__f000594__t017.jpg,433.4619141,321.4906616,691.1435547,936.3551636,0.69298929,150.3506187,DEM,3,2,3,2.0,1.0,1.0,5.0,3.0,4.0,5.0
218,1_VID_20231026_124349435__f000599__t004.jpg,1411.10437,297.1123352,1634.544678,826.0113525,0.912298441,164.7587767,DEM,5,2,4,2.0,1.0,1.0,7.0,3.0,7.0,8.0
219,1_VID_20231026_124349435__f000608__t016.jpg,64.26224518,430.5675659,374.3421631,1016.802124,0.73131305,146.7117183,DEM,3,1,2,2.0,1.0,1.0,5.0,2.0,4.0,5.0
220,1_VID_20231026_124349435__f000639__t017.jpg,211.8396301,208.1207123,442.9649048,856.5182495,0.700323105,112.8195614,DEM,3,2,3,2.0,1.0,1.0,5.0,3.0,4.0,5.0
221,1_VID_20231026_124349435__f000652__t005.jpg,1452.463989,138.7783203,1642.970703,538.1568604,0.783349097,109.3877139,DEM,3,1,2,2.0,1.0,1.0,5.0,2.0,4.0,5.0
222,1_VID_20231026_124349435__f000664__t018.jpg,820.1325073,158.9365387,1006.119202,696.953064,0.848573029,126.8243835,DEM,3,2,3,2.0,1.0,1.0,5.0,3.0,4.0,5.0
223,1_VID_20231026_124349435__f000673__t004.jpg,1207.144043,151.5024109,1428.561035,680.6404419,0.901652813,131.7432488,DEM,3,1,2,2.0,1.0,1.0,5.0,2.0,4.0,5.0
225,1_VID_20231026_124349435__f000684__t017.jpg,237.6411133,197.819809,441.631897,748.9075317,0.632579029,124.4171452,DEM,3,4,3,2.0,1.0,1.0,5.0,5.0,6.0,7.0
230,1_VID_20231026_124349435__f000742__t005.jpg,1621.014893,218.8660278,1806.189819,579.934021,0.809655309,121.141493,DEM,3,1,2,2.0,1.0,1.0,5.0,2.0,4.0,5.0
234,1_VID_20231026_124349435__f000754__t018.jpg,1001.831787,260.5522766,1191.513916,798.5826416,0.86229378,143.376421,DEM,4,2,4,2.0,1.0,1.0,6.0,3.0,6.0,7.0
235,1_VID_20231026_124349435__f000763__t004.jpg,1362.258789,246.1394958,1532.997192,803.4596558,0.848277807,153.6998601,DEM,3,2,3,2.0,1.0,1.0,5.0,3.0,4.0,5.0
236,1_VID_20231026_124349435__f000764__t010.jpg,501.1816101,297.8744812,733.993103,881.6536255,0.839769185,153.388763,DEM,4,1,3,2.0,1.0,1.0,6.0,2.0,6.0,7.0
242,1_VID_20231026_124349435__f000803__t016.jpg,73.71253204,461.7859802,404.5191345,1006.432983,0.815586984,130.9903009,DEM,5,2,4,2.0,1.0,1.0,7.0,3.0,7.0,8.0
243,1_VID_20231026_124349435__f000832__t005.jpg,1567.242188,277.6593628,1754.003906,655.052002,0.736029685,133.2208515,DEM,3,2,3,2.0,1.0,1.0,5.0,3.0,4.0,5.0
245,1_VID_20231026_124349435__f000841__t021.jpg,345.244873,272.0983887,570.2850342,879.9867554,0.580975473,126.1512873,DEM,4,2,4,2.0,1.0,1.0,6.0,3.0,6.0,7.0
246,1_VID_20231026_124349435__f000844__t018.jpg,967.5304565,259.9085388,1165.75415,772.8365479,0.871335745,121.7719275,DEM,3,2,3,2.0,1.0,1.0,5.0,3.0,4.0,5.0
247,1_VID_20231026_124349435__f000853__t004.jpg,1350.411377,217.2572174,1541.84436,745.3171387,0.877602935,129.689986,DEM,3,1,2,2.0,1.0,1.0,5.0,2.0,4.0,5.0
248,1_VID_20231026_124349435__f000854__t010.jpg,510.5477295,229.9655457,715.8903198,817.9979248,0.866507351,130.3275152,DEM,3,4,3,2.0,1.0,1.0,5.0,5.0,6.0,7.0
250,1_VID_20231026_124349435__f000886__t021.jpg,321.8022461,271.4706421,571.9324951,943.1025391,0.82639879,135.9606249,DEM,4,2,4,2.0,1.0,1.0,6.0,3.0,6.0,7.0
251,1_VID_20231026_124349435__f000893__t016.jpg,0.0,371.6783142,281.6540527,993.4903564,0.89509517,109.8658945,DEM,5,1,4,2.0,1.0,1.0,7.0,2.0,7.0,8.0
252,1_VID_20231026_124349435__f000922__t005.jpg,1543.120361,224.8182373,1756.072388,570.6888428,0.703054726,129.6920402,DEM,2,2,2,2.0,1.0,1.0,4.0,3.0,4.0,5.0
253,1_VID_20231026_124349435__f000922__t021.jpg,263.7503052,209.1776276,557.4778442,937.8934326,0.839375317,129.6920402,DEM,4,2,4,2.0,1.0,1.0,6.0,3.0,6.0,7.0
254,1_VID_20231026_124349435__f000931__t021.jpg,268.3018188,281.9412537,553.8640137,934.8051758,0.87622422,130.1399248,DEM,4,4,4,2.0,1.0,1.0,6.0,5.0,8.0,9.0
255,1_VID_20231026_124349435__f000934__t018.jpg,989.4068604,236.9656982,1181.442505,745.0987549,0.858770549,107.2500075,DEM,4,4,4,2.0,1.0,1.0,6.0,5.0,8.0,9.0
256,1_VID_20231026_124349435__f000943__t004.jpg,1352.962158,215.8225555,1550.493164,732.1582642,0.881365716,128.454342,DEM,4,2,4,2.0,1.0,1.0,6.0,3.0,6.0,7.0
257,1_VID_20231026_124349435__f000944__t010.jpg,482.8464355,213.8911438,678.4162598,813.347229,0.830041528,107.1270994,DEM,3,1,2,2.0,1.0,1.0,5.0,2.0,4.0,5.0
259,1_VID_20231026_124349435__f000983__t016.jpg,35.56235504,319.1223145,319.988678,938.019043,0.840154707,125.275015,DEM,3,2,3,2.0,1.0,1.0,5.0,3.0,4.0,5.0
261,1_VID_20231026_124349435__f001012__t005.jpg,1565.082886,201.3239136,1746.702026,637.3258057,0.864284396,123.0050975,DEM,3,1,2,2.0,1.0,1.0,5.0,2.0,4.0,5.0
262,1_VID_20231026_124349435__f001024__t018.jpg,978.1008301,215.0927887,1166.796143,725.2583008,0.846729815,113.7831245,DEM,4,4,4,2.0,1.0,1.0,6.0,5.0,8.0,9.0
263,1_VID_20231026_124349435__f001033__t004.jpg,1288.378418,175.3029327,1478.960327,702.5245972,0.853928268,120.208175,DEM,3,2,3,2.0,1.0,1.0,5.0,3.0,4.0,5.0
264,1_VID_20231026_124349435__f001034__t010.jpg,492.3173523,243.826004,687.4612427,804.8469238,0.831628382,107.686801,DEM,4,2,4,2.0,1.0,1.0,6.0,3.0,6.0,7.0
266,1_VID_20231026_124349435__f001073__t016.jpg,61.88182068,333.8362122,397.0353699,922.8790894,0.820328116,110.7686712,DEM,5,2,4,2.0,1.0,1.0,7.0,3.0,7.0,8.0
268,1_VID_20231026_124349435__f001102__t005.jpg,1572.955933,216.4432983,1743.580933,721.2687378,0.826816738,109.4722993,DEM,4,2,4,2.0,1.0,1.0,6.0,3.0,6.0,7.0
269,1_VID_20231026_124349435__f001114__t018.jpg,972.7005005,223.9481659,1170.044312,724.664978,0.826995075,123.9410378,DEM,4,4,4,2.0,1.0,1.0,6.0,5.0,8.0,9.0
270,1_VID_20231026_124349435__f001123__t004.jpg,1293.133301,187.4482269,1451.06897,705.2227173,0.834847212,113.1816567,DEM,3,4,3,2.0,1.0,1.0,5.0,5.0,6.0,7.0
271,1_VID_20231026_124349435__f001124__t010.jpg,458.4640503,216.8746796,660.9746094,798.5586548,0.839558244,125.8903936,DEM,3,1,2,2.0,1.0,1.0,5.0,2.0,4.0,5.0
273,1_VID_20231026_124349435__f001163__t016.jpg,55.9262886,336.7672119,361.1493835,933.9378662,0.883476377,125.988328,DEM,4,2,4,2.0,1.0,1.0,6.0,3.0,6.0,7.0
274,1_VID_20231026_124349435__f001192__t005.jpg,1552.208984,214.0207672,1741.94873,709.6472778,0.866745651,125.7397706,DEM,3,1,2,2.0,1.0,1.0,5.0,2.0,4.0,5.0
275,1_VID_20231026_124349435__f001204__t018.jpg,964.822876,233.3858948,1156.421021,742.992981,0.848583698,131.8423454,DEM,3,2,3,2.0,1.0,1.0,5.0,3.0,4.0,5.0
276,1_VID_20231026_124349435__f001213__t004.jpg,1234.68042,191.7188873,1435.269287,747.8883667,0.812965095,128.9709016,DEM,4,1,3,2.0,1.0,1.0,6.0,2.0,6.0,7.0
277,1_VID_20231026_124349435__f001214__t010.jpg,475.5462952,253.2840118,688.8411255,823.0334473,0.793214023,115.2557539,DEM,2,1,1,2.0,1.0,1.0,4.0,2.0,4.0,5.0
279,1_VID_20231026_124349435__f001253__t016.jpg,12.58380318,390.0992126,346.9584351,996.4265747,0.850838244,122.4771667,DEM,6,2,6,2.0,1.0,1.0,8.0,3.0,8.0,9.0
280,1_VID_20231026_124349435__f001282__t005.jpg,1488.792236,252.8291168,1677.645386,640.6119385,0.800634503,124.1483872,DEM,2,2,2,2.0,1.0,1.0,4.0,3.0,4.0,5.0
281,1_VID_20231026_124349435__f001294__t018.jpg,941.4243164,289.4603882,1134.202026,774.7747192,0.875076532,145.5553337,DEM,4,2,4,2.0,1.0,1.0,6.0,3.0,6.0,7.0
282,1_VID_20231026_124349435__f001303__t004.jpg,1218.330444,268.9401245,1402.384277,803.8755493,0.863215387,142.8594347,DEM,5,2,4,2.0,1.0,1.0,7.0,3.0,7.0,8.0
283,1_VID_20231026_124349435__f001304__t010.jpg,438.9135132,305.0115051,616.2141724,859.9387207,0.81404072,121.5380333,DEM,4,2,4,2.0,1.0,1.0,6.0,3.0,6.0,7.0
285,1_VID_20231026_124349435__f001343__t016.jpg,46.15812683,454.3833313,363.6736145,982.0014648,0.855427861,127.2924392,DEM,6,4,7,2.0,1.0,1.0,8.0,5.0,10.0,11.0
286,1_VID_20231026_124349435__f001372__t005.jpg,1536.003174,250.3006897,1708.326416,645.9997559,0.790348291,105.5095697,DEM,3,1,2,2.0,1.0,1.0,5.0,2.0,4.0,5.0
288,1_VID_20231026_124349435__f001384__t018.jpg,956.9749756,307.9969177,1144.986938,796.8307495,0.906638265,113.7805896,DEM,3,4,3,2.0,1.0,1.0,5.0,5.0,6.0,7.0
289,1_VID_20231026_124349435__f001393__t004.jpg,1204.571655,279.4762268,1408.342896,807.8243408,0.880984843,117.0002234,DEM,3,2,3,2.0,1.0,1.0,5.0,3.0,4.0,5.0
290,1_VID_20231026_124349435__f001394__t010.jpg,448.7039185,303.0742188,682.1574707,892.0689087,0.876151383,117.2204476,DEM,3,1,2,2.0,1.0,1.0,5.0,2.0,4.0,5.0
293,1_VID_20231026_124349435__f001433__t016.jpg,155.8030548,314.2289734,458.309967,991.9404297,0.885601223,114.2477545,DEM,4,1,3,2.0,1.0,1.0,6.0,2.0,6.0,7.0
295,1_VID_20231026_124349435__f001439__t025.jpg,1390.23291,0.080706932,1796.640503,987.6384277,0.884374619,106.7258109,DEM,5,2,4,2.0,1.0,1.0,7.0,3.0,7.0,8.0
296,1_VID_20231026_124349435__f001474__t018.jpg,1112.32605,240.7433319,1291.736206,739.5542603,0.833845377,110.1506122,DEM,4,2,4,2.0,1.0,1.0,6.0,3.0,6.0,7.0
298,1_VID_20231026_124349435__f001483__t004.jpg,1397.856934,200.2292938,1581.269531,729.5792236,0.842007577,104.7633884,DEM,3,4,3,2.0,1.0,1.0,5.0,5.0,6.0,7.0
299,1_VID_20231026_124349435__f001484__t010.jpg,630.0109253,218.6541748,865.0911255,818.5930176,0.855139434,101.6674577,DEM,3,1,2,2.0,1.0,1.0,5.0,2.0,4.0,5.0
300,1_VID_20231026_124349435__f001497__t026.jpg,1731.36792,200.2023315,1916.556885,641.0670166,0.611060441,107.28871,DEM,3,1,2,2.0,1.0,1.0,5.0,2.0,4.0,5.0
302,1_VID_20231026_124349435__f001523__t016.jpg,82.05996704,312.9704895,435.4772339,961.3213501,0.904162705,100.6752276,DEM,5,1,4,2.0,1.0,1.0,7.0,2.0,7.0,8.0
303,1_VID_20231026_124349435__f001527__t027.jpg,361.1133728,210.3795013,576.4060669,915.1884155,0.747490168,100.8828747,DEM,3,2,3,2.0,1.0,1.0,5.0,3.0,4.0,5.0
304,1_VID_20231026_124349435__f001529__t025.jpg,1403.53772,348.0732117,1779.358521,952.6900024,0.894674659,101.8389475,DEM,7,4,8,2.0,1.0,1.0,9.0,5.0,10.0,11.0
305,1_VID_20231026_124349435__f001573__t004.jpg,1307.179199,248.0427094,1514.12915,736.7510376,0.840165436,102.1910969,DEM,5,2,4,2.0,1.0,1.0,7.0,3.0,7.0,8.0
306,1_VID_20231026_124349435__f001574__t010.jpg,602.2572632,252.2894745,802.52948,815.9403076,0.874065638,102.7405584,DEM,4,2,4,2.0,1.0,1.0,6.0,3.0,6.0,7.0
307,1_VID_20231026_124349435__f001614__t027.jpg,297.9974365,239.8982697,541.7192383,912.444397,0.846776068,103.0917043,DEM,3,2,3,2.0,1.0,1.0,5.0,3.0,4.0,5.0
308,1_VID_20231026_124349435__f001617__t027.jpg,295.6804504,239.289978,538.5186157,914.8536377,0.856293023,104.3207351,DEM,3,2,3,2.0,1.0,1.0,5.0,3.0,4.0,5.0
310,1_VID_20231026_124349435__f001663__t004.jpg,1258.138428,250.2661438,1470.901733,747.5734863,0.85477525,109.7840758,DEM,2,4,3,2.0,1.0,1.0,4.0,5.0,5.0,6.0
311,1_VID_20231026_124349435__f001664__t010.jpg,530.1439819,239.6547394,727.8961182,798.807312,0.860838056,110.7801833,DEM,3,1,2,2.0,1.0,1.0,5.0,2.0,4.0,5.0
312,1_VID_20231026_124349435__f001676__t028.jpg,981.4487915,202.4557648,1141.769165,775.1564331,0.5149737,109.6563216,DEM,4,1,3,2.0,1.0,1.0,6.0,2.0,6.0,7.0
313,1_VID_20231026_124349435__f001692__t028.jpg,977.2371826,207.2768707,1140.772339,780.4749146,0.442863792,103.6726262,DEM,2,1,1,2.0,1.0,1.0,4.0,2.0,4.0,5.0
315,1_VID_20231026_124349435__f001703__t016.jpg,6.315358639,329.5969238,356.9180908,972.4046021,0.871993124,107.7737353,DEM,6,2,6,2.0,1.0,1.0,8.0,3.0,8.0,9.0
316,1_VID_20231026_124349435__f001709__t025.jpg,1282.109009,378.0075684,1680.856934,967.2229004,0.878083467,107.8986796,DEM,7,4,8,2.0,1.0,1.0,9.0,5.0,10.0,11.0
317,1_VID_20231026_124349435__f001719__t028.jpg,973.1567993,222.4466705,1131.913452,775.6644897,0.545635283,107.907934,DEM,4,1,3,2.0,1.0,1.0,6.0,2.0,6.0,7.0
318,1_VID_20231026_124349435__f001725__t026.jpg,1590.533936,246.342392,1771.620117,630.3024902,0.797834694,108.3150559,DEM,3,1,2,2.0,1.0,1.0,5.0,2.0,4.0,5.0
319,1_VID_20231026_124349435__f001753__t004.jpg,1229.789673,232.7455139,1392.934448,725.9505005,0.688769996,108.3711867,DEM,3,2,3,2.0,1.0,1.0,5.0,3.0,4.0,5.0
320,1_VID_20231026_124349435__f001754__t010.jpg,472.1714172,291.6159973,672.710083,819.6055298,0.830707669,108.4609794,DEM,3,2,3,2.0,1.0,1.0,5.0,3.0,4.0,5.0
321,1_VID_20231026_124349435__f001761__t028.jpg,969.315918,241.5992584,1125.965088,775.6729126,0.851810694,104.3569661,DEM,4,2,4,2.0,1.0,1.0,6.0,3.0,6.0,7.0
322,1_VID_20231026_124349435__f001782__t028.jpg,953.1082153,254.5001984,1118.142212,786.4969482,0.751689553,111.6132331,DEM,4,2,4,2.0,1.0,1.0,6.0,3.0,6.0,7.0
324,1_VID_20231026_124349435__f001799__t025.jpg,1227.223022,395.2158508,1627.512451,986.5721436,0.873851299,107.522227,DEM,7,4,8,2.0,1.0,1.0,9.0,5.0,10.0,11.0
325,1_VID_20231026_124349435__f001806__t028.jpg,942.2880859,254.7492523,1110.051514,790.6871948,0.771625817,107.7833387,DEM,4,2,4,2.0,1.0,1.0,6.0,3.0,6.0,7.0
326,1_VID_20231026_124349435__f001843__t004.jpg,1153.956909,271.6712646,1336.673462,796.4865112,0.851908982,114.6669559,DEM,3,2,3,2.0,1.0,1.0,5.0,3.0,4.0,5.0
327,1_VID_20231026_124349435__f001844__t010.jpg,413.2888794,343.6574402,620.6914063,867.1576538,0.825852931,115.437766,DEM,3,2,3,2.0,1.0,1.0,5.0,3.0,4.0,5.0
328,1_VID_20231026_124349435__f001872__t028.jpg,1006.537781,344.3559875,1173.865723,865.0860596,0.708836198,120.3832827,DEM,4,2,4,2.0,1.0,1.0,6.0,3.0,6.0,7.0
330,1_VID_20231026_124349435__f001883__t016.jpg,25.88061523,441.5203857,378.1964111,1034.926758,0.745950639,123.7045736,DEM,6,2,6,2.0,1.0,1.0,8.0,3.0,8.0,9.0
331,1_VID_20231026_124349435__f001889__t025.jpg,1273.309937,507.1775818,1668.842773,1071.056885,0.903265417,100.666321,DEM,6,4,7,2.0,1.0,1.0,8.0,5.0,10.0,11.0
333,1_VID_20231026_124349435__f001933__t004.jpg,1268.344482,378.454071,1456.932983,888.7468262,0.83209455,117.7163,DEM,3,4,3,2.0,1.0,1.0,5.0,5.0,6.0,7.0
334,1_VID_20231026_124349435__f001962__t028.jpg,1040.777222,341.6827087,1221.34729,859.4043579,0.816399455,111.7582374,DEM,5,2,4,2.0,1.0,1.0,7.0,3.0,7.0,8.0
336,1_VID_20231026_124349435__f001973__t016.jpg,27.85095215,464.0505676,417.6599426,1015.815796,0.897588313,100.1060512,DEM,4,4,4,2.0,1.0,1.0,6.0,5.0,8.0,9.0
338,1_VID_20231026_124349435__f001979__t025.jpg,1315.536987,473.0082397,1700.548828,1064.679199,0.897486389,110.7182601,DEM,6,4,7,2.0,1.0,1.0,8.0,5.0,10.0,11.0
339,1_VID_20231026_124349435__f001995__t026.jpg,1628.58252,344.2982483,1795.66394,712.1358032,0.85904336,112.5273284,DEM,2,1,1,2.0,1.0,1.0,4.0,2.0,4.0,5.0
340,1_VID_20231026_124349435__f002000__t031.jpg,273.4705811,318.3040161,491.8645935,989.5599365,0.713413596,113.6415909,DEM,3,2,3,2.0,1.0,1.0,5.0,3.0,4.0,5.0
341,1_VID_20231026_124349435__f002024__t010.jpg,469.4810486,321.2426453,708.6414185,890.0479736,0.883799136,108.725867,DEM,4,1,3,2.0,1.0,1.0,6.0,2.0,6.0,7.0
345,1_VID_20231026_124349435__f002063__t016.jpg,17.13469315,370.6446838,389.7954712,983.5559082,0.855618894,113.9004143,DEM,3,2,3,2.0,1.0,1.0,5.0,3.0,4.0,5.0
346,1_VID_20231026_124349435__f002069__t025.jpg,1259.943115,456.1187744,1647.089844,1050.357422,0.896823585,115.0024166,DEM,7,4,8,2.0,1.0,1.0,9.0,5.0,10.0,11.0
348,1_VID_20231026_124349435__f002085__t026.jpg,1602.975708,362.7113342,1778.023071,716.8081665,0.855436265,116.1261555,DEM,3,2,3,2.0,1.0,1.0,5.0,3.0,4.0,5.0
350,1_VID_20231026_124349435__f002114__t010.jpg,452.1681213,425.1517944,739.0297241,931.0860596,0.885116279,113.7022241,DEM,4,4,4,2.0,1.0,1.0,6.0,5.0,8.0,9.0
352,1_VID_20231026_124349435__f002153__t016.jpg,17.645998,456.1553955,405.008728,1062.74292,0.834385335,111.1642072,DEM,4,2,4,2.0,1.0,1.0,6.0,3.0,6.0,7.0
353,1_VID_20231026_124349435__f002158__t032.jpg,334.4751892,364.7871399,493.3329773,1039.762695,0.633229971,113.0945734,DEM,4,1,3,2.0,1.0,1.0,6.0,2.0,6.0,7.0
354,1_VID_20231026_124349435__f002159__t025.jpg,1260.440674,530.3723145,1637.198975,1065.521484,0.879895985,113.0747745,DEM,6,4,7,2.0,1.0,1.0,8.0,5.0,10.0,11.0
355,1_VID_20231026_124349435__f002175__t026.jpg,1639.614014,389.8283386,1835.199585,830.0239258,0.854095995,120.1100839,DEM,3,1,2,2.0,1.0,1.0,5.0,2.0,4.0,5.0
356,1_VID_20231026_124349435__f002179__t032.jpg,354.2169495,379.864502,611.1025391,1032.684082,0.789923072,125.8931674,DEM,5,4,5,2.0,1.0,1.0,7.0,5.0,9.0,10.0
358,1_VID_20231026_124349435__f002239__t004.jpg,1426.133667,275.0256653,1661.862183,767.6188354,0.886664629,115.7347335,DEM,2,4,3,2.0,1.0,1.0,4.0,5.0,5.0,6.0
359,1_VID_20231026_124349435__f002254__t033.jpg,1496.664307,367.7980652,1875.289307,966.6269531,0.912214935,126.2644451,DEM,6,4,7,2.0,1.0,1.0,8.0,5.0,10.0,11.0
360,1_VID_20231026_124349435__f002266__t032.jpg,438.7969971,249.7989655,722.3890381,936.1976318,0.786174834,122.8185882,DEM,4,1,3,2.0,1.0,1.0,6.0,2.0,6.0,7.0
361,1_VID_20231026_124349435__f002284__t016.jpg,409.2571106,295.5143433,757.6066895,899.7466431,0.907280445,120.4381708,DEM,4,1,3,2.0,1.0,1.0,6.0,2.0,6.0,7.0
362,1_VID_20231026_124349435__f002290__t033.jpg,1752.571411,309.1387329,1920.0,888.5891724,0.528882265,106.0484742,DEM,2,4,3,2.0,1.0,1.0,4.0,5.0,5.0,6.0
364,1_VID_20231026_124349435__f002374__t016.jpg,394.7327576,342.1474915,726.1831055,923.6275635,0.876891494,110.1344303,DEM,5,2,4,2.0,1.0,1.0,7.0,3.0,7.0,8.0
365,1_VID_20231026_124349435__f002412__t010.jpg,882.6468506,250.5409698,1100.046265,783.6922607,0.823781967,113.8500824,DEM,4,1,3,2.0,1.0,1.0,6.0,2.0,6.0,7.0
366,1_VID_20231026_124349435__f002419__t004.jpg,1581.511475,245.5005646,1810.212158,739.5894775,0.86228627,109.4712171,DEM,3,4,3,2.0,1.0,1.0,5.0,5.0,6.0,7.0
369,1_VID_20231026_124349435__f002464__t016.jpg,404.833374,331.3977661,731.6868896,938.8919678,0.868427932,118.4827432,DEM,4,2,4,2.0,1.0,1.0,6.0,3.0,6.0,7.0
371,1_VID_20231026_124349435__f002502__t010.jpg,871.2529297,271.9248352,1085.499146,818.6385498,0.815618753,111.8747797,DEM,4,1,3,2.0,1.0,1.0,6.0,2.0,6.0,7.0
372,1_VID_20231026_124349435__f002509__t004.jpg,1572.97937,233.0201263,1767.35083,776.3910522,0.862202346,113.7500253,DEM,4,2,4,2.0,1.0,1.0,6.0,3.0,6.0,7.0
373,1_VID_20231026_124349435__f002543__t004.jpg,1495.884644,326.0444641,1712.718994,852.2979736,0.846703708,106.6103322,DEM,3,4,3,2.0,1.0,1.0,5.0,5.0,6.0,7.0
374,1_VID_20231026_124349435__f002558__t016.jpg,286.9125671,431.4578857,657.4779053,1037.401733,0.886548042,118.064944,DEM,4,2,4,2.0,1.0,1.0,6.0,3.0,6.0,7.0
375,1_VID_20231026_124349435__f002592__t032.jpg,569.2193604,303.1435547,763.0395508,968.9529419,0.746401668,122.9199889,DEM,4,2,4,2.0,1.0,1.0,6.0,3.0,6.0,7.0
376,1_VID_20231026_124349435__f002594__t010.jpg,815.4500122,331.0595093,1044.234619,850.2178955,0.819656968,126.6648701,DEM,2,1,1,2.0,1.0,1.0,4.0,2.0,4.0,5.0
377,1_VID_20231026_124349435__f002598__t036.jpg,1290.982056,272.2242126,1486.879395,830.3901978,0.877768695,130.8342303,DEM,4,2,4,2.0,1.0,1.0,6.0,3.0,6.0,7.0
380,1_VID_20231026_124349435__f002648__t016.jpg,318.1329651,279.5974426,608.4840698,935.5516357,0.852223396,105.5925099,DEM,5,1,4,2.0,1.0,1.0,7.0,2.0,7.0,8.0
381,1_VID_20231026_124349435__f002682__t032.jpg,622.8951416,223.2618256,909.3162842,940.1751099,0.806494355,118.3908571,DEM,4,1,3,2.0,1.0,1.0,6.0,2.0,6.0,7.0
382,1_VID_20231026_124349435__f002684__t010.jpg,910.4343262,346.8546143,1136.728394,818.9214478,0.82043308,119.0420013,DEM,4,4,4,2.0,1.0,1.0,6.0,5.0,8.0,9.0
384,1_VID_20231026_124349435__f002705__t004.jpg,1756.608521,284.5528564,1914.874756,690.5289917,0.78745383,217.7487216,DEM,4,1,3,2.0,1.0,1.0,6.0,2.0,6.0,7.0
385,1_VID_20231026_124349435__f002716__t016.jpg,485.6671448,390.0282288,761.5564575,885.4715576,0.796117425,219.3141091,DEM,7,2,7,2.0,1.0,1.0,9.0,3.0,9.0,10.0
387,1_VID_20231026_124349435__f002730__t039.jpg,1494.715454,399.5776367,1789.983765,863.4797363,0.803659141,219.6136373,DEM,7,4,8,2.0,1.0,1.0,9.0,5.0,10.0,11.0
388,1_VID_20231026_124349435__f002740__t040.jpg,1316.643921,291.0898132,1473.715332,715.7062988,0.840806365,184.6078296,DEM,5,1,4,2.0,1.0,1.0,7.0,2.0,7.0,8.0
390,1_VID_20231026_124349435__f002771__t040.jpg,1293.007202,295.9772034,1442.717041,713.2491455,0.839968562,216.6521347,DEM,5,1,4,2.0,1.0,1.0,7.0,2.0,7.0,8.0
391,1_VID_20231026_124349435__f002775__t039.jpg,1446.742554,385.4108582,1731.571167,848.0944214,0.735209167,214.8892279,DEM,6,4,7,2.0,1.0,1.0,8.0,5.0,10.0,11.0
392,1_VID_20231026_124349435__f002777__t010.jpg,736.7484131,284.6072998,892.5437622,753.1369629,0.731517613,207.5467507,DEM,4,1,3,2.0,1.0,1.0,6.0,2.0,6.0,7.0
393,1_VID_20231026_124349435__f002785__t040.jpg,1252.789063,272.4391174,1407.572876,685.7825317,0.822476745,184.0803689,DEM,5,1,4,2.0,1.0,1.0,7.0,2.0,7.0,8.0
394,1_VID_20231026_124349435__f002788__t036.jpg,1425.399658,248.674881,1568.130615,593.5952148,0.814172089,184.4866951,DEM,3,2,3,2.0,1.0,1.0,5.0,3.0,4.0,5.0
395,1_VID_20231026_124349435__f002795__t004.jpg,1766.85022,278.8510742,1914.361938,667.3192749,0.727318108,176.3395399,DEM,3,1,2,2.0,1.0,1.0,5.0,2.0,4.0,5.0
396,1_VID_20231026_124349435__f002806__t016.jpg,402.2255554,420.7066956,666.1262207,920.4929199,0.653866708,186.068464,DEM,7,4,8,2.0,1.0,1.0,9.0,5.0,10.0,11.0
398,1_VID_20231026_124349435__f002820__t039.jpg,1343.333618,403.8475037,1620.711548,868.6985474,0.820681632,192.5825878,DEM,7,4,8,2.0,1.0,1.0,9.0,5.0,10.0,11.0
399,1_VID_20231026_124349435__f002830__t040.jpg,1192.416748,335.6109009,1351.193848,744.7531738,0.852471173,181.7124481,DEM,4,2,4,2.0,1.0,1.0,6.0,3.0,6.0,7.0
404,1_VID_20231026_124349435__f002916__t036.jpg,1190.833618,299.3348083,1345.202759,718.50177,0.865253627,246.4030957,DEM,4,4,4,2.0,1.0,1.0,6.0,5.0,8.0,9.0
405,1_VID_20231026_124349435__f002919__t010.jpg,675.1705322,315.2788696,829.1724854,780.2000122,0.799176216,242.8518537,DEM,3,1,2,2.0,1.0,1.0,5.0,2.0,4.0,5.0
408,1_VID_20231026_124349435__f002963__t004.jpg,1695.316284,281.2467346,1847.92334,688.5884399,0.811711788,231.3003882,DEM,3,1,2,2.0,1.0,1.0,5.0,2.0,4.0,5.0
410,1_VID_20231026_124349435__f002976__t016.jpg,400.8266296,486.2451477,663.0221558,950.8999634,0.748414338,235.5997852,DEM,5,1,4,2.0,1.0,1.0,7.0,2.0,7.0,8.0
413,1_VID_20231026_124349435__f003006__t036.jpg,1246.23938,339.2911072,1417.907959,754.3311157,0.895193934,236.5928959,DEM,3,2,3,2.0,1.0,1.0,5.0,3.0,4.0,5.0
414,1_VID_20231026_124349435__f003009__t010.jpg,737.4710083,397.0169067,896.3375244,814.4663696,0.802447557,225.8066335,DEM,4,1,3,2.0,1.0,1.0,6.0,2.0,6.0,7.0
417,1_VID_20231026_124349435__f003053__t004.jpg,1736.341553,370.4233398,1889.990967,786.0582886,0.813379884,228.4695218,DEM,4,1,3,2.0,1.0,1.0,6.0,2.0,6.0,7.0
421,1_VID_20231026_124349435__f003066__t016.jpg,364.7522278,444.322113,651.6629639,926.211731,0.857404947,240.9764688,DEM,4,2,4,2.0,1.0,1.0,6.0,3.0,6.0,7.0
423,1_VID_20231026_124349435__f003096__t036.jpg,1245.945435,384.0929565,1426.859375,750.0002441,0.851883054,241.4818485,DEM,3,4,3,2.0,1.0,1.0,5.0,5.0,6.0,7.0
424,1_VID_20231026_124349435__f003099__t010.jpg,703.5540771,390.97052,852.9137573,823.8417969,0.737151444,240.8034239,DEM,4,2,4,2.0,1.0,1.0,6.0,3.0,6.0,7.0
427,1_VID_20231026_124349435__f003140__t050.jpg,1365.417114,511.7964478,1698.263672,947.499939,0.852363229,228.0015271,DEM,7,4,8,2.0,1.0,1.0,9.0,5.0,10.0,11.0
428,1_VID_20231026_124349435__f003143__t004.jpg,1711.30127,426.003418,1862.995117,845.8759155,0.875382841,231.6366133,DEM,3,2,3,2.0,1.0,1.0,5.0,3.0,4.0,5.0
430,1_VID_20231026_124349435__f003156__t016.jpg,310.2778625,437.7284546,550.7427979,950.868042,0.877250135,243.3360232,DEM,4,1,3,2.0,1.0,1.0,6.0,2.0,6.0,7.0
431,1_VID_20231026_124349435__f003179__t048.jpg,552.3753662,438.938385,750.9402466,947.3782959,0.845424175,241.3328384,DEM,4,4,4,2.0,1.0,1.0,6.0,5.0,8.0,9.0
432,1_VID_20231026_124349435__f003186__t036.jpg,1203.455566,414.2948303,1394.902588,820.1478271,0.846442401,242.6229033,DEM,3,4,3,2.0,1.0,1.0,5.0,5.0,6.0,7.0
433,1_VID_20231026_124349435__f003189__t010.jpg,666.5656738,462.3189087,870.8460083,876.6793213,0.831323206,240.1985553,DEM,3,4,3,2.0,1.0,1.0,5.0,5.0,6.0,7.0
435,1_VID_20231026_124349435__f003224__t048.jpg,592.6413574,419.6591492,820.4112549,946.4763184,0.860123634,238.5030824,DEM,3,4,3,2.0,1.0,1.0,5.0,5.0,6.0,7.0
436,1_VID_20231026_124349435__f003230__t050.jpg,1416.228516,501.5402222,1755.522583,958.2897949,0.839687467,232.5943995,DEM,7,4,8,2.0,1.0,1.0,9.0,5.0,10.0,11.0
439,1_VID_20231026_124349435__f003246__t016.jpg,391.9040527,506.9156799,654.1870728,994.3388672,0.888371825,242.8873836,DEM,4,2,4,2.0,1.0,1.0,6.0,3.0,6.0,7.0
440,1_VID_20231026_124349435__f003269__t048.jpg,654.8895874,441.6632385,875.9477539,971.1079102,0.780811787,243.4375931,DEM,4,4,4,2.0,1.0,1.0,6.0,5.0,8.0,9.0
441,1_VID_20231026_124349435__f003276__t036.jpg,1320.978882,413.6642456,1506.435059,824.7021484,0.867799819,257.3178306,DEM,3,4,3,2.0,1.0,1.0,5.0,5.0,6.0,7.0
442,1_VID_20231026_124349435__f003279__t010.jpg,863.0263672,429.7127991,1006.376892,856.2932739,0.81717509,261.8819547,DEM,4,1,3,2.0,1.0,1.0,6.0,2.0,6.0,7.0
447,1_VID_20231026_124349435__f003336__t016.jpg,412.4320068,476.6911011,671.43927,960.4221191,0.888400137,270.2981531,DEM,4,2,4,2.0,1.0,1.0,6.0,3.0,6.0,7.0
450,1_VID_20231026_124349435__f003366__t036.jpg,1290.881226,409.8015442,1444.437866,814.2790527,0.837780893,262.1228561,DEM,3,4,3,2.0,1.0,1.0,5.0,5.0,6.0,7.0
451,1_VID_20231026_124349435__f003369__t010.jpg,813.9642334,393.7362671,983.8381958,848.9049072,0.790994108,258.2299232,DEM,5,2,4,2.0,1.0,1.0,7.0,3.0,7.0,8.0
453,1_VID_20231026_124349435__f003410__t050.jpg,1413.592285,506.1689148,1751.977417,978.9758301,0.899504781,257.8067506,DEM,6,2,6,2.0,1.0,1.0,8.0,3.0,8.0,9.0
454,1_VID_20231026_124349435__f003413__t004.jpg,1766.080322,416.9526062,1910.0448,815.541626,0.839017332,262.711718,DEM,4,1,3,2.0,1.0,1.0,6.0,2.0,6.0,7.0
456,1_VID_20231026_124349435__f003426__t016.jpg,352.0014343,485.6043091,646.9842529,956.8279419,0.85158354,263.3414258,DEM,5,1,4,2.0,1.0,1.0,7.0,2.0,7.0,8.0
458,1_VID_20231026_124349435__f003456__t036.jpg,1225.684448,431.2888794,1373.636597,804.9584351,0.824681222,241.8779986,DEM,3,4,3,2.0,1.0,1.0,5.0,5.0,6.0,7.0
459,1_VID_20231026_124349435__f003459__t010.jpg,763.2597656,406.9208374,925.4247437,840.8563232,0.749859035,246.5900989,DEM,2,1,1,2.0,1.0,1.0,4.0,2.0,4.0,5.0
461,1_VID_20231026_124349435__f003500__t050.jpg,1376.849854,503.2718201,1716.057617,973.989624,0.892343223,248.2854079,DEM,7,2,7,2.0,1.0,1.0,9.0,3.0,9.0,10.0
462,1_VID_20231026_124349435__f003503__t004.jpg,1626.669922,391.6326294,1821.279175,811.8984375,0.862339973,239.0273088,DEM,4,2,4,2.0,1.0,1.0,6.0,3.0,6.0,7.0
464,1_VID_20231026_124349435__f003516__t016.jpg,418.0002136,442.3306274,744.1778564,969.9419556,0.85514909,240.5046705,DEM,4,2,4,2.0,1.0,1.0,6.0,3.0,6.0,7.0
466,1_VID_20231026_124349435__f003546__t036.jpg,1242.744995,440.3223572,1390.578003,859.9647217,0.837714314,233.3154726,DEM,3,2,3,2.0,1.0,1.0,5.0,3.0,4.0,5.0
467,1_VID_20231026_124349435__f003549__t010.jpg,734.3104248,439.4360657,933.9276733,891.7372437,0.81578666,237.358572,DEM,3,4,3,2.0,1.0,1.0,5.0,5.0,6.0,7.0
468,1_VID_20231026_124349435__f003569__t055.jpg,590.2355347,447.1158142,784.6408691,976.0209351,0.763430119,232.37432,DEM,4,2,4,2.0,1.0,1.0,6.0,3.0,6.0,7.0
470,1_VID_20231026_124349435__f003590__t050.jpg,1427.203857,501.746521,1762.371216,975.3169556,0.881315529,239.8810016,DEM,7,4,8,2.0,1.0,1.0,9.0,5.0,10.0,11.0
471,1_VID_20231026_124349435__f003593__t004.jpg,1669.701172,393.7588806,1813.901733,804.6289673,0.868644178,238.3197418,DEM,4,1,3,2.0,1.0,1.0,6.0,2.0,6.0,7.0
474,1_VID_20231026_124349435__f003606__t016.jpg,377.5756836,430.9595947,651.7893677,911.250061,0.893138409,232.0729224,DEM,4,2,4,2.0,1.0,1.0,6.0,3.0,6.0,7.0
476,1_VID_20231026_124349435__f003636__t036.jpg,1226.992188,337.1026306,1383.524658,780.7761841,0.860938787,244.1009915,DEM,4,2,4,2.0,1.0,1.0,6.0,3.0,6.0,7.0
477,1_VID_20231026_124349435__f003639__t010.jpg,786.0932007,373.5873718,957.8847046,803.2357788,0.660615563,247.6654735,DEM,2,1,1,2.0,1.0,1.0,4.0,2.0,4.0,5.0
481,1_VID_20231026_124349435__f003676__t055.jpg,554.4042358,406.9660645,747.3876343,941.8894653,0.813131213,219.4293793,DEM,4,4,4,2.0,1.0,1.0,6.0,5.0,8.0,9.0
482,1_VID_20231026_124349435__f003680__t050.jpg,1320.01355,499.0416565,1736.744507,961.5703125,0.888845265,216.167407,DEM,7,2,7,2.0,1.0,1.0,9.0,3.0,9.0,10.0
483,1_VID_20231026_124349435__f003683__t004.jpg,1604.521973,357.2949219,1759.635742,785.8911743,0.611424327,216.9632535,DEM,4,2,4,2.0,1.0,1.0,6.0,3.0,6.0,7.0
486,1_VID_20231026_124349435__f003696__t016.jpg,303.3092346,438.0260315,558.7431641,926.8851929,0.894337237,207.5225347,DEM,4,1,3,2.0,1.0,1.0,6.0,2.0,6.0,7.0
489,1_VID_20231026_124349435__f003726__t036.jpg,1213.650024,369.7445374,1348.562744,789.897644,0.873381555,228.0908667,DEM,3,2,3,2.0,1.0,1.0,5.0,3.0,4.0,5.0
490,1_VID_20231026_124349435__f003729__t010.jpg,742.8693237,412.8206482,916.9862061,835.1326294,0.758048058,230.9334541,DEM,3,2,3,2.0,1.0,1.0,5.0,3.0,4.0,5.0
495,1_VID_20231026_124349435__f003784__t045.jpg,1418.447144,380.9936523,1561.864502,800.7202759,0.844652653,241.3342187,DEM,4,4,4,2.0,1.0,1.0,6.0,5.0,8.0,9.0
496,1_VID_20231026_124349435__f003786__t016.jpg,393.1309509,451.1460266,665.3964844,931.8209229,0.888025641,240.2544121,DEM,4,2,4,2.0,1.0,1.0,6.0,3.0,6.0,7.0
498,1_VID_20231026_124349435__f003816__t036.jpg,1211.405762,363.795166,1350.500122,790.5444336,0.84607923,245.3134726,DEM,3,2,3,2.0,1.0,1.0,5.0,3.0,4.0,5.0
499,1_VID_20231026_124349435__f003819__t010.jpg,736.6611328,405.2164917,923.9385986,829.6181641,0.801882982,246.8210701,DEM,3,2,3,2.0,1.0,1.0,5.0,3.0,4.0,5.0
502,1_VID_20231026_124349435__f003874__t045.jpg,1224.502563,463.008667,1367.243652,891.1273804,0.861726463,220.5155205,DEM,3,4,3,2.0,1.0,1.0,5.0,5.0,6.0,7.0
503,1_VID_20231026_124349435__f003876__t016.jpg,181.6128845,507.8659973,514.9399414,1022.93512,0.854969859,223.6058905,DEM,4,2,4,2.0,1.0,1.0,6.0,3.0,6.0,7.0
504,1_VID_20231026_124349435__f003886__t058.jpg,1578.143311,516.1984863,1779.205322,953.5325317,0.907672524,223.8965567,DEM,3,1,2,2.0,1.0,1.0,5.0,2.0,4.0,5.0
505,1_VID_20231026_124349435__f003906__t036.jpg,1072.925659,448.5185547,1235.879639,864.0330811,0.880705059,213.7067517,DEM,4,2,4,2.0,1.0,1.0,6.0,3.0,6.0,7.0
506,1_VID_20231026_124349435__f003909__t010.jpg,591.2470093,434.7711487,783.8100586,892.4874878,0.742097795,211.466273,DEM,2,4,3,2.0,1.0,1.0,4.0,5.0,5.0,6.0
509,1_VID_20231026_124349435__f003964__t045.jpg,1289.30835,456.3282471,1457.920044,885.9880981,0.850578547,219.9444212,DEM,3,2,3,2.0,1.0,1.0,5.0,3.0,4.0,5.0
512,1_VID_20231026_124349435__f003976__t058.jpg,1687.359985,526.446167,1861.866943,964.5900269,0.850768209,214.9502734,DEM,5,2,4,2.0,1.0,1.0,7.0,3.0,7.0,8.0
514,1_VID_20231026_124349435__f003996__t036.jpg,1099.393066,460.8365784,1290.794434,869.2108765,0.877959847,225.5576437,DEM,3,2,3,2.0,1.0,1.0,5.0,3.0,4.0,5.0
515,1_VID_20231026_124349435__f003999__t010.jpg,667.1841431,465.6539307,874.9423828,892.8070068,0.813339353,209.1640967,DEM,3,1,2,2.0,1.0,1.0,5.0,2.0,4.0,5.0
517,1_VID_20231026_124349435__f004043__t004.jpg,1559.408936,460.4449768,1697.248169,859.1063232,0.834088624,229.0341141,DEM,5,1,4,2.0,1.0,1.0,7.0,2.0,7.0,8.0
518,1_VID_20231026_124349435__f004054__t045.jpg,1272.985962,459.9739075,1433.233643,882.2999268,0.855419874,229.7424877,DEM,3,4,3,2.0,1.0,1.0,5.0,5.0,6.0,7.0
519,1_VID_20231026_124349435__f004056__t016.jpg,223.1941681,479.6283264,522.6958008,990.7375488,0.604311585,233.0107812,DEM,4,4,4,2.0,1.0,1.0,6.0,5.0,8.0,9.0
521,1_VID_20231026_124349435__f004066__t058.jpg,1664.30896,487.7797852,1831.803223,919.4381714,0.857666612,224.8321674,DEM,4,2,4,2.0,1.0,1.0,6.0,3.0,6.0,7.0
523,1_VID_20231026_124349435__f004086__t036.jpg,1139.230225,433.0475464,1325.518066,844.1090088,0.893098474,221.2881057,DEM,3,4,3,2.0,1.0,1.0,5.0,5.0,6.0,7.0
524,1_VID_20231026_124349435__f004089__t010.jpg,707.6800537,442.194458,905.9944458,862.8421631,0.839200735,221.3677686,DEM,4,1,3,2.0,1.0,1.0,6.0,2.0,6.0,7.0
528,1_VID_20231026_124349435__f004133__t004.jpg,1527.110718,464.2249451,1681.893066,882.4152222,0.808015466,220.8660573,DEM,3,2,3,2.0,1.0,1.0,5.0,3.0,4.0,5.0
530,1_VID_20231026_124349435__f004144__t045.jpg,1250.545776,488.638855,1390.985718,905.5474854,0.852517247,222.0196793,DEM,4,4,4,2.0,1.0,1.0,6.0,5.0,8.0,9.0
531,1_VID_20231026_124349435__f004146__t016.jpg,208.1866302,490.6078491,504.5434875,1031.555542,0.862310708,218.3777435,DEM,4,4,4,2.0,1.0,1.0,6.0,5.0,8.0,9.0
532,1_VID_20231026_124349435__f004156__t058.jpg,1634.405151,582.8064575,1800.369141,979.1917114,0.848859251,214.2020269,DEM,4,2,4,2.0,1.0,1.0,6.0,3.0,6.0,7.0
533,1_VID_20231026_124349435__f004162__t064.jpg,375.8049011,483.9535522,545.1904907,1009.437439,0.505936801,217.069904,DEM,3,2,3,2.0,1.0,1.0,5.0,3.0,4.0,5.0
536,1_VID_20231026_124349435__f004176__t036.jpg,1096.503784,501.8897095,1278.258423,922.499939,0.853878736,228.3727373,DEM,2,4,3,2.0,1.0,1.0,4.0,5.0,5.0,6.0
537,1_VID_20231026_124349435__f004179__t010.jpg,680.5552979,542.675354,863.7807617,957.4695435,0.757258594,225.5662571,DEM,3,1,2,2.0,1.0,1.0,5.0,2.0,4.0,5.0
538,1_VID_20231026_124349435__f004194__t064.jpg,365.1834412,480.3924255,574.850647,1045.512451,0.877691984,222.6625553,DEM,3,2,3,2.0,1.0,1.0,5.0,3.0,4.0,5.0
539,1_VID_20231026_124349435__f004223__t004.jpg,1529.841187,512.5794067,1692.443726,928.9229126,0.846128047,235.7531726,DEM,5,1,4,2.0,1.0,1.0,7.0,2.0,7.0,8.0
540,1_VID_20231026_124349435__f004234__t045.jpg,1237.32373,550.151123,1366.497192,948.3121338,0.830373645,242.4868115,DEM,4,4,4,2.0,1.0,1.0,6.0,5.0,8.0,9.0
541,1_VID_20231026_124349435__f004236__t016.jpg,96.11960602,544.4476318,369.0245056,1044.537964,0.606731236,246.4450731,DEM,4,1,3,2.0,1.0,1.0,6.0,2.0,6.0,7.0
542,1_VID_20231026_124349435__f004239__t064.jpg,362.6199341,467.1662292,568.7521362,1029.258301,0.852349401,247.1925668,DEM,3,2,3,2.0,1.0,1.0,5.0,3.0,4.0,5.0
543,1_VID_20231026_124349435__f004246__t058.jpg,1613.430908,600.6754761,1792.427612,1001.694946,0.811643004,247.8225448,DEM,4,2,4,2.0,1.0,1.0,6.0,3.0,6.0,7.0
544,1_VID_20231026_124349435__f004252__t064.jpg,349.8139954,469.0976257,565.0029297,1029.638428,0.870939791,256.834402,DEM,3,2,3,2.0,1.0,1.0,5.0,3.0,4.0,5.0
545,1_VID_20231026_124349435__f004266__t036.jpg,1083.038208,522.0656128,1264.680298,926.6781006,0.856475413,258.9823389,DEM,3,4,3,2.0,1.0,1.0,5.0,5.0,6.0,7.0
547,1_VID_20231026_124349435__f004284__t064.jpg,354.7451782,487.6062012,580.2838745,1055.338989,0.794838786,248.8208954,DEM,4,2,4,2.0,1.0,1.0,6.0,3.0,6.0,7.0
550,1_VID_20231026_124349435__f004324__t045.jpg,1160.236084,533.1721191,1297.327026,917.6658325,0.802545846,251.7099366,DEM,3,4,3,2.0,1.0,1.0,5.0,5.0,6.0,7.0
552,1_VID_20231026_124349435__f004326__t016.jpg,77.7183609,541.5768433,383.861084,1049.377197,0.862297177,249.6408672,DEM,6,2,6,2.0,1.0,1.0,8.0,3.0,8.0,9.0
553,1_VID_20231026_124349435__f004329__t064.jpg,255.5930023,460.7453613,473.5188599,1033.819092,0.795021415,248.7166888,DEM,3,4,3,2.0,1.0,1.0,5.0,5.0,6.0,7.0
554,1_VID_20231026_124349435__f004336__t058.jpg,1521.625122,513.390625,1685.962769,937.9752808,0.839785397,249.2129466,DEM,4,2,4,2.0,1.0,1.0,6.0,3.0,6.0,7.0
557,1_VID_20231026_124349435__f004356__t036.jpg,980.4835205,460.3973694,1148.212158,863.1889648,0.874899864,258.3077146,DEM,4,4,4,2.0,1.0,1.0,6.0,5.0,8.0,9.0
562,1_VID_20231026_124349435__f004403__t004.jpg,1391.72168,457.8564453,1528.002563,866.9299316,0.873400629,228.9105262,DEM,3,2,3,2.0,1.0,1.0,5.0,3.0,4.0,5.0
564,1_VID_20231026_124349435__f004414__t045.jpg,1149.87915,495.428894,1285.536987,892.307312,0.885549366,239.6338263,DEM,3,2,3,2.0,1.0,1.0,5.0,3.0,4.0,5.0
565,1_VID_20231026_124349435__f004416__t016.jpg,92.87269592,556.324585,384.5093079,1029.047607,0.871441305,238.9856827,DEM,4,4,4,2.0,1.0,1.0,6.0,5.0,8.0,9.0
567,1_VID_20231026_124349435__f004426__t058.jpg,1508.00354,548.6574097,1665.315918,942.7662354,0.844090939,250.433716,DEM,4,2,4,2.0,1.0,1.0,6.0,3.0,6.0,7.0
569,1_VID_20231026_124349435__f004446__t036.jpg,958.7546387,446.7736206,1106.019043,875.0333252,0.853719532,207.9158555,DEM,4,2,4,2.0,1.0,1.0,6.0,3.0,6.0,7.0
570,1_VID_20231026_124349435__f004449__t010.jpg,561.8765869,460.2802734,761.9814453,910.2249756,0.861070573,243.9231336,DEM,2,1,1,2.0,1.0,1.0,4.0,2.0,4.0,5.0
574,1_VID_20231026_124349435__f004493__t004.jpg,1410.964844,467.6784363,1552.525269,864.7863159,0.806998491,225.7339873,DEM,3,1,2,2.0,1.0,1.0,5.0,2.0,4.0,5.0
575,1_VID_20231026_124349435__f004504__t045.jpg,1136.183594,476.7858887,1281.621704,881.4730225,0.850559473,228.1928026,DEM,5,2,4,2.0,1.0,1.0,7.0,3.0,7.0,8.0
578,1_VID_20231026_124349435__f004516__t058.jpg,1520.830322,509.7931213,1680.747803,950.6953735,0.837454855,230.0518868,DEM,4,2,4,2.0,1.0,1.0,6.0,3.0,6.0,7.0
580,1_VID_20231026_124349435__f004536__t036.jpg,1004.655945,452.4402161,1159.020142,869.1538696,0.861177683,236.8745604,DEM,4,2,4,2.0,1.0,1.0,6.0,3.0,6.0,7.0
581,1_VID_20231026_124349435__f004539__t010.jpg,591.3426514,487.684845,777.4121704,899.3264771,0.856128991,242.5125365,DEM,4,4,4,2.0,1.0,1.0,6.0,5.0,8.0,9.0
584,1_VID_20231026_124349435__f004583__t004.jpg,1379.605347,465.907196,1527.14624,860.5452881,0.865191758,239.0726845,DEM,4,4,4,2.0,1.0,1.0,6.0,5.0,8.0,9.0
585,1_VID_20231026_124349435__f004594__t045.jpg,1103.143066,500.1347656,1255.076416,892.3467407,0.838592947,228.7675446,DEM,3,4,3,2.0,1.0,1.0,5.0,5.0,6.0,7.0
586,1_VID_20231026_124349435__f004596__t016.jpg,21.92858887,513.6352539,304.8179321,1016.733154,0.814422369,227.5617168,DEM,4,4,4,2.0,1.0,1.0,6.0,5.0,8.0,9.0
587,1_VID_20231026_124349435__f004602__t070.jpg,162.5597229,423.2260132,342.880249,968.668457,0.8281793,229.681034,DEM,4,4,4,2.0,1.0,1.0,6.0,5.0,8.0,9.0
588,1_VID_20231026_124349435__f004606__t058.jpg,1455.470215,536.6286011,1629.333984,940.8796997,0.871836782,230.7823775,DEM,5,2,4,2.0,1.0,1.0,7.0,3.0,7.0,8.0
589,1_VID_20231026_124349435__f004616__t070.jpg,257.6788025,376.7192993,452.4961243,924.6691895,0.837380052,235.1519913,DEM,3,2,3,2.0,1.0,1.0,5.0,3.0,4.0,5.0
590,1_VID_20231026_124349435__f004626__t036.jpg,999.3324585,353.6507568,1176.625854,768.2880859,0.865204394,234.1784457,DEM,2,4,3,2.0,1.0,1.0,4.0,5.0,5.0,6.0
591,1_VID_20231026_124349435__f004629__t010.jpg,568.9752197,335.0760803,758.1812744,806.1082764,0.832076728,233.7412852,DEM,4,1,3,2.0,1.0,1.0,6.0,2.0,6.0,7.0
592,1_VID_20231026_124349435__f004658__t016.jpg,53.48017883,555.1282349,322.1969299,1036.958618,0.856445014,228.2008619,DEM,4,4,4,2.0,1.0,1.0,6.0,5.0,8.0,9.0
594,1_VID_20231026_124349435__f004673__t045.jpg,1162.030762,509.1802979,1311.35437,892.6185303,0.857205093,228.5232564,DEM,3,4,3,2.0,1.0,1.0,5.0,5.0,6.0,7.0
596,1_VID_20231026_124349435__f004683__t010.jpg,548.9446411,472.3368835,731.5216675,918.4336548,0.831899643,227.789239,DEM,3,1,2,2.0,1.0,1.0,5.0,2.0,4.0,5.0
597,1_VID_20231026_124349435__f004709__t004.jpg,1332.10498,585.4003906,1468.982056,868.5365601,0.620196164,231.6702634,DEM,4,4,4,2.0,1.0,1.0,6.0,5.0,8.0,9.0
598,1_VID_20231026_124349435__f004716__t036.jpg,938.1246948,478.7389832,1120.383911,886.210144,0.882510126,221.3682622,DEM,4,4,4,2.0,1.0,1.0,6.0,5.0,8.0,9.0
599,1_VID_20231026_124349435__f004733__t058.jpg,1419.172241,651.7287598,1680.025513,944.3360596,0.859377027,236.5247257,DEM,5,5,6,2.0,1.0,1.0,7.0,6.0,9.0,10.0
600,1_VID_20231026_124349435__f004748__t016.jpg,0.0,572.3832397,272.3897705,1057.890503,0.754995108,239.3571863,DEM,4,4,4,2.0,1.0,1.0,6.0,5.0,8.0,9.0
602,1_VID_20231026_124349435__f004763__t045.jpg,1055.113647,526.7501831,1212.42334,922.6846313,0.84917444,264.3936976,DEM,4,4,4,2.0,1.0,1.0,6.0,5.0,8.0,9.0
604,1_VID_20231026_124349435__f004773__t010.jpg,451.6344604,511.3550415,650.9042358,928.4690552,0.687275112,255.8943609,DEM,3,4,3,2.0,1.0,1.0,5.0,5.0,6.0,7.0
607,1_VID_20231026_124349435__f004823__t058.jpg,1422.140747,583.4039917,1724.40686,961.7711182,0.810639739,258.9105461,DEM,6,4,7,2.0,1.0,1.0,8.0,5.0,10.0,11.0
608,1_VID_20231026_124349435__f004838__t016.jpg,86.43521118,548.4654541,352.7784729,1005.614319,0.863271534,251.4348971,DEM,6,4,7,2.0,1.0,1.0,8.0,5.0,10.0,11.0
610,1_VID_20231026_124349435__f004853__t045.jpg,1115.374268,526.0143433,1271.789673,906.4004517,0.856047332,249.6314888,DEM,2,4,3,2.0,1.0,1.0,4.0,5.0,5.0,6.0
612,1_VID_20231026_124349435__f004863__t010.jpg,482.6445923,470.4219971,672.9506836,928.0124512,0.760914207,220.8802455,DEM,3,1,2,2.0,1.0,1.0,5.0,2.0,4.0,5.0
613,1_VID_20231026_124349435__f004889__t004.jpg,1310.563965,483.9308777,1443.211182,872.0180664,0.867388129,242.2230035,DEM,4,1,3,2.0,1.0,1.0,6.0,2.0,6.0,7.0
614,1_VID_20231026_124349435__f004896__t036.jpg,950.4292603,476.9353027,1081.300781,894.453064,0.856140912,235.8201865,DEM,4,2,4,2.0,1.0,1.0,6.0,3.0,6.0,7.0
615,1_VID_20231026_124349435__f004913__t058.jpg,1414.267578,615.107605,1694.737061,947.4502563,0.881370723,241.7293328,DEM,7,7,9,2.0,1.0,1.0,9.0,8.0,11.0,12.0
616,1_VID_20231026_124349435__f004928__t016.jpg,83.3214035,490.60495,408.0567322,1009.316406,0.876017869,235.8252688,DEM,3,1,2,2.0,1.0,1.0,5.0,2.0,4.0,5.0
617,1_VID_20231026_124349435__f004943__t045.jpg,1161.73584,439.1696777,1300.98877,838.2513428,0.874177039,225.3785753,DEM,2,4,3,2.0,1.0,1.0,4.0,5.0,5.0,6.0
619,1_VID_20231026_124349435__f004953__t010.jpg,466.5399475,404.2143555,678.7873535,877.9604492,0.852999985,229.3618142,DEM,4,1,3,2.0,1.0,1.0,6.0,2.0,6.0,7.0
621,1_VID_20231026_124349435__f004979__t004.jpg,1325.542969,429.7714233,1468.893188,841.1977539,0.88667649,236.6044058,DEM,4,2,4,2.0,1.0,1.0,6.0,3.0,6.0,7.0
623,1_VID_20231026_124349435__f005003__t058.jpg,1471.794922,634.8550415,1739.650635,976.6547852,0.89636755,236.200975,DEM,6,5,8,2.0,1.0,1.0,8.0,6.0,10.0,11.0
624,1_VID_20231026_124349435__f005018__t016.jpg,65.03582764,542.3044434,357.2445374,1070.945068,0.856789291,221.3821486,DEM,4,1,3,2.0,1.0,1.0,6.0,2.0,6.0,7.0
627,1_VID_20231026_124349435__f005043__t010.jpg,588.9837646,437.4443359,786.5430298,855.9924927,0.805550814,237.4981803,DEM,3,2,3,2.0,1.0,1.0,5.0,3.0,4.0,5.0
628,1_VID_20231026_124349435__f005052__t073.jpg,350.4769592,451.9798279,581.4604492,994.0893555,0.824369371,233.3230934,DEM,4,2,4,2.0,1.0,1.0,6.0,3.0,6.0,7.0
630,1_VID_20231026_124349435__f005076__t036.jpg,1035.090088,440.8707275,1163.722534,864.7362061,0.831230342,236.1854741,DEM,3,1,2,2.0,1.0,1.0,5.0,2.0,4.0,5.0
631,1_VID_20231026_124349435__f005093__t058.jpg,1636.018433,653.8019409,1911.626831,1006.199646,0.863511801,238.2078236,DEM,6,5,8,2.0,1.0,1.0,8.0,6.0,10.0,11.0
632,1_VID_20231026_124349435__f005123__t004.jpg,1561.500977,480.5290833,1714.311646,879.0192871,0.735318124,227.3137492,DEM,4,1,3,2.0,1.0,1.0,6.0,2.0,6.0,7.0
633,1_VID_20231026_124349435__f005125__t016.jpg,236.338913,588.0886841,533.3516846,1071.537842,0.90243721,227.6183521,DEM,3,2,3,2.0,1.0,1.0,5.0,3.0,4.0,5.0
636,1_VID_20231026_124349435__f005163__t036.jpg,951.736084,477.085907,1089.454102,879.1964722,0.851339817,229.044618,DEM,3,2,3,2.0,1.0,1.0,5.0,3.0,4.0,5.0
639,1_VID_20231026_124349435__f005194__t073.jpg,175.6973877,510.5812378,401.8580627,1002.799683,0.817007005,239.0758271,DEM,3,2,3,2.0,1.0,1.0,5.0,3.0,4.0,5.0
641,1_VID_20231026_124349435__f005218__t036.jpg,898.7692261,435.7774353,1051.930054,868.9690552,0.881257653,237.9303941,DEM,3,4,3,2.0,1.0,1.0,5.0,5.0,6.0,7.0
643,1_VID_20231026_124349435__f005243__t004.jpg,1342.28833,463.2151794,1480.77771,856.1486816,0.842990756,225.019842,DEM,3,2,3,2.0,1.0,1.0,5.0,3.0,4.0,5.0
646,1_VID_20231026_124349435__f005256__t082.jpg,453.424469,452.5924072,585.0095825,887.2418823,0.675587475,217.4904248,DEM,4,1,3,2.0,1.0,1.0,6.0,2.0,6.0,7.0
647,1_VID_20231026_124349435__f005260__t016.jpg,0.139008224,504.7924194,253.9369812,991.8521118,0.867922843,226.395405,DEM,4,2,4,2.0,1.0,1.0,6.0,3.0,6.0,7.0
648,1_VID_20231026_124349435__f005264__t058.jpg,1423.137573,595.0875854,1680.700317,934.1971436,0.877473235,217.808122,DEM,6,5,8,2.0,1.0,1.0,8.0,6.0,10.0,11.0
650,1_VID_20231026_124349435__f005276__t045.jpg,1102.423584,496.5772705,1242.70459,861.633667,0.830344558,225.7320403,DEM,2,4,3,2.0,1.0,1.0,4.0,5.0,5.0,6.0
651,1_VID_20231026_124349435__f005284__t073.jpg,287.394989,467.7783813,520.0391846,988.0548706,0.847965419,226.728592,DEM,3,4,3,2.0,1.0,1.0,5.0,5.0,6.0,7.0
654,1_VID_20231026_124349435__f005308__t036.jpg,902.2116089,424.2551575,1047.073853,854.5280151,0.787676454,227.7991399,DEM,3,2,3,2.0,1.0,1.0,5.0,3.0,4.0,5.0
662,1_VID_20231026_124349435__f005392__t045.jpg,1292.883301,373.2160339,1461.102905,808.8290405,0.872566044,253.3744089,DEM,2,4,3,2.0,1.0,1.0,4.0,5.0,5.0,6.0
663,1_VID_20231026_124349435__f005393__t085.jpg,675.2166138,398.605957,809.5950317,840.6101074,0.747684717,251.6031028,DEM,4,1,3,2.0,1.0,1.0,6.0,2.0,6.0,7.0
668,1_VID_20231026_124349435__f005431__t016.jpg,132.2377167,491.1899719,412.9529419,998.7037964,0.905628145,240.3805088,DEM,3,1,2,2.0,1.0,1.0,5.0,2.0,4.0,5.0
672,1_VID_20231026_124349435__f005466__t036.jpg,855.6565552,456.1311646,1013.32019,876.3679199,0.87277925,238.6784535,DEM,3,2,3,2.0,1.0,1.0,5.0,3.0,4.0,5.0
673,1_VID_20231026_124349435__f005472__t058.jpg,1488.961426,583.6538086,1751.013306,950.3787231,0.853648365,243.4223032,DEM,6,4,7,2.0,1.0,1.0,8.0,5.0,10.0,11.0
674,1_VID_20231026_124349435__f005482__t045.jpg,1166.459717,446.6624146,1344.766235,881.3228149,0.864344954,232.5336549,DEM,3,2,3,2.0,1.0,1.0,5.0,3.0,4.0,5.0
678,1_VID_20231026_124349435__f005521__t016.jpg,75.86566162,553.3909912,360.7195435,1045.424194,0.856029928,234.2441215,DEM,4,2,4,2.0,1.0,1.0,6.0,3.0,6.0,7.0
680,1_VID_20231026_124349435__f005556__t036.jpg,838.5150757,455.5172424,996.8197632,868.4976807,0.859387457,201.2658405,DEM,3,2,3,2.0,1.0,1.0,5.0,3.0,4.0,5.0
681,1_VID_20231026_124349435__f005562__t058.jpg,1465.908813,596.1536255,1715.847046,933.6478271,0.864466488,198.5577821,DEM,7,7,9,2.0,1.0,1.0,9.0,8.0,11.0,12.0
682,1_VID_20231026_124349435__f005572__t045.jpg,1137.001099,465.3009338,1316.953613,891.5153198,0.864114106,194.3332011,DEM,3,4,3,2.0,1.0,1.0,5.0,5.0,6.0,7.0
684,1_VID_20231026_124349435__f005611__t016.jpg,0.77350831,539.5054321,275.0910339,1060.035522,0.8604303,195.693142,DEM,4,4,4,2.0,1.0,1.0,6.0,5.0,8.0,9.0
686,1_VID_20231026_124349435__f005618__t073.jpg,244.7014313,555.3573608,512.090332,1052.376221,0.796622872,196.340098,DEM,3,4,3,2.0,1.0,1.0,5.0,5.0,6.0,7.0
688,1_VID_20231026_124349435__f005639__t092.jpg,1340.094727,528.9160156,1654.217529,974.9655151,0.686895251,201.0861806,DEM,8,7,10,2.0,1.0,1.0,10.0,8.0,12.0,13.0
689,1_VID_20231026_124349435__f005641__t092.jpg,1340.448242,522.5037231,1645.170044,997.6515503,0.674502909,184.1592751,DEM,8,7,10,2.0,1.0,1.0,10.0,8.0,12.0,13.0
690,1_VID_20231026_124349435__f005646__t036.jpg,786.1640015,535.7276001,941.901001,944.5012207,0.882564306,179.1523749,DEM,3,4,3,2.0,1.0,1.0,5.0,5.0,6.0,7.0
691,1_VID_20231026_124349435__f005652__t058.jpg,1440.314575,682.2420654,1696.490723,1015.732361,0.843021631,183.977801,DEM,7,7,9,2.0,1.0,1.0,9.0,8.0,11.0,12.0
692,1_VID_20231026_124349435__f005662__t045.jpg,1118.098755,506.8306274,1305.733887,946.0924683,0.847541809,182.5918154,DEM,3,2,3,2.0,1.0,1.0,5.0,3.0,4.0,5.0
695,1_VID_20231026_124349435__f005689__t085.jpg,457.9751587,478.0231018,626.0490112,975.5126343,0.725517273,159.716111,DEM,3,2,3,2.0,1.0,1.0,5.0,3.0,4.0,5.0
696,1_VID_20231026_124349435__f005701__t016.jpg,32.82144547,578.2258301,292.3113403,1075.18689,0.870145679,150.6169334,DEM,4,2,4,2.0,1.0,1.0,6.0,3.0,6.0,7.0
698,1_VID_20231026_124349435__f005708__t073.jpg,231.8570862,523.8989868,489.2668762,1071.166992,0.829632461,149.9931654,DEM,4,2,4,2.0,1.0,1.0,6.0,3.0,6.0,7.0
702,1_VID_20231026_124349435__f005736__t036.jpg,801.1619263,533.225708,963.9824219,948.4088745,0.870906055,139.3015293,DEM,3,1,2,2.0,1.0,1.0,5.0,2.0,4.0,5.0
703,1_VID_20231026_124349435__f005742__t058.jpg,1412.297119,664.4884644,1687.045166,1014.348816,0.840340495,145.3949315,DEM,6,5,8,2.0,1.0,1.0,8.0,6.0,10.0,11.0
704,1_VID_20231026_124349435__f005752__t045.jpg,1123.245361,551.8250732,1294.528442,951.1574707,0.881271303,149.8594141,DEM,3,4,3,2.0,1.0,1.0,5.0,5.0,6.0,7.0
707,1_VID_20231026_124349435__f005779__t085.jpg,613.6141968,577.0015869,761.8327637,996.1060791,0.801942647,147.0908756,DEM,6,2,6,2.0,1.0,1.0,8.0,3.0,8.0,9.0
708,1_VID_20231026_124349435__f005791__t016.jpg,203.4275513,545.1587524,480.1803894,1053.145264,0.88639462,131.2405857,DEM,3,1,2,2.0,1.0,1.0,5.0,2.0,4.0,5.0
714,1_VID_20231026_124349435__f005826__t036.jpg,902.586731,448.3721008,1070.831421,859.2808838,0.849517822,171.7783472,DEM,3,4,3,2.0,1.0,1.0,5.0,5.0,6.0,7.0
715,1_VID_20231026_124349435__f005832__t058.jpg,1520.932007,596.2658081,1800.01416,924.798584,0.57728231,167.5630708,DEM,7,7,9,2.0,1.0,1.0,9.0,8.0,11.0,12.0
716,1_VID_20231026_124349435__f005842__t045.jpg,1168.34082,424.9480896,1327.345581,867.5140381,0.864794612,165.6374031,DEM,3,2,3,2.0,1.0,1.0,5.0,3.0,4.0,5.0
719,1_VID_20231026_124349435__f005869__t085.jpg,513.7496338,503.4902649,689.7855835,911.0487061,0.753345132,154.9283866,DEM,4,2,4,2.0,1.0,1.0,6.0,3.0,6.0,7.0
720,1_VID_20231026_124349435__f005881__t016.jpg,95.6401825,545.4144287,350.3774109,1050.726929,0.861385345,159.1575974,DEM,4,4,4,2.0,1.0,1.0,6.0,5.0,8.0,9.0
723,1_VID_20231026_124349435__f005909__t092.jpg,1404.140015,449.1020813,1662.663696,808.7064209,0.50142169,158.4235587,DEM,7,5,9,2.0,1.0,1.0,9.0,6.0,10.0,11.0
724,1_VID_20231026_124349435__f005916__t036.jpg,825.5164795,455.5358887,994.87323,871.8556519,0.87715143,152.7747204,DEM,4,4,4,2.0,1.0,1.0,6.0,5.0,8.0,9.0
725,1_VID_20231026_124349435__f005922__t058.jpg,1463.081421,598.9212036,1724.35498,950.0411987,0.83760488,154.2911337,DEM,7,7,9,2.0,1.0,1.0,9.0,8.0,11.0,12.0
726,1_VID_20231026_124349435__f005932__t045.jpg,1100.042847,443.6517334,1281.237793,879.18927,0.866477787,161.1855019,DEM,4,4,4,2.0,1.0,1.0,6.0,5.0,8.0,9.0
728,1_VID_20231026_124349435__f005959__t085.jpg,480.475708,468.2659302,632.0787354,919.9800415,0.771051943,165.429777,DEM,3,1,2,2.0,1.0,1.0,5.0,2.0,4.0,5.0
729,1_VID_20231026_124349435__f005971__t016.jpg,71.60036469,514.8464966,339.4355469,1038.890015,0.825567782,159.354563,DEM,4,1,3,2.0,1.0,1.0,6.0,2.0,6.0,7.0
733,1_VID_20231026_124349435__f006012__t058.jpg,1453.931519,583.3600464,1678.316895,923.5625,0.826987088,151.8848938,DEM,5,5,6,2.0,1.0,1.0,7.0,6.0,9.0,10.0
734,1_VID_20231026_124349435__f006022__t045.jpg,1097.210205,451.6012268,1262.283081,875.9083862,0.859527111,151.7537902,DEM,3,4,3,2.0,1.0,1.0,5.0,5.0,6.0,7.0
735,1_VID_20231026_124349435__f006049__t085.jpg,447.6210632,448.5583496,612.9555664,902.2508545,0.857838392,153.5849738,DEM,3,1,2,2.0,1.0,1.0,5.0,2.0,4.0,5.0
736,1_VID_20231026_124349435__f006061__t016.jpg,7.445140362,505.72229,247.2698975,1025.976685,0.876561522,152.5342958,DEM,5,1,4,2.0,1.0,1.0,7.0,2.0,7.0,8.0
737,1_VID_20231026_124349435__f006068__t073.jpg,210.0207062,446.266571,441.8363342,994.0542603,0.807084203,148.3794123,DEM,3,2,3,2.0,1.0,1.0,5.0,3.0,4.0,5.0
738,1_VID_20231026_124349435__f006087__t095.jpg,1421.074097,464.1850281,1556.081177,825.5428467,0.764106691,153.6012712,DEM,3,2,3,2.0,1.0,1.0,5.0,3.0,4.0,5.0
740,1_VID_20231026_124349435__f006102__t058.jpg,1456.610474,567.5234985,1681.72644,934.5414429,0.843853533,148.9412905,DEM,4,4,4,2.0,1.0,1.0,6.0,5.0,8.0,9.0
741,1_VID_20231026_124349435__f006112__t045.jpg,1105.761353,434.436676,1273.396851,871.6608276,0.868155241,151.5671103,DEM,4,4,4,2.0,1.0,1.0,6.0,5.0,8.0,9.0
743,1_VID_20231026_124349435__f006151__t016.jpg,0.0,514.0084839,236.1189728,1035.58606,0.880127251,155.5962014,DEM,3,2,3,2.0,1.0,1.0,5.0,3.0,4.0,5.0
744,1_VID_20231026_124349435__f006158__t073.jpg,220.5682678,457.9789429,432.6425781,1022.19281,0.845066786,157.8446052,DEM,3,1,2,2.0,1.0,1.0,5.0,2.0,4.0,5.0
746,1_VID_20231026_124349435__f006186__t036.jpg,768.1322632,493.2450562,961.34375,893.0826416,0.882057011,156.660952,DEM,3,4,3,2.0,1.0,1.0,5.0,5.0,6.0,7.0
747,1_VID_20231026_124349435__f006192__t058.jpg,1391.715698,639.8908081,1655.39624,960.3347778,0.857653975,158.0820494,DEM,7,5,9,2.0,1.0,1.0,9.0,6.0,10.0,11.0
748,1_VID_20231026_124349435__f006202__t045.jpg,1105.152344,461.9845276,1271.588501,898.1218262,0.83567512,161.440624,DEM,4,1,3,2.0,1.0,1.0,6.0,2.0,6.0,7.0
749,1_VID_20231026_124349435__f006212__t100.jpg,397.1416321,485.6990967,566.5042725,949.6755371,0.803599834,162.3180466,DEM,4,1,3,2.0,1.0,1.0,6.0,2.0,6.0,7.0
750,1_VID_20231026_124349435__f006241__t016.jpg,5.169479847,534.5430298,298.7632446,1057.489624,0.897623718,160.6377616,DEM,5,5,6,2.0,1.0,1.0,7.0,6.0,9.0,10.0
751,1_VID_20231026_124349435__f006248__t073.jpg,217.1398315,471.5649719,419.1984253,1010.999695,0.700502515,167.4515147,DEM,4,1,3,2.0,1.0,1.0,6.0,2.0,6.0,7.0
753,1_VID_20231026_124349435__f006276__t036.jpg,824.3817749,472.5528259,993.8491211,895.6219482,0.871158004,164.6561549,DEM,4,2,4,2.0,1.0,1.0,6.0,3.0,6.0,7.0
754,1_VID_20231026_124349435__f006281__t102.jpg,1161.766357,916.2727051,1636.707764,1077.571045,0.638924479,167.2802182,DEM,9,7,11,2.0,1.0,1.0,11.0,8.0,12.0,13.0
755,1_VID_20231026_124349435__f006282__t058.jpg,1368.851807,565.2591553,1682.094849,958.5316162,0.600714564,165.9626501,DEM,7,7,9,2.0,1.0,1.0,9.0,8.0,11.0,12.0
756,1_VID_20231026_124349435__f006292__t045.jpg,1111.950317,448.8347778,1286.081299,881.2788086,0.879706621,163.6134869,DEM,4,1,3,2.0,1.0,1.0,6.0,2.0,6.0,7.0
757,1_VID_20231026_124349435__f006302__t100.jpg,362.4307251,485.7944946,524.0604858,909.2295532,0.727259457,167.8726334,DEM,5,2,4,2.0,1.0,1.0,7.0,3.0,7.0,8.0
758,1_VID_20231026_124349435__f006331__t016.jpg,8.967816353,534.3113403,312.906311,1049.625244,0.874929488,161.2602459,DEM,4,4,4,2.0,1.0,1.0,6.0,5.0,8.0,9.0
761,1_VID_20231026_124349435__f006366__t036.jpg,826.5026855,458.4313965,1023.60791,866.6398926,0.858586669,169.7344024,DEM,4,4,4,2.0,1.0,1.0,6.0,5.0,8.0,9.0
763,1_VID_20231026_124349435__f006372__t058.jpg,1428.655884,604.0653687,1693.204834,945.6112671,0.86182493,169.3668084,DEM,7,7,9,2.0,1.0,1.0,9.0,8.0,11.0,12.0
764,1_VID_20231026_124349435__f006382__t045.jpg,1152.030273,447.085083,1306.450806,882.2401733,0.839535773,168.2254252,DEM,3,2,3,2.0,1.0,1.0,5.0,3.0,4.0,5.0
765,1_VID_20231026_124349435__f006392__t100.jpg,389.6235046,461.6066589,551.3673096,941.2885742,0.716296971,159.4166788,DEM,3,2,3,2.0,1.0,1.0,5.0,3.0,4.0,5.0
766,1_VID_20231026_124349435__f006421__t016.jpg,17.96517563,589.572937,321.4812927,1058.946411,0.897397876,167.7426666,DEM,5,1,4,2.0,1.0,1.0,7.0,2.0,7.0,8.0
767,1_VID_20231026_124349435__f006428__t073.jpg,241.9117432,488.3167419,442.1239929,1039.352173,0.7083413,171.6203847,DEM,3,2,3,2.0,1.0,1.0,5.0,3.0,4.0,5.0
769,1_VID_20231026_124349435__f006456__t036.jpg,849.8016357,458.5080261,1051.44873,859.0108032,0.854635298,169.0637148,DEM,4,4,4,2.0,1.0,1.0,6.0,5.0,8.0,9.0
771,1_VID_20231026_124349435__f006462__t058.jpg,1433.988159,571.2489624,1707.92688,936.1608887,0.890509069,167.2005747,DEM,7,5,9,2.0,1.0,1.0,9.0,6.0,10.0,11.0
772,1_VID_20231026_124349435__f006472__t045.jpg,1176.919678,420.3774109,1340.698975,852.9116821,0.870184839,154.314367,DEM,4,1,3,2.0,1.0,1.0,6.0,2.0,6.0,7.0
773,1_VID_20231026_124349435__f006482__t100.jpg,423.4517822,437.0274048,588.5673218,906.9995728,0.817961097,156.0295575,DEM,3,1,2,2.0,1.0,1.0,5.0,2.0,4.0,5.0
774,1_VID_20231026_124349435__f006511__t016.jpg,14.9553709,512.1489258,351.9502258,1008.372437,0.886926889,162.1510537,DEM,4,2,4,2.0,1.0,1.0,6.0,3.0,6.0,7.0
775,1_VID_20231026_124349435__f006518__t073.jpg,276.0961304,442.5577393,497.2471619,987.765564,0.738026083,165.8998489,DEM,4,2,4,2.0,1.0,1.0,6.0,3.0,6.0,7.0
777,1_VID_20231026_124349435__f006546__t036.jpg,853.7910767,441.1641235,1055.781738,840.7571411,0.863571227,169.0935565,DEM,4,4,4,2.0,1.0,1.0,6.0,5.0,8.0,9.0
779,1_VID_20231026_124349435__f006552__t058.jpg,1416.364014,502.0543213,1663.233765,851.9987793,0.837791622,168.7147303,DEM,5,4,5,2.0,1.0,1.0,7.0,5.0,9.0,10.0
780,1_VID_20231026_124349435__f006562__t045.jpg,1153.223511,441.5704346,1327.856567,854.562561,0.890204608,167.2881635,DEM,4,2,4,2.0,1.0,1.0,6.0,3.0,6.0,7.0
781,1_VID_20231026_124349435__f006572__t100.jpg,372.7780151,449.7823792,550.3204346,962.991394,0.758858025,168.9568456,DEM,3,2,3,2.0,1.0,1.0,5.0,3.0,4.0,5.0
782,1_VID_20231026_124349435__f006601__t016.jpg,0.0,533.3596191,217.3121338,1026.325562,0.747540832,163.4135586,DEM,4,4,4,2.0,1.0,1.0,6.0,5.0,8.0,9.0
783,1_VID_20231026_124349435__f006608__t073.jpg,207.0382996,423.1372986,439.2346802,975.7497559,0.833912551,164.0522903,DEM,4,2,4,2.0,1.0,1.0,6.0,3.0,6.0,7.0
785,1_VID_20231026_124349435__f006636__t036.jpg,759.3461914,449.3678589,961.9827271,850.5586548,0.874811351,163.1885756,DEM,4,4,4,2.0,1.0,1.0,6.0,5.0,8.0,9.0
786,1_VID_20231026_124349435__f006825__t058.jpg,1407.292358,525.3376465,1647.535522,905.2375488,0.854731381,154.8819073,DEM,4,4,4,2.0,1.0,1.0,6.0,5.0,8.0,9.0
787,1_VID_20231026_124349435__f006843__t016.jpg,29.68199921,461.9715576,285.1185303,1008.780273,0.888923287,154.9737181,DEM,4,2,4,2.0,1.0,1.0,6.0,3.0,6.0,7.0
789,1_VID_20231026_124349435__f006859__t036.jpg,844.1668701,463.7917786,1050.900879,862.2041626,0.867665648,158.2948145,DEM,4,4,4,2.0,1.0,1.0,6.0,5.0,8.0,9.0
791,1_VID_20231026_124349435__f006885__t045.jpg,1150.806396,416.4237366,1298.073853,852.5333862,0.844244719,157.3168068,DEM,3,1,2,2.0,1.0,1.0,5.0,2.0,4.0,5.0
792,1_VID_20231026_124349435__f006891__t100.jpg,418.275238,438.3095093,578.7180786,899.7531738,0.795128822,156.9187914,DEM,3,1,2,2.0,1.0,1.0,5.0,2.0,4.0,5.0
793,1_VID_20231026_124349435__f006915__t058.jpg,1439.338257,528.5217285,1665.896484,827.1080322,0.803477407,152.4452923,DEM,5,4,5,2.0,1.0,1.0,7.0,5.0,9.0,10.0
794,1_VID_20231026_124349435__f006933__t016.jpg,0.0,492.5909424,254.3156433,976.0866699,0.888976038,155.4564992,DEM,6,5,8,2.0,1.0,1.0,8.0,6.0,10.0,11.0
796,1_VID_20231026_124349435__f006949__t036.jpg,855.2979126,367.2787781,1048.985229,760.2741089,0.877988517,163.0413464,DEM,4,4,4,2.0,1.0,1.0,6.0,5.0,8.0,9.0
798,1_VID_20231026_124349435__f006975__t045.jpg,1205.282471,490.7784424,1351.481323,891.4656982,0.823618352,162.455146,DEM,3,4,3,2.0,1.0,1.0,5.0,5.0,6.0,7.0
799,1_VID_20231026_124349435__f006981__t100.jpg,492.8139648,497.8506775,686.3774414,913.276001,0.843448997,163.1449923,DEM,3,4,3,2.0,1.0,1.0,5.0,5.0,6.0,7.0
800,1_VID_20231026_124349435__f007005__t058.jpg,1466.767334,558.3834839,1716.256836,966.5209961,0.853550375,157.456018,DEM,5,4,5,2.0,1.0,1.0,7.0,5.0,9.0,10.0
801,1_VID_20231026_124349435__f007023__t016.jpg,40.11843491,487.4440002,314.0760803,1022.342346,0.86011076,161.577725,DEM,4,2,4,2.0,1.0,1.0,6.0,3.0,6.0,7.0
803,1_VID_20231026_124349435__f007039__t036.jpg,820.364502,449.6407776,973.3908081,885.0335693,0.740008056,157.3338059,DEM,4,2,4,2.0,1.0,1.0,6.0,3.0,6.0,7.0
804,1_VID_20231026_124349435__f007062__t073.jpg,128.602951,496.1050415,350.0189209,1044.908936,0.797979414,157.1850603,DEM,5,4,5,2.0,1.0,1.0,7.0,5.0,9.0,10.0
805,1_VID_20231026_124349435__f007065__t045.jpg,1085.581177,470.9876099,1240.118652,898.222229,0.867999911,159.0746068,DEM,3,4,3,2.0,1.0,1.0,5.0,5.0,6.0,7.0
806,1_VID_20231026_124349435__f007071__t100.jpg,325.040741,501.0898132,545.649353,922.4483032,0.85905838,169.5747473,DEM,6,4,7,2.0,1.0,1.0,8.0,5.0,10.0,11.0
808,1_VID_20231026_124349435__f007113__t016.jpg,91.43289185,413.0422668,354.9337769,951.8656006,0.839327395,163.3658645,DEM,4,2,4,2.0,1.0,1.0,6.0,3.0,6.0,7.0
810,1_VID_20231026_124349435__f007129__t036.jpg,882.3603516,367.1402893,1029.095215,784.9308472,0.792962074,165.4014212,DEM,4,2,4,2.0,1.0,1.0,6.0,3.0,6.0,7.0
812,1_VID_20231026_124349435__f007155__t045.jpg,1097.650879,374.7094727,1270.033325,782.0380859,0.87213695,158.8124358,DEM,3,4,3,2.0,1.0,1.0,5.0,5.0,6.0,7.0
813,1_VID_20231026_124349435__f007161__t100.jpg,397.3718872,396.4558716,567.3881226,863.0436401,0.791657507,161.1818321,DEM,4,2,4,2.0,1.0,1.0,6.0,3.0,6.0,7.0
814,1_VID_20231026_124349435__f007185__t058.jpg,1471.522217,506.740387,1713.39917,841.8212891,0.891863346,159.5663117,DEM,5,4,5,2.0,1.0,1.0,7.0,5.0,9.0,10.0
815,1_VID_20231026_124349435__f007203__t016.jpg,69.38630676,476.5460815,335.8583679,1009.833923,0.709695995,169.0687493,DEM,4,2,4,2.0,1.0,1.0,6.0,3.0,6.0,7.0
817,1_VID_20231026_124349435__f007219__t036.jpg,895.52948,409.2798767,1064.664063,808.3529663,0.811813116,164.1461232,DEM,5,4,5,2.0,1.0,1.0,7.0,5.0,9.0,10.0
819,1_VID_20231026_124349435__f007245__t045.jpg,1119.018311,410.8184509,1279.513916,811.9570923,0.830479324,162.4300082,DEM,4,4,4,2.0,1.0,1.0,6.0,5.0,8.0,9.0
820,1_VID_20231026_124349435__f007251__t100.jpg,428.0530396,408.6205444,596.3093262,826.6669312,0.804840028,148.0264159,DEM,4,2,4,2.0,1.0,1.0,6.0,3.0,6.0,7.0
821,1_VID_20231026_124349435__f007275__t058.jpg,1434.847168,500.705719,1686.093384,808.6142578,0.890738845,160.7037254,DEM,4,5,5,2.0,1.0,1.0,6.0,6.0,8.0,9.0
824,1_VID_20231026_124349435__f007309__t036.jpg,819.3230591,426.979187,1003.355591,832.5805054,0.790366173,162.6774645,DEM,4,4,4,2.0,1.0,1.0,6.0,5.0,8.0,9.0
826,1_VID_20231026_124349435__f007335__t045.jpg,1068.50354,463.7155457,1218.235474,808.2974854,0.864890873,158.7693502,DEM,4,4,4,2.0,1.0,1.0,6.0,5.0,8.0,9.0
827,1_VID_20231026_124349435__f007341__t100.jpg,369.903595,402.6183777,544.2810669,848.8649292,0.798846126,161.3297892,DEM,4,4,4,2.0,1.0,1.0,6.0,5.0,8.0,9.0
828,1_VID_20231026_124349435__f007365__t058.jpg,1443.832275,526.6971436,1695.093628,812.994873,0.749701738,169.6241812,DEM,7,7,9,2.0,1.0,1.0,9.0,8.0,11.0,12.0
829,1_VID_20231026_124349435__f007383__t016.jpg,0.159812465,439.6268311,327.3432617,971.0108643,0.820758224,166.121181,DEM,4,4,4,2.0,1.0,1.0,6.0,5.0,8.0,9.0
831,1_VID_20231026_124349435__f007399__t036.jpg,863.8400269,381.9706116,1071.22937,778.1239014,0.822401345,161.1105028,DEM,4,4,4,2.0,1.0,1.0,6.0,5.0,8.0,9.0
833,1_VID_20231026_124349435__f007425__t045.jpg,1155.101807,429.286377,1340.265991,821.8210449,0.863031089,169.4827473,DEM,3,4,3,2.0,1.0,1.0,5.0,5.0,6.0,7.0
834,1_VID_20231026_124349435__f007431__t100.jpg,534.7357178,425.5766602,692.5219727,862.7062988,0.596177638,151.9476412,DEM,3,1,2,2.0,1.0,1.0,5.0,2.0,4.0,5.0
835,1_VID_20231026_124349435__f007455__t058.jpg,1484.869873,540.9940796,1749.5448,848.84198,0.809937239,173.4126736,DEM,4,5,5,2.0,1.0,1.0,6.0,6.0,8.0,9.0
836,1_VID_20231026_124349435__f007473__t016.jpg,120.4560776,598.3855591,400.2018738,1000.437317,0.6797539,169.6227761,DEM,5,4,5,2.0,1.0,1.0,7.0,5.0,9.0,10.0
838,1_VID_20231026_124349435__f007489__t036.jpg,941.2434082,386.7505798,1097.185791,814.2262573,0.819101155,169.7667409,DEM,3,1,2,2.0,1.0,1.0,5.0,2.0,4.0,5.0
840,1_VID_20231026_124349435__f007515__t045.jpg,1180.226563,398.0421753,1339.442871,831.1923218,0.861431003,169.4507877,DEM,3,4,3,2.0,1.0,1.0,5.0,5.0,6.0,7.0
841,1_VID_20231026_124349435__f007521__t100.jpg,521.4517822,396.0942993,686.7057495,871.1054688,0.818876982,162.8116207,DEM,3,1,2,2.0,1.0,1.0,5.0,2.0,4.0,5.0
842,1_VID_20231026_124349435__f007545__t058.jpg,1528.661377,465.7018127,1812.289429,839.9985352,0.61127907,173.3079904,DEM,6,5,8,2.0,1.0,1.0,8.0,6.0,10.0,11.0
843,1_VID_20231026_124349435__f007563__t016.jpg,96.53580475,520.2547607,403.2379761,1001.610107,0.854410112,166.793298,DEM,5,5,6,2.0,1.0,1.0,7.0,6.0,9.0,10.0
845,1_VID_20231026_124349435__f007579__t036.jpg,967.8074341,405.6676941,1114.102173,817.3490601,0.831942618,173.6860987,DEM,4,2,4,2.0,1.0,1.0,6.0,3.0,6.0,7.0
847,1_VID_20231026_124349435__f007605__t045.jpg,1167.992676,394.3022766,1327.227539,815.0686646,0.859104037,164.3089891,DEM,3,4,3,2.0,1.0,1.0,5.0,5.0,6.0,7.0
848,1_VID_20231026_124349435__f007611__t100.jpg,500.3069458,434.4934692,685.0736084,865.5946045,0.830332875,165.1461934,DEM,3,2,3,2.0,1.0,1.0,5.0,3.0,4.0,5.0
849,1_VID_20231026_124349435__f007635__t058.jpg,1473.408447,501.9158325,1749.532104,828.7537842,0.760300934,168.5289456,DEM,7,7,9,2.0,1.0,1.0,9.0,8.0,11.0,12.0
850,1_VID_20231026_124349435__f007653__t016.jpg,74.84835052,369.173645,333.1113586,875.515564,0.811629891,158.2392245,DEM,4,4,4,2.0,1.0,1.0,6.0,5.0,8.0,9.0
852,1_VID_20231026_124349435__f007669__t036.jpg,963.8424683,333.5105591,1130.221436,729.1928711,0.851584494,157.6738069,DEM,3,4,3,2.0,1.0,1.0,5.0,5.0,6.0,7.0
854,1_VID_20231026_124349435__f007695__t045.jpg,1224.755737,342.8765869,1381.47522,749.3209229,0.859703422,159.5629406,DEM,3,4,3,2.0,1.0,1.0,5.0,5.0,6.0,7.0
855,1_VID_20231026_124349435__f007701__t100.jpg,553.1013794,402.0868225,758.2976074,808.8269653,0.626395583,166.477408,DEM,4,4,4,2.0,1.0,1.0,6.0,5.0,8.0,9.0
856,1_VID_20231026_124349435__f007725__t058.jpg,1490.188354,499.4975281,1763.84668,805.4172974,0.885768056,194.8166483,DEM,8,7,10,2.0,1.0,1.0,10.0,8.0,12.0,13.0
857,1_VID_20231026_124349435__f007743__t016.jpg,158.4098358,422.6894836,434.0462341,903.9873047,0.815139055,177.7885339,DEM,4,2,4,2.0,1.0,1.0,6.0,3.0,6.0,7.0
859,1_VID_20231026_124349435__f007759__t036.jpg,987.5419312,347.2713928,1140.360229,764.1591187,0.850618899,180.869609,DEM,4,2,4,2.0,1.0,1.0,6.0,3.0,6.0,7.0
861,1_VID_20231026_124349435__f007785__t045.jpg,1174.155029,329.3331299,1327.421509,754.7351074,0.849830747,178.5671662,DEM,4,2,4,2.0,1.0,1.0,6.0,3.0,6.0,7.0
862,1_VID_20231026_124349435__f007791__t100.jpg,504.9387512,360.0589294,674.9243774,783.9412231,0.727327764,183.6372318,DEM,3,2,3,2.0,1.0,1.0,5.0,3.0,4.0,5.0
863,1_VID_20231026_124349435__f007815__t058.jpg,1479.215332,492.6357727,1738.204834,764.1190186,0.863870561,171.1078509,DEM,8,7,10,2.0,1.0,1.0,10.0,8.0,12.0,13.0
864,1_VID_20231026_124349435__f007833__t016.jpg,78.69844818,408.4031372,349.9555969,922.718689,0.898952067,166.7198808,DEM,4,2,4,2.0,1.0,1.0,6.0,3.0,6.0,7.0
866,1_VID_20231026_124349435__f007849__t036.jpg,938.4814453,338.1203003,1069.688599,758.4934692,0.822909415,173.1650342,DEM,4,2,4,2.0,1.0,1.0,6.0,3.0,6.0,7.0
868,1_VID_20231026_124349435__f007875__t045.jpg,1086.377441,342.0864868,1263.576538,771.3127441,0.848815024,202.5863122,DEM,2,2,2,2.0,1.0,1.0,4.0,3.0,4.0,5.0
869,1_VID_20231026_124349435__f007881__t100.jpg,408.8830261,368.5839233,582.2112427,813.9390869,0.846652091,202.4094506,DEM,2,1,1,2.0,1.0,1.0,4.0,2.0,4.0,5.0
870,1_VID_20231026_124349435__f007905__t058.jpg,1398.067383,510.6800232,1658.226807,815.4334106,0.794769049,211.4902799,DEM,7,7,9,2.0,1.0,1.0,9.0,8.0,11.0,12.0
871,1_VID_20231026_124349435__f007923__t016.jpg,11.47199535,422.9313049,317.2393188,936.4241943,0.901043415,203.8849599,DEM,5,4,5,2.0,1.0,1.0,7.0,5.0,9.0,10.0
873,1_VID_20231026_124349435__f007939__t036.jpg,914.0297241,368.6795044,1095.477417,772.1831055,0.859293759,211.0267911,DEM,4,4,4,2.0,1.0,1.0,6.0,5.0,8.0,9.0
874,1_VID_20231026_124349435__f007962__t073.jpg,317.9421082,406.6679993,561.9823608,922.3358765,0.852735221,214.1872049,DEM,5,2,4,2.0,1.0,1.0,7.0,3.0,7.0,8.0
875,1_VID_20231026_124349435__f007977__t036.jpg,1081.905518,338.365448,1263.804443,750.4729004,0.887399137,215.3870374,DEM,3,4,3,2.0,1.0,1.0,5.0,5.0,6.0,7.0
876,1_VID_20231026_124349435__f007980__t045.jpg,1217.658325,307.183136,1387.247803,733.505188,0.86662668,214.9711307,DEM,3,4,3,2.0,1.0,1.0,5.0,5.0,6.0,7.0
877,1_VID_20231026_124349435__f008005__t058.jpg,1518.316772,623.5124512,1790.200073,977.2056885,0.767246664,232.2467322,DEM,8,7,10,2.0,1.0,1.0,10.0,8.0,12.0,13.0
881,1_VID_20231026_124349435__f008136__t045.jpg,1195.946167,384.8833923,1355.2771,785.458252,0.833196223,319.7239323,DEM,3,4,3,2.0,1.0,1.0,5.0,5.0,6.0,7.0
882,1_VID_20231026_124349435__f008165__t058.jpg,1534.873779,495.2551575,1793.957275,804.9873657,0.823527277,325.4708424,DEM,8,7,10,2.0,1.0,1.0,10.0,8.0,12.0,13.0
883,1_VID_20231026_124349435__f008166__t036.jpg,1011.193848,360.7666016,1159.029663,760.7705078,0.826545835,329.6675695,DEM,5,4,5,2.0,1.0,1.0,7.0,5.0,9.0,10.0
885,1_VID_20231026_124349435__f008178__t016.jpg,107.7541656,416.7425537,309.789856,928.8164063,0.845711648,313.1483033,DEM,3,1,2,2.0,1.0,1.0,5.0,2.0,4.0,5.0
888,1_VID_20231026_124349435__f008226__t045.jpg,1128.813354,340.8616638,1287.055664,727.0307007,0.864662707,315.3125522,DEM,5,4,5,2.0,1.0,1.0,7.0,5.0,9.0,10.0
889,1_VID_20231026_124349435__f008255__t058.jpg,1493.825562,444.4346313,1743.434204,752.7734985,0.633117199,317.3470404,DEM,6,7,9,2.0,1.0,1.0,8.0,8.0,10.0,11.0
890,1_VID_20231026_124349435__f008256__t036.jpg,930.9567871,363.2697144,1081.796753,709.934082,0.853594601,317.5766425,DEM,3,4,3,2.0,1.0,1.0,5.0,5.0,6.0,7.0
892,1_VID_20231026_124349435__f008268__t016.jpg,126.8905182,427.8705444,401.5023193,912.8527832,0.88969779,318.1287529,DEM,5,4,5,2.0,1.0,1.0,7.0,5.0,9.0,10.0
895,1_VID_20231026_124349435__f008316__t045.jpg,1151.331177,324.1704102,1315.984985,739.3771362,0.857585609,324.4397913,DEM,3,2,3,2.0,1.0,1.0,5.0,3.0,4.0,5.0
897,1_VID_20231026_124349435__f008345__t058.jpg,1455.520996,462.8561096,1726.845215,775.6185913,0.84154582,325.2298857,DEM,7,7,9,2.0,1.0,1.0,9.0,8.0,11.0,12.0
898,1_VID_20231026_124349435__f008346__t036.jpg,990.0112305,297.5891113,1121.049805,717.2317505,0.862926543,324.5536043,DEM,5,2,4,2.0,1.0,1.0,7.0,3.0,7.0,8.0
900,1_VID_20231026_124349435__f008358__t016.jpg,99.52248383,454.1151123,383.3015747,903.4275513,0.840244234,322.0651268,DEM,3,4,3,2.0,1.0,1.0,5.0,5.0,6.0,7.0
905,1_VID_20231026_124349435__f008406__t045.jpg,1183.156494,284.6341248,1368.180176,712.7495117,0.858752429,324.3374143,DEM,4,2,4,2.0,1.0,1.0,6.0,3.0,6.0,7.0
906,1_VID_20231026_124349435__f008435__t058.jpg,1482.101807,495.5588074,1754.192261,822.0408325,0.899116814,318.778182,DEM,7,7,9,2.0,1.0,1.0,9.0,8.0,11.0,12.0
907,1_VID_20231026_124349435__f008436__t036.jpg,1030.849609,305.2856445,1166.360474,737.7681274,0.856024265,318.7044346,DEM,4,2,4,2.0,1.0,1.0,6.0,3.0,6.0,7.0
909,1_VID_20231026_124349435__f008448__t016.jpg,134.5154724,422.5283813,364.5975037,901.7022095,0.872592986,309.0094552,DEM,4,4,4,2.0,1.0,1.0,6.0,5.0,8.0,9.0
910,1_VID_20231026_124349435__f008456__t100.jpg,490.3552856,338.9506836,653.6135864,787.2626343,0.815684259,315.0693312,DEM,4,2,4,2.0,1.0,1.0,6.0,3.0,6.0,7.0
914,1_VID_20231026_124349435__f008496__t045.jpg,1191.453369,365.2746582,1365.964844,762.0392456,0.75243789,309.7134144,DEM,3,4,3,2.0,1.0,1.0,5.0,5.0,6.0,7.0
916,1_VID_20231026_124349435__f008525__t058.jpg,1467.835693,502.2649231,1735.22644,826.2939453,0.796303988,325.4213468,DEM,7,7,9,2.0,1.0,1.0,9.0,8.0,11.0,12.0
917,1_VID_20231026_124349435__f008526__t036.jpg,1015.308044,335.1381836,1161.263672,762.5465698,0.883568287,326.7966969,DEM,4,2,4,2.0,1.0,1.0,6.0,3.0,6.0,7.0
919,1_VID_20231026_124349435__f008538__t016.jpg,45.36969757,421.1454163,328.3009033,932.9720459,0.867709637,327.4897912,DEM,5,4,5,2.0,1.0,1.0,7.0,5.0,9.0,10.0
920,1_VID_20231026_124349435__f008546__t100.jpg,462.4181213,378.1063232,647.5485229,825.8278809,0.818406522,314.1378804,DEM,4,4,4,2.0,1.0,1.0,6.0,5.0,8.0,9.0
924,1_VID_20231026_124349435__f008586__t045.jpg,1199.295532,347.5363159,1379.783691,773.4244995,0.845518768,316.3575673,DEM,4,2,4,2.0,1.0,1.0,6.0,3.0,6.0,7.0
926,1_VID_20231026_124349435__f008615__t058.jpg,1517.025513,546.1345825,1777.583008,860.3098145,0.826290607,316.9536375,DEM,7,7,9,2.0,1.0,1.0,9.0,8.0,11.0,12.0
927,1_VID_20231026_124349435__f008616__t036.jpg,1049.782349,382.5585327,1200.793457,797.0713501,0.861544609,319.0639984,DEM,4,2,4,2.0,1.0,1.0,6.0,3.0,6.0,7.0
929,1_VID_20231026_124349435__f008628__t016.jpg,107.8140945,416.043457,376.0817871,959.9863281,0.873254657,315.5954181,DEM,4,1,3,2.0,1.0,1.0,6.0,2.0,6.0,7.0
930,1_VID_20231026_124349435__f008636__t100.jpg,503.9249573,419.0142212,702.4465332,845.6817017,0.787725151,311.3553733,DEM,4,4,4,2.0,1.0,1.0,6.0,5.0,8.0,9.0
934,1_VID_20231026_124349435__f008676__t045.jpg,1171.916626,383.6958313,1373.581299,816.057312,0.86309123,316.3905626,DEM,5,2,4,2.0,1.0,1.0,7.0,3.0,7.0,8.0
936,1_VID_20231026_124349435__f008705__t058.jpg,1468.968384,558.6705322,1742.212402,889.6843872,0.818274796,316.6806087,DEM,7,7,9,2.0,1.0,1.0,9.0,8.0,11.0,12.0
937,1_VID_20231026_124349435__f008706__t036.jpg,1018.076416,407.4379272,1154.951172,816.9581909,0.83638227,316.2952301,DEM,4,2,4,2.0,1.0,1.0,6.0,3.0,6.0,7.0
939,1_VID_20231026_124349435__f008718__t016.jpg,119.9124222,484.0041199,404.4034424,1001.392578,0.760705948,318.4751745,DEM,4,4,4,2.0,1.0,1.0,6.0,5.0,8.0,9.0
940,1_VID_20231026_124349435__f008726__t100.jpg,504.8213196,475.7187805,703.9733276,871.37854,0.826279521,303.8968136,DEM,4,4,4,2.0,1.0,1.0,6.0,5.0,8.0,9.0
943,1_VID_20231026_124349435__f008766__t045.jpg,1184.270874,430.505127,1385.009521,823.666748,0.892539859,314.0020942,DEM,4,4,4,2.0,1.0,1.0,6.0,5.0,8.0,9.0
945,1_VID_20231026_124349435__f008795__t058.jpg,1580.256714,586.4314575,1836.908813,833.7651978,0.744680464,322.7901347,DEM,8,7,10,2.0,1.0,1.0,10.0,8.0,12.0,13.0
946,1_VID_20231026_124349435__f008796__t036.jpg,1057.745972,434.440979,1212.435303,844.8069458,0.808582544,324.4988699,DEM,3,2,3,2.0,1.0,1.0,5.0,3.0,4.0,5.0
950,1_VID_20231026_124349435__f008844__t058.jpg,1605.09436,593.2506714,1850.217529,925.1261597,0.768423975,368.1952081,DEM,4,4,4,2.0,1.0,1.0,6.0,5.0,8.0,9.0
952,1_VID_20231026_124349435__f008861__t045.jpg,1249.547852,457.4414978,1431.563232,841.2852173,0.88224715,380.0254267,DEM,3,4,3,2.0,1.0,1.0,5.0,5.0,6.0,7.0
953,1_VID_20231026_124349435__f008862__t016.jpg,198.9135742,458.7929077,427.9493103,1018.356018,0.890336514,376.7109773,DEM,5,1,4,2.0,1.0,1.0,7.0,2.0,7.0,8.0
956,1_VID_20231026_124349435__f008885__t036.jpg,1112.184082,387.9880371,1264.494873,799.9685669,0.862327218,341.9783271,DEM,3,2,3,2.0,1.0,1.0,5.0,3.0,4.0,5.0
960,1_VID_20231026_124349435__f008934__t058.jpg,1561.84436,490.3932495,1789.417114,852.4910278,0.678522229,328.9501109,DEM,8,7,10,2.0,1.0,1.0,10.0,8.0,12.0,13.0
961,1_VID_20231026_124349435__f008951__t045.jpg,1221.535522,368.4760742,1407.397583,762.3081665,0.848973155,340.7613048,DEM,3,4,3,2.0,1.0,1.0,5.0,5.0,6.0,7.0
962,1_VID_20231026_124349435__f008952__t016.jpg,149.8795471,498.5515137,496.5126038,924.7112427,0.91135174,348.8608087,DEM,4,4,4,2.0,1.0,1.0,6.0,5.0,8.0,9.0
965,1_VID_20231026_124349435__f008975__t036.jpg,1048.937012,303.1349792,1227.570557,705.5494385,0.889285982,317.5800043,DEM,4,2,4,2.0,1.0,1.0,6.0,3.0,6.0,7.0
971,1_VID_20231026_124349435__f009024__t058.jpg,1430.352661,454.4266968,1656.870972,747.5826416,0.508298218,328.7416372,DEM,8,7,10,2.0,1.0,1.0,10.0,8.0,12.0,13.0
973,1_VID_20231026_124349435__f009041__t045.jpg,1131.952881,332.3671265,1318.828247,718.3849487,0.845704913,326.5957056,DEM,4,4,4,2.0,1.0,1.0,6.0,5.0,8.0,9.0
974,1_VID_20231026_124349435__f009042__t016.jpg,72.33283997,387.3469849,328.3706665,904.9997559,0.778287888,326.0544098,DEM,4,2,4,2.0,1.0,1.0,6.0,3.0,6.0,7.0
975,1_VID_20231026_124349435__f009043__t114.jpg,1443.959595,322.8614502,1538.849731,472.9866943,0.499028206,326.7883216,DEM,3,1,2,2.0,1.0,1.0,5.0,2.0,4.0,5.0
977,1_VID_20231026_124349435__f009065__t036.jpg,1006.969604,344.2215881,1189.032715,748.5228271,0.878720224,328.4344322,DEM,4,2,4,2.0,1.0,1.0,6.0,3.0,6.0,7.0
980,1_VID_20231026_124349435__f009114__t058.jpg,1454.533203,442.1540527,1729.514648,779.9318237,0.867434263,334.7174459,DEM,8,7,10,2.0,1.0,1.0,10.0,8.0,12.0,13.0
981,1_VID_20231026_124349435__f009131__t045.jpg,1161.657959,338.9125061,1347.530518,757.6011963,0.814505935,333.5142482,DEM,3,2,3,2.0,1.0,1.0,5.0,3.0,4.0,5.0
982,1_VID_20231026_124349435__f009132__t016.jpg,77.28787231,465.644928,363.2043457,939.4709473,0.873645902,332.2735513,DEM,4,2,4,2.0,1.0,1.0,6.0,3.0,6.0,7.0
984,1_VID_20231026_124349435__f009155__t036.jpg,1034.71167,347.7094727,1221.547852,753.3858032,0.870145023,337.8741169,DEM,3,2,3,2.0,1.0,1.0,5.0,3.0,4.0,5.0
985,1_VID_20231026_124349435__f009157__t121.jpg,1437.029053,332.6382141,1565.103882,738.2861328,0.793982685,336.9618916,DEM,4,1,3,2.0,1.0,1.0,6.0,2.0,6.0,7.0
988,1_VID_20231026_124349435__f009206__t045.jpg,1149.192749,373.4850769,1337.01416,783.4463501,0.849067688,429.504249,DEM,3,2,3,2.0,1.0,1.0,5.0,3.0,4.0,5.0
990,1_VID_20231026_124349435__f009250__t116.jpg,151.352417,394.3253784,415.9970398,907.4016724,0.840031803,361.3688674,DEM,5,2,4,2.0,1.0,1.0,7.0,3.0,7.0,8.0
992,1_VID_20231026_124349435__f009270__t036.jpg,1165.418701,347.772583,1319.029297,749.4164429,0.837035954,373.0570703,DEM,4,2,4,2.0,1.0,1.0,6.0,3.0,6.0,7.0
995,1_VID_20231026_124349435__f009296__t036.jpg,1175.947632,343.6176758,1335.58667,740.5166016,0.813572228,418.3821313,DEM,3,4,3,2.0,1.0,1.0,5.0,5.0,6.0,7.0
996,1_VID_20231026_124349435__f009298__t058.jpg,1608.897461,411.1497498,1858.356934,767.8917236,0.873399317,428.7252681,DEM,6,5,8,2.0,1.0,1.0,8.0,6.0,10.0,11.0
998,1_VID_20231026_124349435__f009309__t116.jpg,246.6687164,393.5296631,508.2409668,903.059021,0.812097609,387.2969541,DEM,4,2,4,2.0,1.0,1.0,6.0,3.0,6.0,7.0
1000,1_VID_20231026_124349435__f009366__t045.jpg,1300.516113,340.8247375,1495.087646,723.9710083,0.859144628,359.4342769,DEM,4,4,4,2.0,1.0,1.0,6.0,5.0,8.0,9.0
1001,1_VID_20231026_124349435__f009383__t121.jpg,1485.303711,296.0870972,1631.184082,737.0758667,0.826690078,357.6073733,DEM,3,1,2,2.0,1.0,1.0,5.0,2.0,4.0,5.0
1002,1_VID_20231026_124349435__f009386__t036.jpg,1100.72522,333.2782898,1273.931274,760.5150757,0.872022212,356.0451737,DEM,4,2,4,2.0,1.0,1.0,6.0,3.0,6.0,7.0
1003,1_VID_20231026_124349435__f009388__t058.jpg,1614.734985,450.6470032,1875.387573,798.4953003,0.853285849,347.7154683,DEM,6,5,8,2.0,1.0,1.0,8.0,6.0,10.0,11.0
1004,1_VID_20231026_124349435__f009395__t117.jpg,595.4470825,369.5884094,746.3170166,805.2663574,0.753463387,347.5569666,DEM,3,2,3,2.0,1.0,1.0,5.0,3.0,4.0,5.0
1005,1_VID_20231026_124349435__f009399__t116.jpg,223.0021057,391.2924194,487.2120056,927.8712158,0.821392417,350.4145508,DEM,4,1,3,2.0,1.0,1.0,6.0,2.0,6.0,7.0
1007,1_VID_20231026_124349435__f009456__t045.jpg,1292.572144,371.7333679,1491.165039,756.1993408,0.865896344,349.0193682,DEM,5,4,5,2.0,1.0,1.0,7.0,5.0,9.0,10.0
1008,1_VID_20231026_124349435__f009473__t121.jpg,1526.214722,345.2527466,1660.151611,755.2836914,0.880203962,355.7307403,DEM,5,4,5,2.0,1.0,1.0,7.0,5.0,9.0,10.0
1009,1_VID_20231026_124349435__f009476__t036.jpg,1160.690186,346.4759827,1289.353516,766.0969238,0.813990593,361.4453231,DEM,4,2,4,2.0,1.0,1.0,6.0,3.0,6.0,7.0
1010,1_VID_20231026_124349435__f009478__t058.jpg,1612.568481,471.2120361,1883.157227,810.8189087,0.822367668,359.0748328,DEM,6,5,8,2.0,1.0,1.0,8.0,6.0,10.0,11.0
1011,1_VID_20231026_124349435__f009485__t117.jpg,596.2698364,393.7873535,787.5838623,798.9628906,0.851676583,357.0070122,DEM,6,2,6,2.0,1.0,1.0,8.0,3.0,8.0,9.0
1012,1_VID_20231026_124349435__f009489__t116.jpg,257.0693665,437.9035645,504.5830383,917.538269,0.860216618,358.4311491,DEM,5,2,4,2.0,1.0,1.0,7.0,3.0,7.0,8.0
1014,1_VID_20231026_124349435__f009546__t045.jpg,1251.731079,368.9302673,1452.427368,743.6367188,0.8714481,313.4855174,DEM,3,4,3,2.0,1.0,1.0,5.0,5.0,6.0,7.0
1015,1_VID_20231026_124349435__f009563__t121.jpg,1486.265015,305.3345337,1629.358276,740.302002,0.834358037,306.4797597,DEM,4,1,3,2.0,1.0,1.0,6.0,2.0,6.0,7.0
1016,1_VID_20231026_124349435__f009566__t036.jpg,1099.305664,344.8757324,1231.304443,745.7276611,0.835270286,308.5449205,DEM,5,2,4,2.0,1.0,1.0,7.0,3.0,7.0,8.0
1017,1_VID_20231026_124349435__f009568__t058.jpg,1567.410156,452.5289307,1831.311768,788.8705444,0.87664324,305.5955506,DEM,6,5,8,2.0,1.0,1.0,8.0,6.0,10.0,11.0
1019,1_VID_20231026_124349435__f009579__t116.jpg,211.4008484,368.6867065,437.8128662,904.3321533,0.870269716,295.8032367,DEM,4,2,4,2.0,1.0,1.0,6.0,3.0,6.0,7.0
1021,1_VID_20231026_124349435__f009636__t045.jpg,1243.026245,378.3394165,1448.628418,762.7776489,0.866213858,285.0681442,DEM,2,4,3,2.0,1.0,1.0,4.0,5.0,5.0,6.0
1022,1_VID_20231026_124349435__f009653__t121.jpg,1476.707031,316.8264465,1624.961304,750.8874512,0.880990744,276.4638047,DEM,4,1,3,2.0,1.0,1.0,6.0,2.0,6.0,7.0
1023,1_VID_20231026_124349435__f009656__t036.jpg,1103.617065,360.5955505,1241.568604,756.8470459,0.829803824,287.1897227,DEM,5,2,4,2.0,1.0,1.0,7.0,3.0,7.0,8.0
1024,1_VID_20231026_124349435__f009658__t058.jpg,1560.405884,425.9471741,1821.493164,789.4491577,0.888517559,278.4897463,DEM,6,5,8,2.0,1.0,1.0,8.0,6.0,10.0,11.0
1026,1_VID_20231026_124349435__f009669__t116.jpg,182.250946,420.9328918,427.3154907,908.5426025,0.837293446,278.9233623,DEM,5,2,4,2.0,1.0,1.0,7.0,3.0,7.0,8.0
1029,1_VID_20231026_124349435__f009726__t045.jpg,1228.485107,376.4176331,1432.247925,766.0652466,0.86761421,253.6042971,DEM,2,4,3,2.0,1.0,1.0,4.0,5.0,5.0,6.0
1030,1_VID_20231026_124349435__f009743__t121.jpg,1449.600464,334.0158081,1598.630127,746.8768311,0.815235376,259.6158148,DEM,4,4,4,2.0,1.0,1.0,6.0,5.0,8.0,9.0
1031,1_VID_20231026_124349435__f009746__t036.jpg,1073.683472,330.7464905,1217.136353,742.1937866,0.820330262,246.965715,DEM,4,2,4,2.0,1.0,1.0,6.0,3.0,6.0,7.0
1032,1_VID_20231026_124349435__f009748__t058.jpg,1524.533813,483.4920349,1787.452881,785.9797974,0.884757876,243.8203975,DEM,6,4,7,2.0,1.0,1.0,8.0,5.0,10.0,11.0
1033,1_VID_20231026_124349435__f009753__t126.jpg,316.4034424,350.3607788,538.7028198,913.1016235,0.603682697,240.884066,DEM,3,2,3,2.0,1.0,1.0,5.0,3.0,4.0,5.0
1035,1_VID_20231026_124349435__f009759__t116.jpg,128.5976257,358.3119507,424.8327942,910.9263916,0.744811535,250.4636554,DEM,4,2,4,2.0,1.0,1.0,6.0,3.0,6.0,7.0
1038,1_VID_20231026_124349435__f009816__t045.jpg,1139.693115,362.9897766,1329.846802,740.8445435,0.850633502,259.6704266,DEM,3,4,3,2.0,1.0,1.0,5.0,5.0,6.0,7.0
1040,1_VID_20231026_124349435__f009833__t121.jpg,1370.107544,341.1378479,1499.239746,721.9040527,0.879149973,264.0169628,DEM,4,2,4,2.0,1.0,1.0,6.0,3.0,6.0,7.0
1041,1_VID_20231026_124349435__f009836__t036.jpg,1006.638489,330.0840454,1161.210571,735.0915527,0.827755451,264.4641319,DEM,5,2,4,2.0,1.0,1.0,7.0,3.0,7.0,8.0
1042,1_VID_20231026_124349435__f009838__t058.jpg,1482.902344,437.407074,1678.838379,767.8196411,0.76014626,255.1572119,DEM,5,4,5,2.0,1.0,1.0,7.0,5.0,9.0,10.0
1044,1_VID_20231026_124349435__f009849__t116.jpg,70.91030121,412.0138245,340.0076599,913.6564941,0.772764742,262.1476461,DEM,4,4,4,2.0,1.0,1.0,6.0,5.0,8.0,9.0
1047,1_VID_20231026_124349435__f009906__t045.jpg,1172.003906,362.5078735,1358.973267,747.3337402,0.841861844,255.7832524,DEM,4,4,4,2.0,1.0,1.0,6.0,5.0,8.0,9.0
1048,1_VID_20231026_124349435__f009918__t126.jpg,258.1157837,372.9085693,480.8453369,921.5493164,0.838818789,257.799281,DEM,3,4,3,2.0,1.0,1.0,5.0,5.0,6.0,7.0
1049,1_VID_20231026_124349435__f009923__t121.jpg,1370.688599,308.5368958,1511.209473,736.8692017,0.866881907,257.7956982,DEM,3,1,2,2.0,1.0,1.0,5.0,2.0,4.0,5.0
1050,1_VID_20231026_124349435__f009926__t036.jpg,1029.730835,352.7117615,1185.345459,744.4578247,0.849181473,256.6061382,DEM,5,2,4,2.0,1.0,1.0,7.0,3.0,7.0,8.0
1051,1_VID_20231026_124349435__f009928__t058.jpg,1496.702393,414.2073364,1738.327271,772.2107544,0.883336723,258.2783217,DEM,6,4,7,2.0,1.0,1.0,8.0,5.0,10.0,11.0
1053,1_VID_20231026_124349435__f009939__t116.jpg,135.0728455,502.2549744,391.6454468,929.6968994,0.890827417,251.459191,DEM,4,4,4,2.0,1.0,1.0,6.0,5.0,8.0,9.0
1054,1_VID_20231026_124349435__f009963__t126.jpg,282.8176575,365.8545837,517.53479,911.9048462,0.851407647,241.660898,DEM,4,4,4,2.0,1.0,1.0,6.0,5.0,8.0,9.0
1056,1_VID_20231026_124349435__f009996__t045.jpg,1201.005859,324.4397888,1382.032227,742.2633667,0.857908487,236.8598966,DEM,3,2,3,2.0,1.0,1.0,5.0,3.0,4.0,5.0
1057,1_VID_20231026_124349435__f010013__t121.jpg,1440.825928,316.8937683,1581.886963,735.5621338,0.851603448,237.779099,DEM,3,1,2,2.0,1.0,1.0,5.0,2.0,4.0,5.0
1058,1_VID_20231026_124349435__f010016__t036.jpg,1041.901001,320.7407227,1204.682861,743.1397095,0.840126812,240.1218869,DEM,3,2,3,2.0,1.0,1.0,5.0,3.0,4.0,5.0
1059,1_VID_20231026_124349435__f010018__t058.jpg,1536.61499,391.1699219,1773.705811,788.3973389,0.846105635,238.9880827,DEM,5,4,5,2.0,1.0,1.0,7.0,5.0,9.0,10.0
1060,1_VID_20231026_124349435__f010024__t116.jpg,164.9494476,381.5045776,450.0013733,922.0422363,0.570791066,233.3541242,DEM,4,2,4,2.0,1.0,1.0,6.0,3.0,6.0,7.0
1063,1_VID_20231026_124349435__f010086__t045.jpg,1228.086304,359.2710876,1403.134155,751.5797729,0.85198009,233.8510579,DEM,5,2,4,2.0,1.0,1.0,7.0,3.0,7.0,8.0
1064,1_VID_20231026_124349435__f010103__t121.jpg,1474.27063,330.9402771,1609.320923,744.0361328,0.849799156,237.5404716,DEM,4,1,3,2.0,1.0,1.0,6.0,2.0,6.0,7.0
1065,1_VID_20231026_124349435__f010106__t036.jpg,1085.158691,333.0805359,1217.356689,744.6928101,0.831268728,239.557717,DEM,5,2,4,2.0,1.0,1.0,7.0,3.0,7.0,8.0
1069,1_VID_20231026_124349435__f010119__t116.jpg,186.6081848,374.5037231,437.0024719,885.2523804,0.711775243,236.7688517,DEM,4,4,4,2.0,1.0,1.0,6.0,5.0,8.0,9.0
1071,1_VID_20231026_124349435__f010176__t045.jpg,1212.754761,341.5555115,1396.769287,753.1535645,0.874702871,242.653296,DEM,4,2,4,2.0,1.0,1.0,6.0,3.0,6.0,7.0
1072,1_VID_20231026_124349435__f010193__t121.jpg,1470.48877,314.3978577,1637.831421,734.3865356,0.817641199,240.9018315,DEM,4,1,3,2.0,1.0,1.0,6.0,2.0,6.0,7.0
1073,1_VID_20231026_124349435__f010196__t036.jpg,1077.625122,360.346283,1222.297607,746.664917,0.828623712,241.3832156,DEM,6,2,6,2.0,1.0,1.0,8.0,3.0,8.0,9.0
1076,1_VID_20231026_124349435__f010209__t116.jpg,133.6973877,473.9475403,352.6365967,934.5789795,0.677880645,228.3371189,DEM,3,2,3,2.0,1.0,1.0,5.0,3.0,4.0,5.0
1080,1_VID_20231026_124349435__f010266__t045.jpg,1211.800903,351.0270691,1370.427734,745.7636108,0.844533682,234.8911793,DEM,3,4,3,2.0,1.0,1.0,5.0,5.0,6.0,7.0
1082,1_VID_20231026_124349435__f010286__t036.jpg,1042.594727,392.1940918,1193.287231,763.4729614,0.878228605,234.4789848,DEM,4,4,4,2.0,1.0,1.0,6.0,5.0,8.0,9.0
1084,1_VID_20231026_124349435__f010299__t116.jpg,153.027771,422.8606873,416.5317688,946.3644409,0.620324731,237.5497896,DEM,4,2,4,2.0,1.0,1.0,6.0,3.0,6.0,7.0
1086,1_VID_20231026_124349435__f010347__t130.jpg,463.8706665,379.9815063,659.2701416,842.559082,0.844588459,240.8446005,DEM,4,4,4,2.0,1.0,1.0,6.0,5.0,8.0,9.0
1087,1_VID_20231026_124349435__f010356__t045.jpg,1177.48584,355.6731567,1347.18457,778.8307495,0.857515991,249.4050611,DEM,3,4,3,2.0,1.0,1.0,5.0,5.0,6.0,7.0
1089,1_VID_20231026_124349435__f010376__t036.jpg,1008.898376,386.9754639,1153.181152,774.3609619,0.800584376,250.7216443,DEM,4,4,4,2.0,1.0,1.0,6.0,5.0,8.0,9.0
1090,1_VID_20231026_124349435__f010378__t058.jpg,1508.56958,470.7812805,1740.938965,790.5519409,0.697974741,255.7468503,DEM,6,5,8,2.0,1.0,1.0,8.0,6.0,10.0,11.0
1091,1_VID_20231026_124349435__f010389__t116.jpg,73.76649475,425.2346191,304.0203552,933.3842163,0.828821838,253.5252007,DEM,4,2,4,2.0,1.0,1.0,6.0,3.0,6.0,7.0
1094,1_VID_20231026_124349435__f010446__t045.jpg,1182.995605,383.7351379,1356.011597,784.8011475,0.853454113,259.4463467,DEM,3,4,3,2.0,1.0,1.0,5.0,5.0,6.0,7.0
1096,1_VID_20231026_124349435__f010466__t036.jpg,1032.591431,361.8858948,1165.937012,778.4251709,0.831079423,244.1551469,DEM,5,2,4,2.0,1.0,1.0,7.0,3.0,7.0,8.0
1098,1_VID_20231026_124349435__f010479__t116.jpg,66.88545227,458.7975769,340.7382202,952.9102783,0.901802182,252.3912179,DEM,6,4,7,2.0,1.0,1.0,8.0,5.0,10.0,11.0
1099,1_VID_20231026_124349435__f010508__t132.jpg,370.0415344,457.1392212,669.5234985,960.9273682,0.833230734,254.0295042,DEM,6,5,8,2.0,1.0,1.0,8.0,6.0,10.0,11.0
1101,1_VID_20231026_124349435__f010536__t045.jpg,1186.493896,363.5827332,1343.228271,783.6638794,0.863749325,251.0465673,DEM,3,2,3,2.0,1.0,1.0,5.0,3.0,4.0,5.0
1103,1_VID_20231026_124349435__f010556__t036.jpg,1046.433105,364.8147583,1196.420776,773.9522095,0.853186131,244.0136947,DEM,5,2,4,2.0,1.0,1.0,7.0,3.0,7.0,8.0
1104,1_VID_20231026_124349435__f010558__t058.jpg,1517.374756,480.9988403,1789.317749,828.366272,0.824075818,245.4732018,DEM,6,5,8,2.0,1.0,1.0,8.0,6.0,10.0,11.0
1105,1_VID_20231026_124349435__f010569__t116.jpg,34.35063934,430.0777893,376.2234497,938.9240112,0.924360871,246.6873177,DEM,4,4,4,2.0,1.0,1.0,6.0,5.0,8.0,9.0
1106,1_VID_20231026_124349435__f010598__t132.jpg,348.5292358,492.5179443,663.4224243,955.6343994,0.910660267,249.5146327,DEM,6,4,7,2.0,1.0,1.0,8.0,5.0,10.0,11.0
1108,1_VID_20231026_124349435__f010626__t045.jpg,1174.057739,408.2737427,1329.108398,797.4595947,0.867933273,253.17065,DEM,5,4,5,2.0,1.0,1.0,7.0,5.0,9.0,10.0
1110,1_VID_20231026_124349435__f010646__t036.jpg,1012.811035,386.6674805,1181.098022,793.1706543,0.878213346,248.0760584,DEM,5,4,5,2.0,1.0,1.0,7.0,5.0,9.0,10.0
1112,1_VID_20231026_124349435__f010659__t116.jpg,9.952551842,479.0873108,329.2796936,981.4532471,0.8800053,254.2864235,DEM,4,2,4,2.0,1.0,1.0,6.0,3.0,6.0,7.0
1116,1_VID_20231026_124349435__f010716__t045.jpg,1186.293945,416.8665466,1343.958008,796.1363525,0.835708082,253.2954416,DEM,4,4,4,2.0,1.0,1.0,6.0,5.0,8.0,9.0
1118,1_VID_20231026_124349435__f010736__t036.jpg,1022.972351,389.4564209,1199.30542,791.996521,0.861189127,248.5849966,DEM,5,4,5,2.0,1.0,1.0,7.0,5.0,9.0,10.0
1119,1_VID_20231026_124349435__f010738__t058.jpg,1501.856323,504.0761414,1757.682983,834.1193237,0.865048707,247.6059895,DEM,6,5,8,2.0,1.0,1.0,8.0,6.0,10.0,11.0
1120,1_VID_20231026_124349435__f010749__t116.jpg,7.231134892,527.7546387,318.311554,964.8577881,0.880829513,253.5802078,DEM,4,4,4,2.0,1.0,1.0,6.0,5.0,8.0,9.0
1123,1_VID_20231026_124349435__f010806__t045.jpg,1070.192993,410.2369385,1231.14856,783.3192139,0.838038266,258.2170133,DEM,5,4,5,2.0,1.0,1.0,7.0,5.0,9.0,10.0
1126,1_VID_20231026_124349435__f010826__t036.jpg,943.3584595,364.2223511,1091.894897,792.7877197,0.885900438,247.5868306,DEM,4,2,4,2.0,1.0,1.0,6.0,3.0,6.0,7.0
1128,1_VID_20231026_124349435__f010828__t058.jpg,1445.782593,467.4881592,1698.187012,824.7545776,0.871658087,244.3631715,DEM,5,8,8,2.0,1.0,1.0,7.0,9.0,10.0,11.0
1130,1_VID_20231026_124349435__f010839__t116.jpg,4.278846264,541.9520264,308.8945313,1018.522766,0.904061615,246.6822091,DEM,5,4,5,2.0,1.0,1.0,7.0,5.0,9.0,10.0
1137,1_VID_20231026_124349435__f010896__t045.jpg,1219.005005,430.8028564,1376.4198,807.6395264,0.856550515,244.398994,DEM,3,4,3,2.0,1.0,1.0,5.0,5.0,6.0,7.0
1138,1_VID_20231026_124349435__f010903__t141.jpg,474.5202026,388.5491333,640.6743774,862.1912231,0.545095801,247.781875,DEM,3,1,2,2.0,1.0,1.0,5.0,2.0,4.0,5.0
1139,1_VID_20231026_124349435__f010916__t036.jpg,1050.740112,359.6357727,1223.669189,776.7890015,0.874309063,245.6644285,DEM,4,2,4,2.0,1.0,1.0,6.0,3.0,6.0,7.0
1140,1_VID_20231026_124349435__f010918__t058.jpg,1541.631714,528.944458,1760.890137,833.2019653,0.812096357,236.7526364,DEM,8,7,10,2.0,1.0,1.0,10.0,8.0,12.0,13.0
1141,1_VID_20231026_124349435__f010929__t116.jpg,11.45457649,461.2243347,369.4829407,934.8455811,0.89060545,240.4357292,DEM,5,4,5,2.0,1.0,1.0,7.0,5.0,9.0,10.0
1143,1_VID_20231026_124349435__f010958__t132.jpg,285.4763184,387.2941284,536.1456299,935.3354492,0.735100746,241.7699662,DEM,6,4,7,2.0,1.0,1.0,8.0,5.0,10.0,11.0
1145,1_VID_20231026_124349435__f010986__t045.jpg,1189.356934,411.1651306,1365.213989,789.8926392,0.840817273,246.3015012,DEM,2,4,3,2.0,1.0,1.0,4.0,5.0,5.0,6.0
1147,1_VID_20231026_124349435__f011006__t036.jpg,1041.571289,382.3447571,1227.666016,785.5455322,0.880057871,257.2787619,DEM,3,4,3,2.0,1.0,1.0,5.0,5.0,6.0,7.0
1148,1_VID_20231026_124349435__f011008__t058.jpg,1534.687744,527.3566895,1767.009033,845.8598022,0.801956296,256.886604,DEM,8,7,10,2.0,1.0,1.0,10.0,8.0,12.0,13.0
1149,1_VID_20231026_124349435__f011019__t116.jpg,0.921704471,470.6851501,347.6543884,968.1444092,0.910865664,257.808458,DEM,4,4,4,2.0,1.0,1.0,6.0,5.0,8.0,9.0
1151,1_VID_20231026_124349435__f011048__t132.jpg,254.1727753,413.3363037,504.3961792,954.3480835,0.888470411,260.5895943,DEM,3,2,3,2.0,1.0,1.0,5.0,3.0,4.0,5.0
1153,1_VID_20231026_124349435__f011076__t045.jpg,1218.811401,386.8100891,1374.232056,773.3652344,0.844444036,260.1250628,DEM,4,4,4,2.0,1.0,1.0,6.0,5.0,8.0,9.0
1154,1_VID_20231026_124349435__f011083__t141.jpg,483.9211731,406.5536499,627.3129272,843.9713745,0.781991899,264.5389047,DEM,4,1,3,2.0,1.0,1.0,6.0,2.0,6.0,7.0
1155,1_VID_20231026_124349435__f011096__t036.jpg,1053.791992,360.0236816,1232.602783,763.7036133,0.846976519,271.7043841,DEM,4,4,4,2.0,1.0,1.0,6.0,5.0,8.0,9.0
1156,1_VID_20231026_124349435__f011098__t058.jpg,1532.882568,498.5117188,1742.176758,815.3099976,0.759705722,272.3043422,DEM,7,7,9,2.0,1.0,1.0,9.0,8.0,11.0,12.0
1157,1_VID_20231026_124349435__f011109__t116.jpg,30.9998188,493.2846069,269.9589539,972.6658936,0.895769596,265.8451628,DEM,4,2,4,2.0,1.0,1.0,6.0,3.0,6.0,7.0
1159,1_VID_20231026_124349435__f011138__t132.jpg,323.4428711,384.1056519,552.2397461,929.6069336,0.852745712,266.1004726,DEM,5,4,5,2.0,1.0,1.0,7.0,5.0,9.0,10.0
1161,1_VID_20231026_124349435__f011166__t045.jpg,1215.747314,344.2147522,1373.078369,734.1607056,0.859876335,257.7456876,DEM,2,4,3,2.0,1.0,1.0,4.0,5.0,5.0,6.0
1162,1_VID_20231026_124349435__f011173__t141.jpg,506.5623779,365.4347229,653.4197388,806.8938599,0.755668402,264.4011843,DEM,3,1,2,2.0,1.0,1.0,5.0,2.0,4.0,5.0
1163,1_VID_20231026_124349435__f011186__t036.jpg,1061.710938,337.4654236,1250.469482,743.1014404,0.875953734,267.2677972,DEM,3,2,3,2.0,1.0,1.0,5.0,3.0,4.0,5.0
1164,1_VID_20231026_124349435__f011188__t058.jpg,1524.540649,462.5785522,1743.593384,753.9186401,0.857198477,268.6153078,DEM,8,7,10,2.0,1.0,1.0,10.0,8.0,12.0,13.0
1165,1_VID_20231026_124349435__f011199__t116.jpg,83.13109589,432.3165283,374.6020203,933.0045776,0.887022674,260.3733299,DEM,4,2,4,2.0,1.0,1.0,6.0,3.0,6.0,7.0
1168,1_VID_20231026_124349435__f011228__t132.jpg,300.775116,398.1706238,523.031189,911.1049194,0.833463788,265.4593648,DEM,3,1,2,2.0,1.0,1.0,5.0,2.0,4.0,5.0
1171,1_VID_20231026_124349435__f011256__t045.jpg,1233.116333,321.4835205,1386.141846,741.572876,0.861219943,267.3009402,DEM,4,2,4,2.0,1.0,1.0,6.0,3.0,6.0,7.0
1172,1_VID_20231026_124349435__f011263__t141.jpg,526.6004639,348.5767822,667.2823486,654.4841919,0.63455385,257.3897341,DEM,4,1,3,2.0,1.0,1.0,6.0,2.0,6.0,7.0
1173,1_VID_20231026_124349435__f011276__t036.jpg,1058.946655,328.9191284,1245.349365,733.7530518,0.861337602,266.9720764,DEM,3,4,3,2.0,1.0,1.0,5.0,5.0,6.0,7.0
1174,1_VID_20231026_124349435__f011278__t058.jpg,1548.232666,433.392334,1812.222412,783.1000366,0.691990316,268.6032644,DEM,8,7,10,2.0,1.0,1.0,10.0,8.0,12.0,13.0
1175,1_VID_20231026_124349435__f011289__t116.jpg,150.3368225,373.8334351,416.0778809,912.2427368,0.895366669,253.3924865,DEM,3,1,2,2.0,1.0,1.0,5.0,2.0,4.0,5.0
1178,1_VID_20231026_124349435__f011318__t132.jpg,303.3897095,403.4736328,527.1403809,948.394165,0.816715002,261.7548238,DEM,3,4,3,2.0,1.0,1.0,5.0,5.0,6.0,7.0
1179,1_VID_20231026_124349435__f011343__t116.jpg,109.1684341,593.354187,340.4584656,1080.0,0.877046347,257.2992961,DEM,4,1,3,2.0,1.0,1.0,6.0,2.0,6.0,7.0
1181,1_VID_20231026_124349435__f011348__t132.jpg,271.714325,585.9781494,496.827179,1076.320679,0.842494488,250.6477258,DEM,4,4,4,2.0,1.0,1.0,6.0,5.0,8.0,9.0
1185,1_VID_20231026_124349435__f011388__t143.jpg,1570.533691,396.4544678,1705.744019,794.0255127,0.497972399,288.8316843,DEM,8,7,10,2.0,1.0,1.0,10.0,8.0,12.0,13.0
1186,1_VID_20231026_124349435__f011404__t045.jpg,1283.725708,402.5369873,1453.533569,796.5859375,0.856781304,302.0851441,DEM,4,4,4,2.0,1.0,1.0,6.0,5.0,8.0,9.0
1187,1_VID_20231026_124349435__f011406__t036.jpg,1149.665283,381.2467651,1306.652954,791.4289551,0.798723519,310.0517906,DEM,5,4,5,2.0,1.0,1.0,7.0,5.0,9.0,10.0
1188,1_VID_20231026_124349435__f011421__t058.jpg,1606.317261,542.7236328,1830.429443,835.3624268,0.455871433,312.2540871,DEM,8,7,10,2.0,1.0,1.0,10.0,8.0,12.0,13.0
1189,1_VID_20231026_124349435__f011433__t116.jpg,178.3070831,450.8285522,418.0869141,976.5672607,0.894351542,306.4216979,DEM,4,2,4,2.0,1.0,1.0,6.0,3.0,6.0,7.0
1192,1_VID_20231026_124349435__f011438__t132.jpg,393.9100952,418.143219,615.489563,975.5835571,0.863360405,301.9718501,DEM,5,4,5,2.0,1.0,1.0,7.0,5.0,9.0,10.0
1195,1_VID_20231026_124349435__f011494__t045.jpg,1159.501221,479.1792908,1318.928955,847.8070679,0.870634675,263.4999966,DEM,4,4,4,2.0,1.0,1.0,6.0,5.0,8.0,9.0
1196,1_VID_20231026_124349435__f011496__t036.jpg,1032.675171,453.8518066,1209.379517,843.4077759,0.876248956,263.4345058,DEM,4,4,4,2.0,1.0,1.0,6.0,5.0,8.0,9.0
1198,1_VID_20231026_124349435__f011511__t058.jpg,1511.244019,573.772583,1729.582397,869.8302002,0.668409407,249.8835381,DEM,8,7,10,2.0,1.0,1.0,10.0,8.0,12.0,13.0
1199,1_VID_20231026_124349435__f011523__t116.jpg,69.01180267,451.5737915,315.7847595,969.7554932,0.883846581,255.0796301,DEM,4,2,4,2.0,1.0,1.0,6.0,3.0,6.0,7.0
1200,1_VID_20231026_124349435__f011528__t132.jpg,257.9160767,406.021759,498.38797,969.8423462,0.879343688,257.3106419,DEM,4,4,4,2.0,1.0,1.0,6.0,5.0,8.0,9.0
1201,1_VID_20231026_124349435__f011529__t141.jpg,437.8178406,392.3518372,579.4525757,841.3629761,0.697939813,256.4174266,DEM,3,1,2,2.0,1.0,1.0,5.0,2.0,4.0,5.0
1204,1_VID_20231026_124349435__f011584__t045.jpg,1169.379028,421.7713928,1334.140991,778.2509155,0.855914712,265.4260481,DEM,3,4,3,2.0,1.0,1.0,5.0,5.0,6.0,7.0
1206,1_VID_20231026_124349435__f011586__t036.jpg,998.4478149,410.9628601,1179.869629,776.8619385,0.868976414,267.8264601,DEM,2,4,3,2.0,1.0,1.0,4.0,5.0,5.0,6.0
1208,1_VID_20231026_124349435__f011601__t058.jpg,1507.225586,519.7037354,1735.013916,821.7946777,0.696320057,258.6014275,DEM,8,7,10,2.0,1.0,1.0,10.0,8.0,12.0,13.0
1209,1_VID_20231026_124349435__f011613__t116.jpg,111.7333069,430.0875244,357.3714294,978.9495239,0.852844656,264.0172447,DEM,4,1,3,2.0,1.0,1.0,6.0,2.0,6.0,7.0
1210,1_VID_20231026_124349435__f011618__t132.jpg,311.8866577,419.0218811,535.8953247,957.8518066,0.876552463,263.6190841,DEM,4,4,4,2.0,1.0,1.0,6.0,5.0,8.0,9.0
1211,1_VID_20231026_124349435__f011619__t141.jpg,533.7038574,375.2647705,722.8535767,823.1021118,0.741890788,264.8108904,DEM,4,1,3,2.0,1.0,1.0,6.0,2.0,6.0,7.0
1215,1_VID_20231026_124349435__f011674__t045.jpg,1205.604004,386.8274231,1362.774292,781.4216309,0.847802639,263.955879,DEM,3,4,3,2.0,1.0,1.0,5.0,5.0,6.0,7.0
1216,1_VID_20231026_124349435__f011676__t036.jpg,1049.346069,381.775238,1195.099854,784.8729858,0.874103725,267.5614169,DEM,4,2,4,2.0,1.0,1.0,6.0,3.0,6.0,7.0
1217,1_VID_20231026_124349435__f011691__t058.jpg,1494.140015,407.8234558,1742.577637,833.9528809,0.842712998,265.3652393,DEM,8,7,10,2.0,1.0,1.0,10.0,8.0,12.0,13.0
1218,1_VID_20231026_124349435__f011703__t116.jpg,87.64681244,449.4577332,355.6826172,971.437561,0.884227037,275.3952623,DEM,4,1,3,2.0,1.0,1.0,6.0,2.0,6.0,7.0
1219,1_VID_20231026_124349435__f011708__t132.jpg,298.7704468,427.0694885,529.1287231,969.3753052,0.830528498,275.2710204,DEM,4,2,4,2.0,1.0,1.0,6.0,3.0,6.0,7.0
1220,1_VID_20231026_124349435__f011709__t141.jpg,505.0969238,404.8571167,696.6141357,853.0405273,0.797128439,276.5413064,DEM,3,1,2,2.0,1.0,1.0,5.0,2.0,4.0,5.0
1222,1_VID_20231026_124349435__f011739__t147.jpg,1490.259033,548.7434082,1735.595581,861.3056641,0.772316456,272.6765515,DEM,6,5,8,2.0,1.0,1.0,8.0,6.0,10.0,11.0
1223,1_VID_20231026_124349435__f011764__t045.jpg,1205.672363,444.559906,1362.947021,813.9376831,0.843505144,279.0886184,DEM,3,4,3,2.0,1.0,1.0,5.0,5.0,6.0,7.0
1224,1_VID_20231026_124349435__f011766__t036.jpg,1045.361206,422.1484985,1190.583008,819.8134155,0.871388495,280.163282,DEM,4,4,4,2.0,1.0,1.0,6.0,5.0,8.0,9.0
1226,1_VID_20231026_124349435__f011793__t116.jpg,95.40502167,462.8282471,369.605835,983.1526489,0.859686613,274.830725,DEM,4,1,3,2.0,1.0,1.0,6.0,2.0,6.0,7.0
1227,1_VID_20231026_124349435__f011798__t132.jpg,307.7053528,425.4489746,541.6000977,965.581543,0.827044666,279.585105,DEM,5,4,5,2.0,1.0,1.0,7.0,5.0,9.0,10.0
1228,1_VID_20231026_124349435__f011799__t141.jpg,519.4390869,394.5786133,680.2233887,838.5148926,0.790399969,276.4627722,DEM,4,1,3,2.0,1.0,1.0,6.0,2.0,6.0,7.0
1230,1_VID_20231026_124349435__f011829__t147.jpg,1457.469849,450.2963562,1751.455322,850.3306885,0.794917643,275.428655,DEM,6,5,8,2.0,1.0,1.0,8.0,6.0,10.0,11.0
1231,1_VID_20231026_124349435__f011854__t045.jpg,1180.404053,442.8902893,1329.62854,816.1133423,0.87740922,282.9317289,DEM,3,4,3,2.0,1.0,1.0,5.0,5.0,6.0,7.0
1232,1_VID_20231026_124349435__f011856__t036.jpg,1009.276001,413.5401611,1159.512329,818.8383789,0.846007526,285.3623571,DEM,4,4,4,2.0,1.0,1.0,6.0,5.0,8.0,9.0
1234,1_VID_20231026_124349435__f011883__t116.jpg,62.91973877,469.3999329,361.5404968,992.7711792,0.820268035,281.4855474,DEM,4,2,4,2.0,1.0,1.0,6.0,3.0,6.0,7.0
1235,1_VID_20231026_124349435__f011888__t132.jpg,307.6854858,418.9881592,519.2015991,985.9854126,0.845099926,283.8321571,DEM,5,2,4,2.0,1.0,1.0,7.0,3.0,7.0,8.0
1236,1_VID_20231026_124349435__f011889__t141.jpg,495.7382202,411.7702942,678.6154785,862.2664795,0.843818307,283.1481114,DEM,5,2,4,2.0,1.0,1.0,7.0,3.0,7.0,8.0
1238,1_VID_20231026_124349435__f011919__t147.jpg,1464.103516,554.3183594,1689.710449,872.1245117,0.918337286,285.3650504,DEM,5,4,5,2.0,1.0,1.0,7.0,5.0,9.0,10.0
1239,1_VID_20231026_124349435__f011944__t045.jpg,1163.388428,464.3695984,1319.139404,830.6986084,0.885450065,284.5505449,DEM,3,4,3,2.0,1.0,1.0,5.0,5.0,6.0,7.0
1240,1_VID_20231026_124349435__f011946__t036.jpg,987.1553345,436.3537598,1142.544312,835.7240601,0.872448385,285.7124093,DEM,4,4,4,2.0,1.0,1.0,6.0,5.0,8.0,9.0
1242,1_VID_20231026_124349435__f011973__t116.jpg,18.89409828,453.1429443,289.8137512,1006.090637,0.900973141,278.8872922,DEM,4,1,3,2.0,1.0,1.0,6.0,2.0,6.0,7.0
1243,1_VID_20231026_124349435__f011978__t132.jpg,258.9467468,460.0289917,492.9548645,999.7297974,0.849336267,277.8772127,DEM,4,4,4,2.0,1.0,1.0,6.0,5.0,8.0,9.0
1244,1_VID_20231026_124349435__f011979__t141.jpg,471.9029236,448.2986755,662.2311401,875.8699341,0.830232143,279.6409547,DEM,4,1,3,2.0,1.0,1.0,6.0,2.0,6.0,7.0
1246,1_VID_20231026_124349435__f012009__t147.jpg,1431.555786,559.2767944,1653.935669,854.2528076,0.884825706,284.1951834,DEM,8,5,10,2.0,1.0,1.0,10.0,6.0,11.0,12.0
1247,1_VID_20231026_124349435__f012034__t045.jpg,1101.957153,378.7878113,1292.2948,809.0650024,0.896615505,280.89535,DEM,3,2,3,2.0,1.0,1.0,5.0,3.0,4.0,5.0
1248,1_VID_20231026_124349435__f012036__t036.jpg,950.8570557,371.6722107,1074.970459,806.8269653,0.82278353,279.4565278,DEM,3,1,2,2.0,1.0,1.0,5.0,2.0,4.0,5.0
1250,1_VID_20231026_124349435__f012063__t116.jpg,0.0,440.2995911,277.7911377,1005.390686,0.904643655,284.9147327,DEM,3,1,2,2.0,1.0,1.0,5.0,2.0,4.0,5.0
1251,1_VID_20231026_124349435__f012068__t132.jpg,247.1708832,451.3414612,502.5332336,988.7227783,0.872833371,291.0591642,DEM,5,4,5,2.0,1.0,1.0,7.0,5.0,9.0,10.0
1252,1_VID_20231026_124349435__f012069__t141.jpg,474.665741,422.2553711,653.4990234,856.8765259,0.801643908,290.5511683,DEM,5,2,4,2.0,1.0,1.0,7.0,3.0,7.0,8.0
1254,1_VID_20231026_124349435__f012099__t147.jpg,1452.657104,537.8012085,1677.29834,836.878418,0.71566391,289.2340948,DEM,8,7,10,2.0,1.0,1.0,10.0,8.0,12.0,13.0
1255,1_VID_20231026_124349435__f012124__t045.jpg,1088.238892,400.3486328,1299.484253,803.814209,0.877659857,280.2148095,DEM,4,4,4,2.0,1.0,1.0,6.0,5.0,8.0,9.0
1256,1_VID_20231026_124349435__f012126__t036.jpg,945.7562866,388.7866821,1086.210571,810.9311523,0.809541166,285.7484806,DEM,5,2,4,2.0,1.0,1.0,7.0,3.0,7.0,8.0
1258,1_VID_20231026_124349435__f012153__t116.jpg,22.18692017,470.3048096,301.8063049,989.5525513,0.882475376,291.6436125,DEM,3,1,2,2.0,1.0,1.0,5.0,2.0,4.0,5.0
1259,1_VID_20231026_124349435__f012158__t132.jpg,282.467926,434.4473877,533.140564,979.6951294,0.866227686,283.2414323,DEM,5,2,4,2.0,1.0,1.0,7.0,3.0,7.0,8.0
1260,1_VID_20231026_124349435__f012163__t141.jpg,530.145813,435.7538757,693.9772949,857.6300659,0.636604428,278.9164265,DEM,4,2,4,2.0,1.0,1.0,6.0,3.0,6.0,7.0
1262,1_VID_20231026_124349435__f012189__t147.jpg,1460.117554,542.5788574,1688.357178,844.9512329,0.750139534,278.6657392,DEM,8,7,10,2.0,1.0,1.0,10.0,8.0,12.0,13.0
1263,1_VID_20231026_124349435__f012214__t045.jpg,1155.808472,427.6889038,1331.605591,818.3383179,0.873943627,292.381451,DEM,4,2,4,2.0,1.0,1.0,6.0,3.0,6.0,7.0
1264,1_VID_20231026_124349435__f012216__t036.jpg,977.239624,409.4276428,1104.956543,822.4103394,0.8208915,281.956563,DEM,4,2,4,2.0,1.0,1.0,6.0,3.0,6.0,7.0
1266,1_VID_20231026_124349435__f012243__t116.jpg,21.07765198,525.0397339,310.2532349,1007.173645,0.887895942,288.5940096,DEM,4,2,4,2.0,1.0,1.0,6.0,3.0,6.0,7.0
1267,1_VID_20231026_124349435__f012248__t132.jpg,287.04776,465.2538452,538.3047485,1008.831909,0.861762404,281.4397822,DEM,4,4,4,2.0,1.0,1.0,6.0,5.0,8.0,9.0
1268,1_VID_20231026_124349435__f012249__t141.jpg,506.1394043,447.8252869,702.8485718,878.6342773,0.846325457,283.9108458,DEM,4,1,3,2.0,1.0,1.0,6.0,2.0,6.0,7.0
1272,1_VID_20231026_124349435__f012279__t147.jpg,1466.719482,569.5834351,1682.278442,877.6225586,0.842479944,274.2000216,DEM,7,7,9,2.0,1.0,1.0,9.0,8.0,11.0,12.0
1274,1_VID_20231026_124349435__f012304__t045.jpg,1133.481079,409.3184509,1306.789429,812.9281616,0.853557348,282.6980221,DEM,3,2,3,2.0,1.0,1.0,5.0,3.0,4.0,5.0
1275,1_VID_20231026_124349435__f012306__t036.jpg,965.4495239,408.3817749,1119.970947,815.6854858,0.844839573,282.5493494,DEM,3,2,3,2.0,1.0,1.0,5.0,3.0,4.0,5.0
1278,1_VID_20231026_124349435__f012333__t116.jpg,26.1356926,452.9336243,261.1574707,979.3527832,0.896308541,294.0906853,DEM,4,1,3,2.0,1.0,1.0,6.0,2.0,6.0,7.0
1279,1_VID_20231026_124349435__f012338__t132.jpg,216.3635254,420.4631958,538.453186,977.5427246,0.857682824,286.6917242,DEM,5,2,4,2.0,1.0,1.0,7.0,3.0,7.0,8.0
1280,1_VID_20231026_124349435__f012339__t141.jpg,548.5870972,421.2382507,741.7510376,846.0383301,0.833472431,275.0810782,DEM,4,2,4,2.0,1.0,1.0,6.0,3.0,6.0,7.0
1284,1_VID_20231026_124349435__f012369__t147.jpg,1483.937866,560.2763672,1690.601685,879.0209351,0.815435052,289.5644429,DEM,5,4,5,2.0,1.0,1.0,7.0,5.0,9.0,10.0
1286,1_VID_20231026_124349435__f012394__t045.jpg,1118.405762,431.7668762,1309.042969,808.8710327,0.85735333,299.1900154,DEM,4,4,4,2.0,1.0,1.0,6.0,5.0,8.0,9.0
1288,1_VID_20231026_124349435__f012396__t036.jpg,966.7490845,405.5080566,1127.680054,804.3030396,0.864544094,296.870323,DEM,4,4,4,2.0,1.0,1.0,6.0,5.0,8.0,9.0
1289,1_VID_20231026_124349435__f012423__t116.jpg,56.92934418,451.0724182,331.0679932,950.6786499,0.898187399,284.156332,DEM,4,2,4,2.0,1.0,1.0,6.0,3.0,6.0,7.0
1290,1_VID_20231026_124349435__f012428__t132.jpg,321.1298828,423.6109009,523.2792969,919.0577393,0.818059206,279.6930617,DEM,5,2,4,2.0,1.0,1.0,7.0,3.0,7.0,8.0
1291,1_VID_20231026_124349435__f012428__t141.jpg,505.1083069,489.9409485,702.3181152,852.3790283,0.544623435,279.6930617,DEM,3,4,3,2.0,1.0,1.0,5.0,5.0,6.0,7.0
1293,1_VID_20231026_124349435__f012459__t147.jpg,1458.112061,455.7710876,1680.992432,784.7937012,0.898320913,287.4471092,DEM,6,5,8,2.0,1.0,1.0,8.0,6.0,10.0,11.0
1294,1_VID_20231026_124349435__f012484__t045.jpg,1161.719727,368.9837952,1346.098022,733.3291016,0.849424422,287.0494665,DEM,3,4,3,2.0,1.0,1.0,5.0,5.0,6.0,7.0
1295,1_VID_20231026_124349435__f012486__t036.jpg,989.9430542,336.9059448,1189.054199,741.7861938,0.850994885,286.1018198,DEM,4,4,4,2.0,1.0,1.0,6.0,5.0,8.0,9.0
1296,1_VID_20231026_124349435__f012513__t116.jpg,99.21242523,432.2138062,373.7706909,909.1946411,0.867763579,289.0331141,DEM,4,2,4,2.0,1.0,1.0,6.0,3.0,6.0,7.0
1298,1_VID_20231026_124349435__f012518__t132.jpg,250.3763428,319.0345764,482.6676025,898.5900879,0.771803021,285.8444689,DEM,4,4,4,2.0,1.0,1.0,6.0,5.0,8.0,9.0
1299,1_VID_20231026_124349435__f012519__t141.jpg,509.2631226,322.9611206,717.3234863,778.9822388,0.817305088,288.6582571,DEM,4,1,3,2.0,1.0,1.0,6.0,2.0,6.0,7.0
1301,1_VID_20231026_124349435__f012549__t147.jpg,1459.331543,478.8817749,1708.891968,794.8057861,0.786951721,286.4733757,DEM,6,5,8,2.0,1.0,1.0,8.0,6.0,10.0,11.0
1302,1_VID_20231026_124349435__f012574__t045.jpg,1140.517456,339.6152039,1325.423584,760.8729858,0.881145775,277.6061391,DEM,3,2,3,2.0,1.0,1.0,5.0,3.0,4.0,5.0
1304,1_VID_20231026_124349435__f012576__t036.jpg,948.7391357,334.7563171,1100.578369,754.9326782,0.851344943,284.5919492,DEM,3,2,3,2.0,1.0,1.0,5.0,3.0,4.0,5.0
1305,2_3 Demolishers__f000061__t002.jpg,161.5576935,472.1016846,334.5794678,720.7351074,0.823161542,1125.22102,DEM,6,2,6,2.0,1.0,1.0,8.0,3.0,8.0,9.0
1307,2_3 Demolishers__f000069__t001.jpg,566.1914063,204.5162048,712.8855591,653.2776489,0.835165799,1109.606919,DEM,3,1,2,2.0,1.0,1.0,5.0,2.0,4.0,5.0
1312,2_3 Demolishers__f000249__t001.jpg,588.2354736,176.4982452,747.7994995,621.7079468,0.879959881,1088.782226,DEM,3,1,2,2.0,1.0,1.0,5.0,2.0,4.0,5.0
1314,2_3 Demolishers__f000429__t001.jpg,602.0776978,160.8206635,761.0941772,612.3846436,0.864702165,1134.843393,DEM,3,1,2,2.0,1.0,1.0,5.0,2.0,4.0,5.0
1317,2_3 Demolishers__f000609__t001.jpg,603.2276001,156.3959351,769.5115356,604.2003174,0.877126873,1227.182296,DEM,4,1,3,2.0,1.0,1.0,6.0,2.0,6.0,7.0
1321,2_3 Demolishers__f000789__t001.jpg,638.2044067,195.1936798,816.6156006,597.4770508,0.917882085,1039.480403,DEM,4,2,4,2.0,1.0,1.0,6.0,3.0,6.0,7.0
1325,2_3 Demolishers__f001149__t001.jpg,601.9749146,375.7966003,752.9443359,626.7024536,0.763905883,581.1167655,DEM,5,1,4,2.0,1.0,1.0,7.0,2.0,7.0,8.0
1326,2_3 Demolishers__f001195__t002.jpg,279.6185913,426.1969604,431.901825,642.3952026,0.866444468,804.3817678,DEM,7,2,7,2.0,1.0,1.0,9.0,3.0,9.0,10.0
1330,2_3 Demolishers__f001319__t002.jpg,212.5946045,499.2044067,416.6460266,710.1939087,0.657090187,306.1591618,DEM,6,1,6,2.0,1.0,1.0,8.0,2.0,8.0,9.0
1331,2_3 Demolishers__f001329__t001.jpg,543.3945313,407.5604553,685.484436,634.1677856,0.853103161,600.9414871,DEM,5,4,5,2.0,1.0,1.0,7.0,5.0,9.0,10.0
1332,2_3 Demolishers__f001426__t011.jpg,226.2829132,447.7963562,395.5530396,697.744751,0.847751617,995.0977397,DEM,6,2,6,2.0,1.0,1.0,8.0,3.0,8.0,9.0
1333,2_3 Demolishers__f001509__t001.jpg,545.6760864,408.1653442,701.2560425,643.6717529,0.848419428,976.3529538,DEM,6,4,7,2.0,1.0,1.0,8.0,5.0,10.0,11.0
1334,2_3 Demolishers__f001606__t011.jpg,248.8154602,463.6343384,407.5531616,693.3565674,0.825095296,935.2593078,DEM,6,2,6,2.0,1.0,1.0,8.0,3.0,8.0,9.0
1337,2_3 Demolishers__f001689__t001.jpg,553.9741211,411.2384338,707.3345947,624.9481201,0.863869369,1074.167713,DEM,6,4,7,2.0,1.0,1.0,8.0,5.0,10.0,11.0
1339,2_3 Demolishers__f001786__t011.jpg,240.0803833,451.815918,396.8209229,668.1173096,0.848185182,802.3769577,DEM,7,2,7,2.0,1.0,1.0,9.0,3.0,9.0,10.0
1342,2_3 Demolishers__f001869__t001.jpg,535.0540771,404.6572266,707.3521729,661.5176392,0.84578687,1019.183955,DEM,5,4,5,2.0,1.0,1.0,7.0,5.0,9.0,10.0
1344,2_3 Demolishers__f001966__t011.jpg,230.219986,447.2198486,386.0594788,703.6573486,0.867406249,694.0399783,DEM,5,2,4,2.0,1.0,1.0,7.0,3.0,7.0,8.0
1347,2_3 Demolishers__f002049__t001.jpg,582.019104,368.3643799,779.5942383,612.3733521,0.889643133,1110.49855,DEM,6,4,7,2.0,1.0,1.0,8.0,5.0,10.0,11.0
1349,2_3 Demolishers__f002146__t011.jpg,267.3512878,430.6742249,437.7015686,649.8803101,0.841371596,1106.444654,DEM,7,4,8,2.0,1.0,1.0,9.0,5.0,10.0,11.0
1351,2_3 Demolishers__f002229__t001.jpg,580.0162964,349.4694519,721.1960449,603.2694702,0.846865475,1124.663813,DEM,5,4,5,2.0,1.0,1.0,7.0,5.0,9.0,10.0
1353,2_3 Demolishers__f002326__t011.jpg,250.3796844,414.4656982,423.2184753,654.9642334,0.888115764,1119.351137,DEM,7,2,7,2.0,1.0,1.0,9.0,3.0,9.0,10.0
1354,2_3 Demolishers__f002409__t001.jpg,545.0428467,353.8420715,707.8214722,609.1911621,0.83469075,1027.26815,DEM,6,1,6,2.0,1.0,1.0,8.0,2.0,8.0,9.0
1356,2_3 Demolishers__f002506__t011.jpg,225.0123444,409.2519836,408.1833801,649.9721069,0.871691287,1029.65784,DEM,6,2,6,2.0,1.0,1.0,8.0,3.0,8.0,9.0
1357,2_3 Demolishers__f002589__t001.jpg,539.4200439,347.1615601,700.7403564,608.5961304,0.81171006,864.2607904,DEM,5,2,4,2.0,1.0,1.0,7.0,3.0,7.0,8.0
1359,2_3 Demolishers__f002686__t011.jpg,249.6087036,420.3936462,431.6389465,655.8938599,0.841991007,1091.131664,DEM,6,4,7,2.0,1.0,1.0,8.0,5.0,10.0,11.0
1360,2_3 Demolishers__f002769__t001.jpg,538.3190308,331.9810486,702.845459,571.8261719,0.85634768,1117.090636,DEM,5,1,4,2.0,1.0,1.0,7.0,2.0,7.0,8.0
1362,2_3 Demolishers__f002866__t011.jpg,276.6233215,398.9978333,436.4820251,642.2816772,0.844528496,775.5664721,DEM,5,4,5,2.0,1.0,1.0,7.0,5.0,9.0,10.0
1363,2_3 Demolishers__f002949__t001.jpg,620.5276489,336.9095764,766.5001831,547.2609253,0.841065168,444.7863781,DEM,4,1,3,2.0,1.0,1.0,6.0,2.0,6.0,7.0
1365,2_3 Demolishers__f003046__t011.jpg,238.3508301,454.17453,421.2143555,694.3352051,0.814181626,559.2372014,DEM,2,2,2,2.0,1.0,1.0,4.0,3.0,4.0,5.0
1366,2_3 Demolishers__f003129__t001.jpg,509.5059509,271.37677,646.7150879,521.6483765,0.831771851,802.0924334,DEM,4,2,4,2.0,1.0,1.0,6.0,3.0,6.0,7.0
1368,2_3 Demolishers__f003226__t011.jpg,225.5980988,354.8327026,423.6267395,589.0717163,0.833581984,1047.416892,DEM,8,2,8,2.0,1.0,1.0,10.0,3.0,10.0,11.0
1369,2_3 Demolishers__f003309__t001.jpg,505.89328,276.7709045,645.6218872,506.1281128,0.868897557,1067.794411,DEM,5,4,5,2.0,1.0,1.0,7.0,5.0,9.0,10.0
1371,2_3 Demolishers__f003406__t011.jpg,212.8417511,347.3640442,387.663269,600.9199829,0.847306013,1034.463719,DEM,8,2,8,2.0,1.0,1.0,10.0,3.0,10.0,11.0
1372,2_3 Demolishers__f003489__t001.jpg,483.489502,265.7304077,634.9345093,497.3013306,0.857728839,1076.926637,DEM,5,4,5,2.0,1.0,1.0,7.0,5.0,9.0,10.0
1374,2_3 Demolishers__f003586__t011.jpg,219.8909912,337.6669312,432.7368469,586.1530762,0.816439509,646.9291135,DEM,5,2,4,2.0,1.0,1.0,7.0,3.0,7.0,8.0
1375,2_3 Demolishers__f003669__t001.jpg,425.1984863,287.4684448,565.4424438,524.8690186,0.850212395,834.3779296,DEM,6,2,6,2.0,1.0,1.0,8.0,3.0,8.0,9.0
1377,2_3 Demolishers__f003766__t011.jpg,156.8498688,369.510498,328.448822,616.2727051,0.845773995,1095.285185,DEM,8,2,8,2.0,1.0,1.0,10.0,3.0,10.0,11.0
1378,2_3 Demolishers__f003849__t001.jpg,453.75,301.4923401,588.3013306,537.7143555,0.867299557,1067.895089,DEM,5,2,4,2.0,1.0,1.0,7.0,3.0,7.0,8.0
1380,2_3 Demolishers__f003946__t011.jpg,193.4729004,389.9958496,401.4402466,625.2120361,0.843912303,1085.984433,DEM,8,2,8,2.0,1.0,1.0,10.0,3.0,10.0,11.0
1381,2_3 Demolishers__f004029__t001.jpg,465.8586731,279.8926086,606.8441772,527.5628662,0.829020739,1091.651549,DEM,4,2,4,2.0,1.0,1.0,6.0,3.0,6.0,7.0
1382,2_3 Demolishers__f004100__t014.jpg,638.6538696,256.4602356,838.0048828,571.3267212,0.835844338,1070.28429,DEM,6,4,7,2.0,1.0,1.0,8.0,5.0,10.0,11.0
1383,2_3 Demolishers__f004126__t011.jpg,197.4941101,378.1109619,404.2335815,602.5974121,0.869931102,1073.913745,DEM,6,2,6,2.0,1.0,1.0,8.0,3.0,8.0,9.0
1384,2_3 Demolishers__f004209__t001.jpg,483.0328674,313.982666,628.7914429,531.8449707,0.800090492,1159.720981,DEM,5,4,5,2.0,1.0,1.0,7.0,5.0,9.0,10.0
1385,2_3 Demolishers__f004280__t014.jpg,620.5513306,286.3174133,847.1518555,576.5220337,0.741658866,1188.682371,DEM,8,5,10,2.0,1.0,1.0,10.0,6.0,11.0,12.0
1386,2_3 Demolishers__f004306__t011.jpg,198.5153656,376.3952332,406.2008972,611.5772095,0.871481597,1173.089486,DEM,7,4,8,2.0,1.0,1.0,9.0,5.0,10.0,11.0
1387,2_3 Demolishers__f004389__t001.jpg,484.8989258,335.0854797,608.755127,542.7825928,0.774843276,1168.851111,DEM,6,5,8,2.0,1.0,1.0,8.0,6.0,10.0,11.0
1388,2_3 Demolishers__f004460__t014.jpg,605.3813477,307.9388123,837.8430176,577.2947388,0.508546829,1082.897521,DEM,8,5,10,2.0,1.0,1.0,10.0,6.0,11.0,12.0
1389,2_3 Demolishers__f004486__t011.jpg,208.1944427,391.9303894,394.8592529,611.637207,0.883098006,1044.383504,DEM,5,4,5,2.0,1.0,1.0,7.0,5.0,9.0,10.0
1390,2_3 Demolishers__f004569__t001.jpg,467.8044128,313.7392273,619.1311646,538.7467651,0.824270368,1115.537955,DEM,5,4,5,2.0,1.0,1.0,7.0,5.0,9.0,10.0
1391,2_3 Demolishers__f004640__t014.jpg,646.3753052,298.425415,851.9832764,574.1247559,0.852757156,997.0722493,DEM,8,5,10,2.0,1.0,1.0,10.0,6.0,11.0,12.0
1392,2_3 Demolishers__f004666__t011.jpg,208.8529205,372.661377,446.3024902,605.4780884,0.861405611,1039.711237,DEM,7,2,7,2.0,1.0,1.0,9.0,3.0,9.0,10.0
1393,2_3 Demolishers__f004749__t001.jpg,460.2573242,301.4102783,599.4136963,524.4356079,0.799774289,1059.988393,DEM,4,2,4,2.0,1.0,1.0,6.0,3.0,6.0,7.0
1394,2_3 Demolishers__f004820__t014.jpg,655.6444702,283.3501892,851.6444092,556.9577026,0.761782169,1163.558459,DEM,8,5,10,2.0,1.0,1.0,10.0,6.0,11.0,12.0
1395,2_3 Demolishers__f004846__t011.jpg,208.6756897,349.1973267,397.8848877,590.3339233,0.867890894,1170.017839,DEM,7,2,7,2.0,1.0,1.0,9.0,3.0,9.0,10.0
1396,2_3 Demolishers__f004929__t001.jpg,453.9405212,299.9439392,614.2908325,521.1843872,0.82287693,1123.047351,DEM,6,2,6,2.0,1.0,1.0,8.0,3.0,8.0,9.0
1397,2_3 Demolishers__f005000__t014.jpg,657.3602295,291.6195679,850.1278687,563.9094849,0.759057939,1134.845087,DEM,8,5,10,2.0,1.0,1.0,10.0,6.0,11.0,12.0
1398,2_3 Demolishers__f005026__t011.jpg,201.7789001,350.377533,388.4375916,593.4749756,0.839055896,1096.524555,DEM,7,2,7,2.0,1.0,1.0,9.0,3.0,9.0,10.0
1399,2_3 Demolishers__f005109__t001.jpg,470.3093872,327.7147522,598.8924561,554.6880493,0.815080047,1066.091807,DEM,7,4,8,2.0,1.0,1.0,9.0,5.0,10.0,11.0
1400,2_3 Demolishers__f005180__t014.jpg,673.3109741,311.3356934,842.9145508,573.2024536,0.840068817,1077.010781,DEM,8,5,10,2.0,1.0,1.0,10.0,6.0,11.0,12.0
1401,2_3 Demolishers__f005206__t011.jpg,202.4256897,352.831665,378.8083496,609.1078491,0.848133504,1118.814866,DEM,6,1,6,2.0,1.0,1.0,8.0,2.0,8.0,9.0
1402,2_3 Demolishers__f005289__t001.jpg,467.6190186,321.721283,603.2646484,569.0369263,0.845171452,1131.243578,DEM,5,2,4,2.0,1.0,1.0,7.0,3.0,7.0,8.0
1403,2_3 Demolishers__f005360__t014.jpg,670.2966309,302.7947998,843.6739502,574.1513672,0.758600771,1127.463628,DEM,8,5,10,2.0,1.0,1.0,10.0,6.0,11.0,12.0
1404,2_3 Demolishers__f005386__t011.jpg,202.5488892,381.7355957,380.2304077,619.8378296,0.856335878,1100.205232,DEM,7,4,8,2.0,1.0,1.0,9.0,5.0,10.0,11.0
1405,2_3 Demolishers__f005469__t001.jpg,474.9589844,328.2810364,615.3969727,572.4199219,0.857990026,1081.090866,DEM,5,2,4,2.0,1.0,1.0,7.0,3.0,7.0,8.0
1407,2_3 Demolishers__f005566__t011.jpg,208.4096527,414.760376,381.2528992,627.3027954,0.842383504,1090.617955,DEM,8,4,9,2.0,1.0,1.0,10.0,5.0,11.0,12.0
1408,2_3 Demolishers__f005649__t001.jpg,536.199585,390.4683228,675.7277222,630.4628906,0.823817015,242.5049204,DEM,7,2,7,2.0,1.0,1.0,9.0,3.0,9.0,10.0
1410,2_3 Demolishers__f005746__t011.jpg,203.7683411,433.17453,413.1289673,679.1566772,0.787709713,146.0438698,DEM,7,2,7,2.0,1.0,1.0,9.0,3.0,9.0,10.0
1411,2_3 Demolishers__f005829__t001.jpg,432.5040283,585.7750244,569.6653442,806.5924072,0.851186037,473.2778771,DEM,4,4,4,2.0,1.0,1.0,6.0,5.0,8.0,9.0
1413,2_3 Demolishers__f005926__t011.jpg,240.9785767,608.3481445,448.4623413,823.9743042,0.838040948,1022.204071,DEM,7,4,8,2.0,1.0,1.0,9.0,5.0,10.0,11.0
1414,2_3 Demolishers__f006007__t011.jpg,137.2056427,517.6276245,393.3646851,805.9373169,0.877219617,334.6824704,DEM,7,4,8,2.0,1.0,1.0,9.0,5.0,10.0,11.0
1415,2_3 Demolishers__f006014__t001.jpg,453.9030457,455.098175,667.5734863,762.7893066,0.839496493,231.7818241,DEM,6,4,7,2.0,1.0,1.0,8.0,5.0,10.0,11.0
1416,2_3 Demolishers__f006016__t014.jpg,748.1112061,448.9061584,998.5899048,808.6865234,0.838733673,244.7552966,DEM,7,5,9,2.0,1.0,1.0,9.0,6.0,10.0,11.0
1417,2_3 Demolishers__f006187__t011.jpg,2.080660105,511.5632019,278.5422363,847.2394409,0.871804655,329.4005314,DEM,8,2,8,2.0,1.0,1.0,10.0,3.0,10.0,11.0
1419,2_3 Demolishers__f006196__t014.jpg,689.2869873,436.1286926,947.3236694,846.9584351,0.764598906,272.9663102,DEM,7,5,9,2.0,1.0,1.0,9.0,6.0,10.0,11.0
1421,2_3 Demolishers__f006374__t001.jpg,366.190033,460.6657715,608.3761597,790.0369263,0.869067669,340.8095542,DEM,6,4,7,2.0,1.0,1.0,8.0,5.0,10.0,11.0
1422,2_3 Demolishers__f006376__t014.jpg,700.0211792,417.1257935,956.8376465,826.0317993,0.816067398,267.9071516,DEM,7,5,9,2.0,1.0,1.0,9.0,6.0,10.0,11.0
1423,2_3 Demolishers__f006547__t011.jpg,66.89732361,518.8879395,431.8937073,840.1870117,0.851353049,361.4807387,DEM,7,4,8,2.0,1.0,1.0,9.0,5.0,10.0,11.0
1425,2_3 Demolishers__f006556__t014.jpg,747.1514282,433.9670715,999.7299805,824.2573242,0.825738072,387.9931971,DEM,7,5,9,2.0,1.0,1.0,9.0,6.0,10.0,11.0
1426,2_3 Demolishers__f006727__t011.jpg,137.8777313,530.0513916,417.7234802,881.0386963,0.851577342,387.3596668,DEM,7,2,7,2.0,1.0,1.0,9.0,3.0,9.0,10.0
1428,2_3 Demolishers__f006736__t014.jpg,722.9119263,445.8656921,986.6531982,863.041748,0.643047571,360.8188079,DEM,8,5,10,2.0,1.0,1.0,10.0,6.0,11.0,12.0
1432,2_3 Demolishers__f007087__t011.jpg,65.19304657,616.4624023,381.2989197,937.3742065,0.865368068,356.5970604,DEM,8,4,9,2.0,1.0,1.0,10.0,5.0,11.0,12.0
1434,2_3 Demolishers__f007096__t014.jpg,605.8696899,457.9861755,906.8701172,884.6008911,0.745711982,326.4743046,DEM,8,7,10,2.0,1.0,1.0,10.0,8.0,12.0,13.0
1437,2_3 Demolishers__f007276__t014.jpg,669.803833,429.5509338,947.2070923,896.1837769,0.858854175,369.2562745,DEM,6,4,7,2.0,1.0,1.0,8.0,5.0,10.0,11.0
1438,2_3 Demolishers__f007447__t011.jpg,50.93478012,633.2615356,352.0092773,988.0383301,0.853474081,366.8661263,DEM,8,2,8,2.0,1.0,1.0,10.0,3.0,10.0,11.0
1440,2_3 Demolishers__f007456__t014.jpg,650.2001343,507.7693481,925.6193848,931.4252319,0.65515095,354.5231131,DEM,7,5,9,2.0,1.0,1.0,9.0,6.0,10.0,11.0
1441,2_3 Demolishers__f007627__t011.jpg,56.98746109,667.5977783,343.655365,1015.501465,0.88116622,345.6670004,DEM,8,2,8,2.0,1.0,1.0,10.0,3.0,10.0,11.0
1442,2_3 Demolishers__f007634__t001.jpg,343.432251,442.6186829,601.7734375,943.696106,0.91192019,286.6728269,DEM,6,2,6,2.0,1.0,1.0,8.0,3.0,8.0,9.0
1443,2_3 Demolishers__f007636__t014.jpg,710.0753784,546.5675049,917.8063965,970.0653076,0.873042166,325.0167409,DEM,7,5,9,2.0,1.0,1.0,9.0,6.0,10.0,11.0
1444,2_3 Demolishers__f007807__t011.jpg,96.4167099,684.4382935,366.1582336,1047.481079,0.874426186,384.5514425,DEM,7,1,7,2.0,1.0,1.0,9.0,2.0,9.0,10.0
1445,2_3 Demolishers__f007814__t001.jpg,408.6520386,433.0013428,630.8460083,944.102478,0.9088341,338.3018342,DEM,4,2,4,2.0,1.0,1.0,6.0,3.0,6.0,7.0
1447,2_3 Demolishers__f007987__t011.jpg,88.5718689,749.7288208,389.1997986,1077.163574,0.882083952,304.8965382,DEM,7,4,8,2.0,1.0,1.0,9.0,5.0,10.0,11.0
1448,2_3 Demolishers__f007994__t001.jpg,370.4296875,472.427948,617.6652832,989.7566528,0.911200464,347.4880819,DEM,4,5,5,2.0,1.0,1.0,6.0,6.0,8.0,9.0
1450,2_3 Demolishers__f008167__t011.jpg,54.56019592,772.6705322,394.6644897,1101.574341,0.83935982,300.0868184,DEM,7,4,8,2.0,1.0,1.0,9.0,5.0,10.0,11.0
1451,2_3 Demolishers__f008174__t001.jpg,345.6791992,501.3822021,596.8008423,1012.216431,0.912296057,295.4683544,DEM,4,4,4,2.0,1.0,1.0,6.0,5.0,8.0,9.0
1453,2_3 Demolishers__f008354__t001.jpg,327.8028259,526.9918823,567.6027832,1041.277466,0.871973276,243.8579967,DEM,3,2,3,2.0,1.0,1.0,5.0,3.0,4.0,5.0
1456,2_3 Demolishers__f008536__t014.jpg,568.4116821,668.5182495,860.263916,1084.807251,0.792000115,334.1105489,DEM,8,5,10,2.0,1.0,1.0,10.0,6.0,11.0,12.0
1459,2_3 Demolishers__f008716__t014.jpg,638.7134399,642.4099731,867.366272,1050.378906,0.637377024,325.598027,DEM,7,5,9,2.0,1.0,1.0,9.0,6.0,10.0,11.0
1460,2_3 Demolishers__f008887__t011.jpg,130.2228851,429.0743408,357.527771,1103.349243,0.843945801,317.5177765,DEM,4,2,4,2.0,1.0,1.0,6.0,3.0,6.0,7.0
1463,2_3 Demolishers__f009067__t011.jpg,256.4584045,488.9845886,525.6588135,1148.83606,0.878871322,310.7966449,DEM,7,5,9,2.0,1.0,1.0,9.0,6.0,10.0,11.0
1464,2_3 Demolishers__f009076__t014.jpg,667.8900146,637.5377197,879.0262451,1061.296753,0.829091191,323.6404692,DEM,7,5,9,2.0,1.0,1.0,9.0,6.0,10.0,11.0
1468,"2_Demolisher 1,2__f000020__t002.jpg",137.460144,501.673584,250.3844452,950.0374146,0.812660158,927.2255053,DEM,4,2,4,2.0,1.0,1.0,6.0,3.0,6.0,7.0
1469,"2_Demolisher 1,2__f000053__t001.jpg",459.5960693,517.9124756,604.7236938,930.3479004,0.853412926,986.6303562,DEM,4,1,3,2.0,1.0,1.0,6.0,2.0,6.0,7.0
1470,"2_Demolisher 1,2__f000058__t001.jpg",465.6422119,517.78302,607.6416016,925.5787354,0.853655159,1015.300393,DEM,4,1,3,2.0,1.0,1.0,6.0,2.0,6.0,7.0
1471,"2_Demolisher 1,2__f000110__t002.jpg",106.0522156,502.1367798,219.2988434,945.2157593,0.804300249,990.3135444,DEM,4,2,4,2.0,1.0,1.0,6.0,3.0,6.0,7.0
1472,"2_Demolisher 1,2__f000148__t001.jpg",462.5148926,525.7344971,591.7059326,932.1022339,0.782627821,208.8331886,DEM,4,1,3,2.0,1.0,1.0,6.0,2.0,6.0,7.0
1473,"2_Demolisher 1,2__f000171__t002.jpg",139.3696899,389.6231079,255.4424896,843.1413574,0.78447783,178.7154519,DEM,4,2,4,2.0,1.0,1.0,6.0,3.0,6.0,7.0
1474,"2_Demolisher 1,2__f000200__t002.jpg",92.9098053,394.0126038,204.7000885,852.9212646,0.825103521,183.0606617,DEM,4,2,4,2.0,1.0,1.0,6.0,3.0,6.0,7.0
1475,"2_Demolisher 1,2__f000238__t001.jpg",347.467041,380.8633728,478.7408142,798.1494141,0.828840554,361.0688313,DEM,4,1,3,2.0,1.0,1.0,6.0,2.0,6.0,7.0
1476,"2_Demolisher 1,2__f000278__t002.jpg",0.0,339.2964783,57.24170303,809.5802002,0.441782475,305.2880789,DEM,4,1,3,2.0,1.0,1.0,6.0,2.0,6.0,7.0
1477,"2_Demolisher 1,2__f000328__t001.jpg",330.2980957,373.0018921,460.5853577,798.0175781,0.796509147,122.5925071,DEM,4,1,3,2.0,1.0,1.0,6.0,2.0,6.0,7.0
1478,"2_Demolisher 1,2__f000398__t004.jpg",208.5370789,356.2767639,364.9935303,836.8959961,0.833850086,374.4985011,DEM,5,2,4,2.0,1.0,1.0,7.0,3.0,7.0,8.0
1479,"2_Demolisher 1,2__f000486__t004.jpg",230.5909271,460.6980896,368.8729858,913.4794312,0.82435137,604.0613731,DEM,5,1,4,2.0,1.0,1.0,7.0,2.0,7.0,8.0
1480,"2_Demolisher 1,2__f000488__t004.jpg",229.6110687,462.9428406,365.3114929,909.3918457,0.844087958,581.7456582,DEM,4,1,3,2.0,1.0,1.0,6.0,2.0,6.0,7.0
1481,"2_Demolisher 1,2__f000578__t004.jpg",169.9855652,381.7014465,351.8952637,922.9356079,0.859403312,508.9908133,DEM,6,1,6,2.0,1.0,1.0,8.0,2.0,8.0,9.0
1482,"2_Demolisher 1,2__f000591__t004.jpg",109.4849625,296.7219849,327.2180481,921.9907837,0.893145263,407.3287327,DEM,6,1,6,2.0,1.0,1.0,8.0,2.0,8.0,9.0
1483,"2_Demolisher 1,2__f000619__t001.jpg",208.2501068,135.6313171,433.3943787,864.6503296,0.808374584,377.7409024,DEM,4,1,3,2.0,1.0,1.0,6.0,2.0,6.0,7.0
1484,"2_Demolisher 1,2__f000668__t004.jpg",73.66829681,245.6196899,316.3681335,949.5179443,0.871402264,306.1024367,DEM,6,1,6,2.0,1.0,1.0,8.0,2.0,8.0,9.0
1485,"2_Demolisher 1,2__f000724__t009.jpg",603.0358887,656.057373,755.2643433,982.7174072,0.528714955,276.4916995,DEM,7,5,9,2.0,1.0,1.0,9.0,6.0,10.0,11.0
1486,"2_Demolisher 1,2__f000771__t004.jpg",81.56574249,372.7609558,382.1186829,1027.254272,0.877188385,264.4355946,DEM,7,1,7,2.0,1.0,1.0,9.0,2.0,9.0,10.0
1487,"2_Demolisher 1,2__f000799__t009.jpg",605.810791,577.5028076,752.3873901,898.3485107,0.542245865,286.0033998,DEM,8,5,10,2.0,1.0,1.0,10.0,6.0,11.0,12.0
1488,"2_Demolisher 1,2__f000799__t001.jpg",244.9013824,285.0510559,462.6520691,952.6467896,0.703101039,286.0033998,DEM,6,2,6,2.0,1.0,1.0,8.0,3.0,8.0,9.0
1489,"2_Demolisher 1,2__f000813__t009.jpg",583.5057983,582.4168701,768.894043,941.5554199,0.464196295,278.3063484,DEM,8,5,10,2.0,1.0,1.0,10.0,6.0,11.0,12.0
1490,"2_Demolisher 1,2__f000951__t004.jpg",90.61716461,376.7353821,392.9198914,1020.20105,0.847438931,284.0349677,DEM,7,2,7,2.0,1.0,1.0,9.0,3.0,9.0,10.0
1491,"2_Demolisher 1,2__f000979__t001.jpg",211.6005096,276.203949,480.7806396,954.8721313,0.760629773,263.2773668,DEM,7,2,7,2.0,1.0,1.0,9.0,3.0,9.0,10.0
1492,"2_Demolisher 1,2__f001131__t004.jpg",33.14979172,415.3518066,332.9717407,1023.865417,0.612434268,254.1770293,DEM,7,2,7,2.0,1.0,1.0,9.0,3.0,9.0,10.0
1493,"2_Demolisher 1,2__f001293__t012.jpg",96.7094574,388.2913208,419.9047852,1014.620422,0.916034222,293.9474114,DEM,7,2,7,2.0,1.0,1.0,9.0,3.0,9.0,10.0
1494,"2_Demolisher 1,2__f001345__t014.jpg",567.694397,543.3305054,773.4222412,982.2453613,0.854219317,302.3072101,DEM,8,5,10,2.0,1.0,1.0,10.0,6.0,11.0,12.0
1495,"2_Demolisher 1,2__f001412__t014.jpg",573.9341431,548.7173462,775.5673218,991.418457,0.745030344,295.7378457,DEM,8,5,10,2.0,1.0,1.0,10.0,6.0,11.0,12.0
1496,"2_Demolisher 1,2__f001435__t014.jpg",563.9923096,553.6085815,776.4505005,981.178833,0.760523617,298.7278803,DEM,7,5,9,2.0,1.0,1.0,9.0,6.0,10.0,11.0
1497,"2_Demolisher 1,2__f001473__t012.jpg",107.0686722,364.4037781,424.2430725,996.9649048,0.913214564,287.6337032,DEM,7,2,7,2.0,1.0,1.0,9.0,3.0,9.0,10.0
1498,"2_Demolisher 1,2__f001525__t014.jpg",589.3899536,655.46521,770.4164429,972.4276733,0.393100113,137.5556102,DEM,7,5,9,2.0,1.0,1.0,9.0,6.0,10.0,11.0
1499,"2_Demolisher 1,2__f001592__t014.jpg",569.5994873,532.894165,790.9783325,978.1506348,0.835059106,291.814084,DEM,5,4,5,2.0,1.0,1.0,7.0,5.0,9.0,10.0
1501,"2_Demolisher 1,2__f001653__t012.jpg",122.7546692,368.1180725,422.078949,989.8579712,0.893688977,305.8086114,DEM,7,2,7,2.0,1.0,1.0,9.0,3.0,9.0,10.0
1517,"2_Demolisher 1,2__f002733__t012.jpg",0.0,338.17276,385.0359802,995.1657715,0.932431936,225.2481757,DEM,7,2,7,2.0,1.0,1.0,9.0,3.0,9.0,10.0
1519,"2_Demolisher 1,2__f002913__t012.jpg",81.57719421,287.1494446,318.0030518,1009.1745,0.897624314,266.4906633,DEM,4,1,3,2.0,1.0,1.0,6.0,2.0,6.0,7.0
1520,"2_Demolisher 1,2__f002964__t016.jpg",519.3311768,544.8825684,735.7043457,970.6956177,0.69341439,271.7298651,DEM,7,5,9,2.0,1.0,1.0,9.0,6.0,10.0,11.0
1521,"2_Demolisher 1,2__f003093__t012.jpg",67.84703064,425.2513733,295.5193787,996.8879395,0.905603528,276.1024222,DEM,4,1,3,2.0,1.0,1.0,6.0,2.0,6.0,7.0
1522,"2_Demolisher 1,2__f003144__t016.jpg",519.7590332,534.5358276,738.090332,953.6547852,0.607556641,282.9072373,DEM,7,5,9,2.0,1.0,1.0,9.0,6.0,10.0,11.0
1523,"2_Demolisher 1,2__f003273__t012.jpg",70.93881226,417.9230042,304.5896606,989.8704834,0.902525008,208.9208832,DEM,3,1,2,2.0,1.0,1.0,5.0,2.0,4.0,5.0
1524,"2_Demolisher 1,2__f003290__t016.jpg",579.3503418,706.406189,691.0001831,934.0513306,0.405640125,253.6680243,DEM,7,5,9,2.0,1.0,1.0,9.0,6.0,10.0,11.0
1525,"2_Demolisher 1,2__f003313__t017.jpg",543.7127686,540.5834961,711.3482056,942.0631104,0.708745062,234.5346093,DEM,5,4,5,2.0,1.0,1.0,7.0,5.0,9.0,10.0
1526,"2_Demolisher 1,2__f003403__t017.jpg",590.0425415,571.7427979,763.576416,991.1942139,0.612223387,188.3786178,DEM,4,4,4,2.0,1.0,1.0,6.0,5.0,8.0,9.0
1527,"2_Demolisher 1,2__f003424__t017.jpg",600.9312134,568.7647705,773.7224121,988.3874512,0.644728303,127.4311564,DEM,7,5,9,2.0,1.0,1.0,9.0,6.0,10.0,11.0
1528,"2_Demolisher 1,2__f003453__t012.jpg",100.3724823,373.5995178,343.9700012,1043.568237,0.887402415,218.803282,DEM,5,1,4,2.0,1.0,1.0,7.0,2.0,7.0,8.0
1529,"2_Demolisher 1,2__f003542__t012.jpg",310.8104858,584.6555786,511.4175415,994.5116577,0.886635482,777.1977829,DEM,6,1,6,2.0,1.0,1.0,8.0,2.0,8.0,9.0
1530,"2_Demolisher 1,2__f003561__t019.jpg",48.45845413,607.7872314,245.9335785,932.281311,0.832612455,306.3280596,DEM,7,4,8,2.0,1.0,1.0,9.0,5.0,10.0,11.0
1531,"2_Demolisher 1,2__f003648__t019.jpg",111.0571976,606.2857666,315.7713318,930.128479,0.84991926,1577.672151,DEM,6,5,8,2.0,1.0,1.0,8.0,6.0,10.0,11.0
1532,"2_Demolisher 1,2__f003650__t019.jpg",110.6445465,606.9842529,316.4155273,932.2382813,0.843633771,1419.990655,DEM,6,5,8,2.0,1.0,1.0,8.0,6.0,10.0,11.0
1533,"2_Demolisher 1,2__f003722__t012.jpg",449.1132202,547.7531128,619.7131348,976.6420288,0.870562971,1467.245942,DEM,6,1,6,2.0,1.0,1.0,8.0,2.0,8.0,9.0
1534,"2_Demolisher 1,2__f003738__t019.jpg",113.0932999,603.0944214,319.2210693,928.6941528,0.840734303,1586.930177,DEM,6,5,8,2.0,1.0,1.0,8.0,6.0,10.0,11.0
1535,"2_Demolisher 1,2__f003828__t019.jpg",152.084259,648.9491577,361.0460815,969.9282227,0.805490434,820.5004557,DEM,7,5,9,2.0,1.0,1.0,9.0,6.0,10.0,11.0
1536,"2_Demolisher 1,2__f003830__t019.jpg",157.9685822,655.7174072,363.2307434,972.9207764,0.777625144,880.2651434,DEM,7,5,9,2.0,1.0,1.0,9.0,6.0,10.0,11.0
1537,"2_Demolisher 1,2__f003864__t025.jpg",795.5328369,797.086731,940.2996826,1064.265747,0.65225786,645.4557334,DEM,7,5,9,2.0,1.0,1.0,9.0,6.0,10.0,11.0
1538,"2_Demolisher 1,2__f003865__t025.jpg",799.9213257,799.138855,942.399231,1062.786743,0.663276017,548.1585001,DEM,4,4,4,2.0,1.0,1.0,6.0,5.0,8.0,9.0
1539,"2_Demolisher 1,2__f003902__t012.jpg",526.2861938,669.9481812,734.9459229,1067.547363,0.883863151,411.0243042,DEM,7,2,7,2.0,1.0,1.0,9.0,3.0,9.0,10.0
1540,"2_Demolisher 1,2__f003918__t019.jpg",194.8544769,674.6026611,426.9250183,995.2904053,0.874008775,466.9057125,DEM,6,4,7,2.0,1.0,1.0,8.0,5.0,10.0,11.0
1541,"2_Demolisher 1,2__f003961__t025.jpg",814.5614624,773.3884277,942.4927368,1038.715088,0.557292104,820.9792807,DEM,7,7,9,2.0,1.0,1.0,9.0,8.0,11.0,12.0
1542,"2_Demolisher 1,2__f004010__t019.jpg",194.0446472,648.6890259,420.3256226,970.3430176,0.835304379,370.3887901,DEM,7,4,8,2.0,1.0,1.0,9.0,5.0,10.0,11.0
1543,"2_Demolisher 1,2__f004044__t025.jpg",767.0671997,715.6477661,867.394165,991.6596069,0.585509837,578.0817069,DEM,7,5,9,2.0,1.0,1.0,9.0,6.0,10.0,11.0
1544,"2_Demolisher 1,2__f004045__t025.jpg",764.1640625,713.8711548,865.6172485,993.8634033,0.533205509,629.0296364,DEM,7,7,9,2.0,1.0,1.0,9.0,8.0,11.0,12.0
1545,"2_Demolisher 1,2__f004082__t012.jpg",440.7646484,582.1293945,620.0202637,992.5273438,0.837385654,606.3624183,DEM,7,1,7,2.0,1.0,1.0,9.0,2.0,9.0,10.0
1546,"2_Demolisher 1,2__f004152__t025.jpg",899.4406738,783.7131348,990.057251,1069.203735,0.60094738,677.6581579,DEM,5,5,6,2.0,1.0,1.0,7.0,6.0,9.0,10.0
1547,"2_Demolisher 1,2__f004190__t019.jpg",220.1081696,710.9649658,429.8699951,1020.665222,0.863702714,690.4776756,DEM,7,4,8,2.0,1.0,1.0,9.0,5.0,10.0,11.0
1548,2_Demolisher 1_1__f000006__t001.jpg,284.692627,314.1625061,765.4527588,1165.543945,0.904937804,103.1284468,DEM,5,4,5,2.0,1.0,1.0,7.0,5.0,9.0,10.0
1550,2_Demolisher 1_2__f000051__t002.jpg,364.1247559,389.0202637,814.1807861,1165.513794,0.546989739,102.5862238,DEM,6,4,7,2.0,1.0,1.0,8.0,5.0,10.0,11.0
1553,2_Demolisher 1_2__f000962__t004.jpg,263.3650513,487.816803,766.338501,1280.473022,0.887902141,117.193042,DEM,5,4,5,2.0,1.0,1.0,7.0,5.0,9.0,10.0
1555,2_Demolisher 1_2__f001142__t004.jpg,294.1538086,481.9639893,764.8314819,1264.205322,0.704823196,129.6091645,DEM,5,5,6,2.0,1.0,1.0,7.0,6.0,9.0,10.0
1557,2_Demolisher 1_2__f001322__t004.jpg,351.9872131,494.9295349,780.6347656,1244.754883,0.684487522,112.2182909,DEM,5,5,6,2.0,1.0,1.0,7.0,6.0,9.0,10.0
1558,2_Demolisher 1_2__f001502__t004.jpg,352.5418701,406.3973999,775.0716553,1208.01001,0.820322752,120.2433251,DEM,6,5,8,2.0,1.0,1.0,8.0,6.0,10.0,11.0
1559,2_Demolisher 1_2__f001682__t004.jpg,368.4467468,429.0513611,778.791687,1192.480103,0.789857209,103.2484905,DEM,6,5,8,2.0,1.0,1.0,8.0,6.0,10.0,11.0
1560,2_Demolisher 1_2__f001775__t005.jpg,58.76589966,1.531654596,408.5453796,865.9946899,0.911017358,119.9901284,DEM,4,1,3,2.0,1.0,1.0,6.0,2.0,6.0,7.0
1562,2_Demolisher 1_2__f001955__t005.jpg,65.71596527,0.532254457,411.8590088,856.3139648,0.927108228,107.4933858,DEM,4,1,3,2.0,1.0,1.0,6.0,2.0,6.0,7.0
1564,2_Demolisher 1_2__f002135__t005.jpg,45.13196945,0.018672589,388.1022949,888.0877075,0.894674063,111.6997988,DEM,4,1,3,2.0,1.0,1.0,6.0,2.0,6.0,7.0
1566,2_Demolisher 1_3__f000027__t001.jpg,6.815107346,146.150589,301.5927429,1057.807007,0.913219988,109.9734086,DEM,4,1,3,2.0,1.0,1.0,6.0,2.0,6.0,7.0
1567,2_Demolisher 1_3__f000117__t001.jpg,7.398015499,133.2756653,307.4804688,1050.049316,0.922924578,110.8494994,DEM,4,1,3,2.0,1.0,1.0,6.0,2.0,6.0,7.0
1568,2_Demolisher 1_3__f000197__t001.jpg,6.209122658,119.7063522,292.1268311,1041.945923,0.908507347,102.6508559,DEM,4,1,3,2.0,1.0,1.0,6.0,2.0,6.0,7.0
1569,2_Demolisher 1_3__f000297__t001.jpg,47.22661591,100.0655975,313.3867188,1048.068115,0.910299182,109.3243268,DEM,3,1,2,2.0,1.0,1.0,5.0,2.0,4.0,5.0
1570,2_Demolisher 1_3__f000330__t002.jpg,316.78479,585.2333984,745.8389893,1247.645752,0.797369421,102.501374,DEM,7,5,9,2.0,1.0,1.0,9.0,6.0,10.0,11.0
1571,2_Demolisher 1_3__f000420__t002.jpg,409.0571289,590.697876,772.8897705,1248.32605,0.810429573,115.5314423,DEM,8,5,10,2.0,1.0,1.0,10.0,6.0,11.0,12.0
1572,2_Demolisher 1_3__f000491__t002.jpg,386.4502563,556.3945313,772.774353,1242.588745,0.874089062,103.5514844,DEM,8,5,10,2.0,1.0,1.0,10.0,6.0,11.0,12.0
1573,2_Demolisher 1_3__f000510__t002.jpg,395.0664673,560.4022827,783.869812,1244.959106,0.880421698,114.8036246,DEM,8,5,10,2.0,1.0,1.0,10.0,6.0,11.0,12.0
1574,2_Demolisher 2 Solo__f000348__t001.jpg,211.7953033,151.0560303,772.6792603,1431.474121,0.903267086,113.7693851,DEM,7,2,7,2.0,1.0,1.0,9.0,3.0,9.0,10.0
1575,2_Demolisher 2 Solo__f000528__t001.jpg,244.7778931,104.1465225,808.3949585,1377.555054,0.923659682,114.1276476,DEM,7,2,7,2.0,1.0,1.0,9.0,3.0,9.0,10.0
1576,2_Demolisher 2 Solo__f000708__t001.jpg,273.2001343,101.6132126,846.4456787,1365.000488,0.91125232,106.6447398,DEM,6,2,6,2.0,1.0,1.0,8.0,3.0,8.0,9.0
1577,2_Demolisher 2 Solo__f000888__t001.jpg,349.6109619,79.53204346,871.8913574,1376.021606,0.880131602,113.7114959,DEM,5,2,4,2.0,1.0,1.0,7.0,3.0,7.0,8.0
1578,2_Demolisher 2 Solo__f001248__t001.jpg,328.1754456,121.4640656,868.2629395,1424.872437,0.903678715,149.0954955,DEM,6,1,6,2.0,1.0,1.0,8.0,2.0,8.0,9.0
1579,2_Demolisher 2 Solo__f001428__t001.jpg,298.6390686,120.6772156,860.2246094,1431.101318,0.923546374,124.6424657,DEM,7,1,7,2.0,1.0,1.0,9.0,2.0,9.0,10.0
1582,2_Demolisher 2 Solo__f001608__t001.jpg,298.8621216,102.6110001,883.3457031,1400.066284,0.918241501,117.758605,DEM,7,1,7,2.0,1.0,1.0,9.0,2.0,9.0,10.0
1586,2_Demolisher 2 Solo__f001788__t001.jpg,145.8181152,38.13127136,711.8926392,1405.414307,0.915874898,138.2110104,DEM,5,1,4,2.0,1.0,1.0,7.0,2.0,7.0,8.0
1587,2_Demolisher 2 Solo__f001968__t001.jpg,139.6517944,195.2601929,763.1851807,1470.133545,0.911609113,105.3378389,DEM,5,1,4,2.0,1.0,1.0,7.0,2.0,7.0,8.0
1588,2_Demolisher 2 Solo__f002148__t001.jpg,159.4885712,58.90852356,827.56604,1432.518311,0.897053659,119.8693046,DEM,5,1,4,2.0,1.0,1.0,7.0,2.0,7.0,8.0
1591,2_Demolisher 2 Solo__f002423__t010.jpg,0.0,0.0,157.9035034,823.3109131,0.868527591,118.3963912,DEM,3,2,3,2.0,1.0,1.0,5,3,4,5
1593,2_Demolisher 2 Solo__f002508__t001.jpg,215.8888702,95.8289566,716.1806641,1332.284912,0.915205002,129.2299429,DEM,6,1,6,2.0,1.0,1.0,8,2,8,9
1596,2_Demolisher 2 Solo__f002688__t001.jpg,281.9841309,2.053470135,781.3067627,1261.734253,0.889779329,112.4760872,DEM,6,1,6,2.0,1.0,1.0,8,2,8,9
1597,2_Demolisher 2 Solo__f002693__t010.jpg,86.52229309,0.034938805,329.1633911,651.8190308,0.845012426,131.8373654,DEM,4,1,3,2.0,1.0,1.0,6,2,6,7
1598,2_Demolisher 2 Solo__f002786__t010.jpg,30.64720154,0.217443913,265.0598755,557.6827393,0.910000443,116.7880401,DEM,4,1,3,2.0,1.0,1.0,6,2,6,7
1599,2_Demolisher 2 Solo__f002868__t001.jpg,288.6426086,44.31086731,821.6724243,1316.128784,0.906374633,130.629025,DEM,6,2,6,2.0,1.0,1.0,8,3,8,9
1601,2_Demolisher 2 Solo__f003048__t001.jpg,304.1888123,79.44937134,839.9396973,1336.113159,0.897885442,146.900414,DEM,6,1,6,2.0,1.0,1.0,8,2,8,9
1603,2_Demolisher 2 Solo__f003228__t001.jpg,313.2944336,85.84566498,845.3181152,1334.892456,0.917760968,120.6276424,DEM,6,2,6,2.0,1.0,1.0,8,3,8,9
1604,2_Demolisher 2 Solo__f003408__t001.jpg,306.0033569,55.38038635,850.8817749,1324.594238,0.91489768,148.1390048,DEM,6,2,6,2.0,1.0,1.0,8,3,8,9
1605,2_Demolisher 2 Solo__f003588__t001.jpg,344.6734619,86.52218628,869.2512207,1372.08728,0.900885701,117.3176347,DEM,6,1,6,2.0,1.0,1.0,8,2,8,9
1607,2_Demolisher 3__f000107__t001.jpg,197.2667084,261.3214722,801.0639038,1288.532959,0.945316374,146.1193967,DEM,7,4,8,2.0,1.0,1.0,9,5,10,11
1612,2_Demolisher 3__f000287__t001.jpg,209.9664917,228.9126129,804.5469971,1248.464966,0.9394449,122.8164287,DEM,7,4,8,2.0,1.0,1.0,9,5,10,11
1614,2_Demolisher 3__f000467__t001.jpg,226.6737061,171.793396,830.9331055,1176.189331,0.936895788,129.8212567,DEM,7,4,8,2.0,1.0,1.0,9,5,10,11
1618,2_Demolisher 3__f000647__t001.jpg,235.8153381,122.8325577,829.8624268,1155.459229,0.927303493,129.8519341,DEM,7,4,8,2.0,1.0,1.0,9,5,10,11
1623,2_Demolisher 3__f000827__t001.jpg,216.2453766,135.6631775,827.3002319,1150.138184,0.93797946,134.1793146,DEM,7,4,8,2.0,1.0,1.0,9,5,10,11
1629,2_Demolisher 3__f001007__t001.jpg,189.5402985,136.3981018,779.6286621,1150.183594,0.926549017,110.240481,DEM,7,4,8,2.0,1.0,1.0,9,5,10,11
1634,2_Demolisher 3__f001187__t001.jpg,25.7540226,240.832901,673.0176392,1154.30249,0.93696332,110.5553086,DEM,7,5,9,2.0,1.0,1.0,9,6,10,11
1637,2_Demolisher 3__f001367__t001.jpg,119.4826126,241.3919983,721.4523315,1116.553101,0.935700059,105.7268902,DEM,8,5,10,2.0,1.0,1.0,10,6,11,12
1638,2_Demolisher 3__f001547__t001.jpg,161.2500916,200.0829315,782.9134521,1127.53418,0.940546811,132.3553233,DEM,7,4,8,2.0,1.0,1.0,9,5,10,11
1639,2_Demolisher 3__f001727__t001.jpg,213.9494629,210.1158295,846.1708984,1145.879028,0.949036837,108.9320275,DEM,7,4,8,2.0,1.0,1.0,9,5,10,11
1640,"2_Demolisher 4,5,6__f000017__t003.jpg",211.3235321,225.2565765,569.1179199,871.7444458,0.732500017,2302.121354,DEM,4,4,4,2.0,1.0,1.0,6,5,8,9
1641,"2_Demolisher 4,5,6__f000041__t003.jpg",183.9937592,215.1971893,496.7135315,907.0077515,0.847038388,2413.00125,DEM,4,4,4,2.0,1.0,1.0,6,5,8,9
1642,"2_Demolisher 4,5,6__f000046__t001.jpg",720.6190186,292.1522827,954.2181396,703.4492188,0.830452323,2548.542897,DEM,5,4,5,2.0,1.0,1.0,7,5,9,10
1643,"2_Demolisher 4,5,6__f000066__t002.jpg",1013.241028,315.9411011,1333.907227,684.6403198,0.90416193,2416.930489,DEM,6,4,7,2.0,1.0,1.0,8,5,10,11
1644,"2_Demolisher 4,5,6__f000093__t001.jpg",725.3972778,299.4057312,962.0302734,709.5250854,0.778189063,2525.161867,DEM,6,4,7,2.0,1.0,1.0,8,5,10,11
1645,"2_Demolisher 4,5,6__f000106__t002.jpg",1026.33667,319.3319397,1336.017944,691.6283569,0.841693461,2376.246793,DEM,8,5,10,2.0,1.0,1.0,10,6,11,12
1646,"2_Demolisher 4,5,6__f000131__t003.jpg",222.6226501,203.8763123,517.5661011,876.3693237,0.86660111,2299.393859,DEM,5,4,5,2.0,1.0,1.0,7,5,9,10
1647,"2_Demolisher 4,5,6__f000156__t002.jpg",1027.046631,303.9919128,1346.574097,686.1118774,0.887110114,2521.16803,DEM,6,4,7,2.0,1.0,1.0,8,5,10,11
1648,"2_Demolisher 4,5,6__f000183__t001.jpg",739.1437988,306.0602417,971.9746094,721.3504028,0.508499861,2545.045112,DEM,6,4,7,2.0,1.0,1.0,8,5,10,11
1649,"2_Demolisher 4,5,6__f000197__t003.jpg",216.0611877,209.5786591,535.3153687,853.6271973,0.901910007,2515.41384,DEM,4,4,4,2.0,1.0,1.0,6,5,8,9
1650,"2_Demolisher 4,5,6__f000221__t003.jpg",214.7926025,218.5973511,544.6575928,847.3080444,0.893219829,2538.633663,DEM,5,4,5,2.0,1.0,1.0,7,5,9,10
1651,"2_Demolisher 4,5,6__f000226__t001.jpg",715.5187378,273.8210144,940.2536621,680.7575073,0.900846243,2392.589732,DEM,4,4,4,2.0,1.0,1.0,6,5,8,9
1652,"2_Demolisher 4,5,6__f000246__t002.jpg",1036.805176,287.3316956,1361.406372,634.5631104,0.888794899,2570.581074,DEM,6,4,7,2.0,1.0,1.0,8,5,10,11
1653,"2_Demolisher 4,5,6__f000273__t001.jpg",727.0166626,267.2642822,958.1907349,683.6873169,0.863077521,2469.887624,DEM,3,4,3,2.0,1.0,1.0,5,5,6,7
1654,"2_Demolisher 4,5,6__f000286__t002.jpg",1041.485107,291.7424011,1373.744019,666.6338501,0.893262148,2547.408618,DEM,6,4,7,2.0,1.0,1.0,8,5,10,11
1655,"2_Demolisher 4,5,6__f000311__t003.jpg",238.6390839,228.2593994,583.4170532,854.1716309,0.886271894,2546.728324,DEM,5,4,5,2.0,1.0,1.0,7,5,9,10
1656,"2_Demolisher 4,5,6__f000336__t002.jpg",1048.658569,291.7555542,1373.165894,655.0001831,0.898424745,2487.048145,DEM,6,4,7,2.0,1.0,1.0,8,5,10,11
1657,"2_Demolisher 4,5,6__f000363__t001.jpg",757.0257568,284.5325317,991.3228149,682.4393311,0.880609453,2573.576136,DEM,6,4,7,2.0,1.0,1.0,8,5,10,11
1658,"2_Demolisher 4,5,6__f000377__t003.jpg",236.7774048,238.4664764,580.1123047,823.4058838,0.874955595,2396.659625,DEM,6,4,7,2.0,1.0,1.0,8,5,10,11
1659,"2_Demolisher 4,5,6__f000401__t003.jpg",154.9253082,239.2392426,529.7501221,875.5467529,0.845946133,2477.792044,DEM,6,4,7,2.0,1.0,1.0,8,5,10,11
1660,"2_Demolisher 4,5,6__f000406__t001.jpg",695.991272,248.0373688,956.8989258,672.9380493,0.888377905,2475.668585,DEM,6,4,7,2.0,1.0,1.0,8,5,10,11
1661,"2_Demolisher 4,5,6__f000426__t002.jpg",953.3492432,268.4792786,1287.566772,637.5856934,0.826033413,2360.211081,DEM,6,4,7,2.0,1.0,1.0,8,5,10,11
1662,"2_Demolisher 4,5,6__f000453__t001.jpg",661.6105957,259.1819153,941.0499878,669.4832764,0.900292933,2548.570543,DEM,5,4,5,2.0,1.0,1.0,7,5,9,10
1663,"2_Demolisher 4,5,6__f000466__t002.jpg",950.7922974,259.1143494,1287.750732,644.937439,0.912216008,2430.755276,DEM,6,4,7,2.0,1.0,1.0,8,5,10,11
1664,"2_Demolisher 4,5,6__f000491__t003.jpg",101.1717758,236.2488098,474.4577026,846.3516235,0.932433784,2433.896189,DEM,5,5,6,2.0,1.0,1.0,7,6,9,10
1665,"2_Demolisher 4,5,6__f000516__t002.jpg",960.4141846,243.5748138,1277.026855,654.6555176,0.89910382,2593.680363,DEM,5,5,6,2.0,1.0,1.0,7,6,9,10
1666,"2_Demolisher 4,5,6__f000557__t003.jpg",115.5231628,186.8730164,454.4087524,844.0822754,0.900242567,2536.727746,DEM,4,4,4,2.0,1.0,1.0,6,5,8,9
1667,"2_Demolisher 4,5,6__f000586__t001.jpg",694.1160278,237.8067017,1003.240417,669.454895,0.908534169,2367.975222,DEM,5,4,5,2.0,1.0,1.0,7,5,9,10
1668,"2_Demolisher 4,5,6__f000646__t002.jpg",1001.430603,226.3675995,1310.627686,634.3380737,0.742296875,2442.633597,DEM,5,4,5,2.0,1.0,1.0,7,5,9,10
1669,"2_Demolisher 4,5,6__f000672__t007.jpg",1113.465698,170.1329803,1480.556763,947.7376099,0.869390488,2413.853942,DEM,4,2,4,2.0,1.0,1.0,6,3,6,7
1670,"2_Demolisher 4,5,6__f000824__t007.jpg",236.4732056,2.031499863,563.2249146,687.7896118,0.719182014,2125.237787,DEM,5,4,5,2.0,1.0,1.0,7,5,9,10
1671,"2_Demolisher 4,5,6__f000895__t011.jpg",1045.232056,106.6240692,1391.184937,517.9414673,0.909957409,2545.113495,DEM,5,4,5,2.0,1.0,1.0,7,5,9,10
1672,"2_Demolisher 4,5,6__f000896__t013.jpg",760.6561279,101.0124588,1023.654419,626.2207031,0.91196996,2388.650839,DEM,4,4,4,2.0,1.0,1.0,6,5,8,9
1673,"2_Demolisher 4,5,6__f001004__t007.jpg",81.58887482,22.07836914,483.7973328,834.6595459,0.90773344,2294.029427,DEM,3,2,3,2.0,1.0,1.0,5,3,4,5
1674,"2_Demolisher 4,5,6__f001057__t018.jpg",0.0,188.0934143,44.02548599,336.7422791,0.636761487,2464.887534,DEM,4,1,3,2.0,1.0,1.0,6,2,6,7
1675,"2_Demolisher 4,5,6__f001075__t011.jpg",1153.912476,1.859253287,1426.157104,594.5935669,0.918396294,2431.783532,DEM,2,1,1,2.0,1.0,1.0,4,2,4,5
1676,"2_Demolisher 4,5,6__f001076__t013.jpg",853.7853394,135.7508545,1124.549438,689.7810669,0.903904378,2587.074316,DEM,4,4,4,2.0,1.0,1.0,6,5,8,9
1677,"2_Demolisher 4,5,6__f001132__t018.jpg",30.70060921,203.2922058,96.11365509,353.1492004,0.547948122,2338.825532,DEM,4,2,4,2.0,1.0,1.0,6,3,6,7
1678,"2_Demolisher 4,5,6__f001147__t018.jpg",51.89339447,209.4971466,117.1282883,362.1945496,0.580771804,2437.705893,DEM,4,1,3,2.0,1.0,1.0,6,2,6,7
1679,"2_Demolisher 4,5,6__f001184__t007.jpg",227.4424438,95.1098175,559.5303345,874.0782471,0.884421051,2196.460496,DEM,3,2,3,2.0,1.0,1.0,5,3,4,5
1680,"2_Demolisher 4,5,6__f001237__t018.jpg",77.81577301,203.3148956,131.7824707,359.8405151,0.65192312,2325.680105,DEM,4,1,3,2.0,1.0,1.0,6,2,6,7
1681,"2_Demolisher 4,5,6__f001255__t011.jpg",1243.773071,36.05901337,1475.42688,673.0592651,0.885421693,2290.668163,DEM,4,1,3,2.0,1.0,1.0,6,2,6,7
1682,"2_Demolisher 4,5,6__f001256__t013.jpg",915.2407227,411.8658752,1249.769653,878.7703857,0.880949855,2213.238914,DEM,7,5,9,2.0,1.0,1.0,9,6,10,11
1683,"2_Demolisher 4,5,6__f001296__t018.jpg",95.35555267,202.1990662,145.2157288,355.5656128,0.43427819,2271.402157,DEM,3,1,2,2.0,1.0,1.0,5,2,4,5
1685,"2_Demolisher 4,5,6__f001348__t023.jpg",101.9043274,198.2391663,154.4689636,353.2430115,0.617671907,2201.807879,DEM,2,1,1,2.0,1.0,1.0,4,2,4,5
1686,"2_Demolisher 4,5,6__f001364__t007.jpg",260.5762939,182.1911011,590.6459961,870.3230591,0.869457603,2216.127926,DEM,4,4,4,2.0,1.0,1.0,6,5,8,9
1687,"2_Demolisher 4,5,6__f001364__t022.jpg",3.74322629,212.7705841,50.07902145,362.1965637,0.765805364,2216.127926,DEM,3,1,2,2.0,1.0,1.0,5,2,4,5
1688,"2_Demolisher 4,5,6__f001402__t022.jpg",24.09014511,210.6864929,79.64011383,358.5800781,0.745069206,2315.004504,DEM,4,1,3,2.0,1.0,1.0,6,2,6,7
1689,"2_Demolisher 4,5,6__f001435__t011.jpg",1287.269409,22.9383564,1461.586548,674.6956787,0.816203654,2167.608553,DEM,5,1,4,2.0,1.0,1.0,7,2,7,8
1690,"2_Demolisher 4,5,6__f001436__t013.jpg",983.3516846,105.1182709,1207.553833,691.6536255,0.913947642,2260.891397,DEM,4,4,4,2.0,1.0,1.0,6,5,8,9
1691,"2_Demolisher 4,5,6__f001438__t023.jpg",122.5757141,256.7304993,160.6486816,357.2659912,0.57175225,2233.211277,DEM,6,1,6,2.0,1.0,1.0,8,2,8,9
1692,"2_Demolisher 4,5,6__f001466__t024.jpg",250.5114441,212.0713043,404.4222412,618.7703857,0.765992463,2130.785757,DEM,4,2,4,2.0,1.0,1.0,6,3,6,7
1693,"2_Demolisher 4,5,6__f001471__t023.jpg",113.2653046,210.8282318,168.7826385,361.0879211,0.728289187,2284.934528,DEM,6,1,6,2.0,1.0,1.0,8,2,8,9
1694,"2_Demolisher 4,5,6__f001492__t022.jpg",55.44608688,208.2519073,117.1061707,361.7975769,0.627993345,2219.426254,DEM,3,1,2,2.0,1.0,1.0,5,2,4,5
1695,"2_Demolisher 4,5,6__f001532__t022.jpg",23.74827576,208.4435577,96.96865082,355.0388794,0.477620304,2243.474021,DEM,4,1,3,2.0,1.0,1.0,6,2,6,7
1696,"2_Demolisher 4,5,6__f001544__t007.jpg",362.0103455,157.786438,633.3783569,872.8165283,0.905874312,2249.532941,DEM,4,4,4,2.0,1.0,1.0,6,5,8,9
1697,"2_Demolisher 4,5,6__f001556__t024.jpg",60.20688248,274.4613953,365.2973022,662.3690186,0.859694004,2194.721044,DEM,8,5,10,2.0,1.0,1.0,10,6,11,12
1698,"2_Demolisher 4,5,6__f001564__t024.jpg",86.33111572,278.2389526,378.9592896,660.0947876,0.807736993,2192.237075,DEM,8,5,10,2.0,1.0,1.0,10,6,11,12
1699,"2_Demolisher 4,5,6__f001595__t027.jpg",88.29118347,211.3102112,146.3247375,353.5472717,0.639059007,2244.846142,DEM,3,1,2,2.0,1.0,1.0,5,2,4,5
1700,"2_Demolisher 4,5,6__f001615__t011.jpg",1268.8302,139.8269196,1506.913208,673.0327759,0.923258424,2239.142522,DEM,2,4,3,2.0,1.0,1.0,4,5,5,6
1701,"2_Demolisher 4,5,6__f001616__t013.jpg",850.0469971,38.42665863,1097.010254,751.0640869,0.897084475,2144.401043,DEM,4,1,3,2.0,1.0,1.0,6,2,6,7
1702,"2_Demolisher 4,5,6__f001670__t027.jpg",43.57591629,212.3392181,115.8906021,358.4852295,0.697146535,2226.002329,DEM,4,1,3,2.0,1.0,1.0,6,2,6,7
1703,"2_Demolisher 4,5,6__f001685__t027.jpg",55.522892,209.1990814,121.5356979,350.0296326,0.703175366,2109.854671,DEM,4,1,3,2.0,1.0,1.0,6,2,6,7
1704,"2_Demolisher 4,5,6__f001686__t029.jpg",29.75026703,212.4125824,67.40830231,320.098114,0.598190784,2218.515624,DEM,3,2,3,2.0,1.0,1.0,5,3,4,5
1705,"2_Demolisher 4,5,6__f001724__t007.jpg",340.71875,220.9692993,634.3898315,857.9503784,0.885832608,2101.6652,DEM,3,4,3,2.0,1.0,1.0,5,5,6,7
1706,"2_Demolisher 4,5,6__f001725__t029.jpg",28.81714249,211.6015472,75.193367,328.6871338,0.592449248,2202.874376,DEM,3,2,3,2.0,1.0,1.0,5,3,4,5
1707,"2_Demolisher 4,5,6__f001744__t024.jpg",11.32858086,284.6526794,355.9898071,655.2773438,0.816883445,2090.208592,DEM,8,5,10,2.0,1.0,1.0,10,6,11,12
1708,"2_Demolisher 4,5,6__f001770__t029.jpg",32.63317871,210.5145874,75.38935089,321.2486572,0.51787734,2191.659653,DEM,3,2,3,2.0,1.0,1.0,5,3,4,5
1709,"2_Demolisher 4,5,6__f001775__t027.jpg",75.37981415,206.5021515,124.6547623,332.4101868,0.687294662,2031.133711,DEM,4,1,3,2.0,1.0,1.0,6,2,6,7
1710,"2_Demolisher 4,5,6__f001791__t027.jpg",66.54782104,202.4204254,112.287735,307.1953125,0.351022184,2098.211723,DEM,2,1,1,2.0,1.0,1.0,4,2,4,5
1711,"2_Demolisher 4,5,6__f001795__t011.jpg",1258.733398,185.3867188,1523.217041,701.9293823,0.918119371,2050.64212,DEM,3,4,3,2.0,1.0,1.0,5,5,6,7
1712,"2_Demolisher 4,5,6__f001796__t013.jpg",854.5302734,105.4382324,1092.08667,745.7617798,0.912620127,2179.774265,DEM,3,2,3,2.0,1.0,1.0,5,3,4,5
1713,"2_Demolisher 4,5,6__f001817__t030.jpg",2.15568614,98.56752777,112.5671616,575.2399292,0.843238711,2027.884172,DEM,5,1,4,2.0,1.0,1.0,7,2,7,8
1714,"2_Demolisher 4,5,6__f001904__t007.jpg",312.4882202,243.8895264,635.5734863,871.5109253,0.905745268,2139.110512,DEM,5,4,5,2.0,1.0,1.0,7,5,9,10
1715,"2_Demolisher 4,5,6__f001907__t030.jpg",64.66246033,99.43649292,219.3917389,556.7936401,0.693778634,2025.332564,DEM,5,4,5,2.0,1.0,1.0,7,5,9,10
1716,"2_Demolisher 4,5,6__f001924__t024.jpg",48.20964813,241.739975,355.7456055,632.6546631,0.796398103,2139.963905,DEM,7,5,9,2.0,1.0,1.0,9,6,10,11
1717,"2_Demolisher 4,5,6__f001950__t030.jpg",47.79200363,94.68074036,214.2056885,579.7960205,0.825716496,2115.141813,DEM,4,1,3,2.0,1.0,1.0,6,2,6,7
1718,"2_Demolisher 4,5,6__f001975__t011.jpg",1221.243408,243.1331787,1495.523804,687.9815674,0.894508421,2073.379859,DEM,6,4,7,2.0,1.0,1.0,8,5,10,11
1719,"2_Demolisher 4,5,6__f001976__t013.jpg",849.5050659,50.25152206,1066.123047,726.8341675,0.889842272,1971.305608,DEM,3,2,3,2.0,1.0,1.0,5,3,4,5
1720,"2_Demolisher 4,5,6__f001997__t030.jpg",0.0,96.7722702,179.1006927,582.8458252,0.839669347,2054.983241,DEM,5,2,4,2.0,1.0,1.0,7,3,7,8
1721,"2_Demolisher 4,5,6__f002056__t034.jpg",67.02327728,200.7119293,131.5335693,344.8623657,0.793751001,2039.847584,DEM,4,2,4,2.0,1.0,1.0,6,3,6,7
1722,"2_Demolisher 4,5,6__f002062__t034.jpg",66.33457184,201.4810028,132.9289856,353.9040527,0.776628554,2024.076742,DEM,5,2,4,2.0,1.0,1.0,7,3,7,8
1724,"2_Demolisher 4,5,6__f002084__t007.jpg",308.5965271,249.3191223,622.8930054,884.597229,0.903694153,1948.388103,DEM,3,4,3,2.0,1.0,1.0,5,5,6,7
1725,"2_Demolisher 4,5,6__f002104__t024.jpg",32.81997299,285.2498169,347.0884399,671.5817871,0.774686754,1940.665819,DEM,8,5,10,2.0,1.0,1.0,10,6,11,12
1726,"2_Demolisher 4,5,6__f002104__t035.jpg",0.56010747,206.0305328,40.10050201,324.6499329,0.594579399,1940.665819,DEM,4,2,4,2.0,1.0,1.0,6,3,6,7
1727,"2_Demolisher 4,5,6__f002140__t035.jpg",1.955166817,206.5337677,36.71392822,323.6138,0.582540989,2069.04836,DEM,3,1,2,2.0,1.0,1.0,5,2,4,5
1728,"2_Demolisher 4,5,6__f002152__t034.jpg",64.24654388,200.1737823,130.0369873,365.0991516,0.771482944,2042.857591,DEM,5,1,4,2.0,1.0,1.0,7,2,7,8
1729,"2_Demolisher 4,5,6__f002155__t011.jpg",1233.281128,249.4911194,1489.457153,673.5870361,0.916799307,1945.547226,DEM,4,4,4,2.0,1.0,1.0,6,5,8,9
1730,"2_Demolisher 4,5,6__f002156__t013.jpg",845.9871826,105.9107056,1077.307617,737.7904663,0.90018636,2046.876165,DEM,3,4,3,2.0,1.0,1.0,5,5,6,7
1731,"2_Demolisher 4,5,6__f002225__t035.jpg",9.774283409,201.9196167,52.57594681,317.4299622,0.356058657,1989.874094,DEM,3,2,3,2.0,1.0,1.0,5,3,4,5
1732,"2_Demolisher 4,5,6__f002236__t034.jpg",56.96364975,198.5935974,118.3071747,322.4111023,0.693340123,1884.610273,DEM,4,1,3,2.0,1.0,1.0,6,2,6,7
1733,"2_Demolisher 4,5,6__f002242__t034.jpg",54.43481445,199.6639099,116.0222702,321.460083,0.718841672,1867.304864,DEM,5,1,4,2.0,1.0,1.0,7,2,7,8
1734,"2_Demolisher 4,5,6__f002264__t007.jpg",180.5263214,47.92811966,529.7570801,856.0168457,0.90856117,1931.286137,DEM,3,4,3,2.0,1.0,1.0,5,5,6,7
1735,"2_Demolisher 4,5,6__f002284__t024.jpg",8.448610306,263.8648376,267.4959412,680.3894653,0.691848159,1968.590186,DEM,9,5,10,2.0,1.0,1.0,11,6,12,13
1736,"2_Demolisher 4,5,6__f002332__t034.jpg",32.15869141,177.6998291,92.56437683,308.0796509,0.732873023,1878.373131,DEM,5,1,4,2.0,1.0,1.0,7,2,7,8
1737,"2_Demolisher 4,5,6__f002335__t011.jpg",1213.206665,266.544342,1519.968506,687.7026978,0.826931655,1978.176898,DEM,3,4,3,2.0,1.0,1.0,5,5,6,7
1738,"2_Demolisher 4,5,6__f002336__t013.jpg",822.7098389,112.8105545,1073.424683,719.9697876,0.905887306,1884.404723,DEM,4,4,4,2.0,1.0,1.0,6,5,8,9
1739,"2_Demolisher 4,5,6__f002416__t034.jpg",43.527668,169.580368,110.5814209,312.8723755,0.722234666,2010.836821,DEM,4,1,3,2.0,1.0,1.0,6,2,6,7
1740,"2_Demolisher 4,5,6__f002422__t034.jpg",46.58250809,168.5032196,113.5714493,312.8660583,0.690624595,2010.335181,DEM,4,1,3,2.0,1.0,1.0,6,2,6,7
1741,"2_Demolisher 4,5,6__f002444__t007.jpg",210.9239502,49.94331741,515.2700195,830.8634033,0.909033477,1893.593794,DEM,3,1,2,2.0,1.0,1.0,5,2,4,5
1742,"2_Demolisher 4,5,6__f002464__t024.jpg",2.159885645,253.9398956,265.9725342,658.9696655,0.729825437,1911.343093,DEM,7,5,9,2.0,1.0,1.0,9,6,10,11
1743,"2_Demolisher 4,5,6__f002512__t034.jpg",37.04154968,166.3625336,106.4514694,311.0108948,0.706280589,2019.303378,DEM,3,1,2,2.0,1.0,1.0,5,2,4,5
1744,"2_Demolisher 4,5,6__f002515__t011.jpg",1203.215576,242.3496704,1483.634888,675.022522,0.907201171,1906.019699,DEM,6,4,7,2.0,1.0,1.0,8,5,10,11
1745,"2_Demolisher 4,5,6__f002516__t013.jpg",822.0033569,136.4156647,1081.127563,734.2350464,0.908255041,1990.206381,DEM,4,4,4,2.0,1.0,1.0,6,5,8,9
1746,"2_Demolisher 4,5,6__f002596__t034.jpg",49.92227554,161.8061371,112.9432297,307.8015747,0.693802774,1848.381132,DEM,5,1,4,2.0,1.0,1.0,7,2,7,8
1747,"2_Demolisher 4,5,6__f002624__t007.jpg",244.6706238,153.8968353,533.2102661,858.3476563,0.864780009,1984.195722,DEM,3,4,3,2.0,1.0,1.0,5,5,6,7
1748,"2_Demolisher 4,5,6__f002644__t024.jpg",2.933639765,250.8168793,264.5267029,658.6431274,0.732306778,2021.568136,DEM,8,5,10,2.0,1.0,1.0,10,6,11,12
1749,"2_Demolisher 4,5,6__f002695__t011.jpg",1223.545044,227.3165131,1496.9104,669.7835693,0.901297629,2091.726845,DEM,4,4,4,2.0,1.0,1.0,6,5,8,9
1750,"2_Demolisher 4,5,6__f002696__t013.jpg",842.2479858,76.34309387,1092.689575,694.3253784,0.910452425,2041.409308,DEM,5,2,4,2.0,1.0,1.0,7,3,7,8
1751,"2_Demolisher 4,5,6__f002775__t024.jpg",13.18023586,246.4285431,299.9908752,646.5369873,0.45068109,2163.759961,DEM,7,5,9,2.0,1.0,1.0,9,6,10,11
1752,"2_Demolisher 4,5,6__f002804__t007.jpg",37.97279358,208.1007538,523.8421631,853.376709,0.779604971,2197.435864,DEM,2,4,3,2.0,1.0,1.0,4,5,5,6
1753,"2_Demolisher 4,5,6__f002861__t039.jpg",69.64360046,159.4104462,138.7852936,320.6908875,0.746959388,2100.719174,DEM,5,2,4,2.0,1.0,1.0,7,3,7,8
1754,"2_Demolisher 4,5,6__f002875__t011.jpg",1227.821899,121.3423004,1490.669067,678.1634521,0.91697669,2215.237808,DEM,4,2,4,2.0,1.0,1.0,6,3,6,7
1755,"2_Demolisher 4,5,6__f002876__t013.jpg",864.0617065,142.4437408,1137.709351,690.9138184,0.902380526,2129.546225,DEM,3,4,3,2.0,1.0,1.0,5,5,6,7
1756,"2_Demolisher 4,5,6__f002878__t039.jpg",69.60412598,154.9481354,141.4059296,323.1152649,0.762140453,2218.127336,DEM,5,2,4,2.0,1.0,1.0,7,3,7,8
1757,"2_Demolisher 4,5,6__f002968__t039.jpg",354.1976013,187.2414703,414.7229004,364.0162354,0.75680387,2182.627156,DEM,5,2,4,2.0,1.0,1.0,7,3,7,8
1758,"2_Demolisher 4,5,6__f003011__t042.jpg",0.0,363.9856262,193.4585571,794.7165527,0.675380588,2029.175257,DEM,4,4,4,2.0,1.0,1.0,6,5,8,9
1759,"2_Demolisher 4,5,6__f003057__t011.jpg",1113.392456,120.1607132,1325.628662,712.0992432,0.908790112,2091.339331,DEM,3,2,3,2.0,1.0,1.0,5,3,4,5
1760,"2_Demolisher 4,5,6__f003100__t007.jpg",138.2670288,191.4061127,449.8415527,924.1380005,0.856242597,2306.04378,DEM,3,4,3,2.0,1.0,1.0,5,5,6,7
1761,"2_Demolisher 4,5,6__f003101__t042.jpg",2.418257236,316.5222778,159.4550323,732.920166,0.76765573,2181.22143,DEM,8,5,10,2.0,1.0,1.0,10,6,11,12
1762,"2_Demolisher 4,5,6__f003121__t013.jpg",731.6070557,239.9843903,1013.672058,773.5706787,0.885148108,2305.510809,DEM,3,4,3,2.0,1.0,1.0,5,5,6,7
1763,"2_Demolisher 4,5,6__f003124__t042.jpg",4.003909111,313.9903259,179.1636505,734.0255127,0.761207044,2169.822251,DEM,7,5,9,2.0,1.0,1.0,9,6,10,11
1764,"2_Demolisher 4,5,6__f003191__t042.jpg",0.0,287.9797668,206.9381714,708.7071533,0.879636705,2214.736432,DEM,7,5,9,2.0,1.0,1.0,9,6,10,11
1765,"2_Demolisher 4,5,6__f003237__t011.jpg",1098.057251,69.7721405,1289.686279,648.0025024,0.891404092,2380.883699,DEM,4,1,3,2.0,1.0,1.0,6,2,6,7
1766,"2_Demolisher 4,5,6__f003280__t007.jpg",189.9181061,174.7373352,500.585968,906.8876343,0.890984535,2263.157868,DEM,3,4,3,2.0,1.0,1.0,5,5,6,7
1767,"2_Demolisher 4,5,6__f003281__t042.jpg",0.0,279.0849915,229.0707092,720.3756714,0.879427671,2410.899515,DEM,7,5,9,2.0,1.0,1.0,9,6,10,11
1768,"2_Demolisher 4,5,6__f003301__t013.jpg",756.5649414,72.6371994,964.317688,754.6601563,0.886426449,2262.440047,DEM,4,4,4,2.0,1.0,1.0,6,5,8,9
1769,"2_Demolisher 4,5,6__f003304__t042.jpg",1.209935904,279.8945923,234.4724579,722.3339844,0.859821081,2424.958152,DEM,8,5,10,2.0,1.0,1.0,10,6,11,12
1770,"2_Demolisher 4,5,6__f003371__t042.jpg",0.0,281.2822876,203.9373016,701.2849731,0.577214718,2433.041055,DEM,6,1,6,2.0,1.0,1.0,8,2,8,9
1771,"2_Demolisher 4,5,6__f003417__t011.jpg",1132.692017,59.10419846,1306.114502,660.1796875,0.892263472,2281.286027,DEM,3,1,2,2.0,1.0,1.0,5,2,4,5
1772,"2_Demolisher 4,5,6__f003460__t007.jpg",261.0738525,23.5242672,554.2410278,877.9221191,0.901907444,2384.921792,DEM,4,2,4,2.0,1.0,1.0,6,3,6,7
1773,"2_Demolisher 4,5,6__f003461__t042.jpg",4.856287479,271.1407471,256.4264526,682.6606445,0.887883723,2274.255633,DEM,8,5,10,2.0,1.0,1.0,10,6,11,12
1774,"2_Demolisher 4,5,6__f003481__t013.jpg",769.9511108,101.6030807,998.3233643,747.4528809,0.895878613,2382.271763,DEM,4,4,4,2.0,1.0,1.0,6,5,8,9
1775,"2_Demolisher 4,5,6__f003484__t042.jpg",0.0,270.0501404,256.1785583,687.4312134,0.741070628,2255.993797,DEM,7,5,9,2.0,1.0,1.0,9,6,10,11
1776,"2_Demolisher 4,5,6__f003597__t011.jpg",1131.602661,59.34580612,1312.395996,641.440979,0.871296287,2374.5509,DEM,4,2,4,2.0,1.0,1.0,6,3,6,7
1777,2_Demolisher 5__f000060__t001.jpg,174.360672,203.2529297,924.3855591,1622.080444,0.818198562,531.2157687,DEM,6,4,7,2.0,1.0,1.0,8,5,10,11
1780,2_Demolisher 5__f000240__t001.jpg,77.590271,403.947937,888.6801758,1610.080078,0.911795795,420.5463928,DEM,7,4,8,2.0,1.0,1.0,9,5,10,11
1781,2_Demolisher 5__f000420__t001.jpg,126.7827835,287.8398438,917.8079224,1608.926025,0.903862238,442.9756093,DEM,6,4,7,2.0,1.0,1.0,8,5,10,11
1782,2_Demolisher 5__f000600__t001.jpg,184.3236389,309.8942871,963.9195557,1569.451782,0.878735185,437.1869531,DEM,7,5,9,2.0,1.0,1.0,9,6,10,11
1783,2_Demolisher 5__f000780__t001.jpg,154.0017395,324.9448853,900.5964966,1557.443237,0.878244638,460.7634278,DEM,6,5,8,2.0,1.0,1.0,8,6,10,11
1787,2_Demolisher 5__f000960__t001.jpg,164.9880981,381.8240967,949.71521,1604.786133,0.903265119,453.7984229,DEM,7,4,8,2.0,1.0,1.0,9,5,10,11
1790,2_Demolisher 5__f001140__t001.jpg,172.6911926,427.9036865,910.1005859,1625.560547,0.886574626,443.0276356,DEM,6,4,7,2.0,1.0,1.0,8,5,10,11
1791,2_Demolisher 5__f001320__t001.jpg,182.4550018,18.46683311,772.1905518,1699.88855,0.856556475,419.3817245,DEM,5,1,4,2.0,1.0,1.0,7,2,7,8
1797,2_Demolisher 6__f000024__t002.jpg,744.9876099,1289.964722,1080.0,1609.453491,0.732574999,718.2227861,DEM,7,5,9,2.0,1.0,1.0,9,6,10,11
1798,2_Demolisher 6__f000057__t002.jpg,842.4672852,1262.346436,1080.0,1667.834717,0.642958283,850.307831,DEM,6,2,6,2.0,1.0,1.0,8,3,8,9
1799,2_Demolisher 6__f000066__t001.jpg,308.7295837,1.520103931,785.916626,1220.543701,0.858953416,791.9769732,DEM,4,2,4,2.0,1.0,1.0,6,3,6,7
1801,2_Demolisher 6__f000246__t001.jpg,260.4293213,3.016539574,686.4355469,1250.065552,0.872192085,774.9945737,DEM,4,1,3,2.0,1.0,1.0,6,2,6,7
1802,2_Demolisher 6__f000426__t001.jpg,233.7377014,267.4004517,723.7818604,1312.124023,0.878060758,852.846108,DEM,4,4,4,2.0,1.0,1.0,6,5,8,9
1803,2_Demolisher 6__f000606__t001.jpg,189.6427612,330.7385864,738.9338379,1270.718872,0.91854614,758.2295206,DEM,5,4,5,2.0,1.0,1.0,7,5,9,10
1805,2_Demolisher 6__f000786__t001.jpg,187.5549927,350.3212891,727.2856445,1289.4646,0.902935088,793.3559367,DEM,5,4,5,2.0,1.0,1.0,7,5,9,10
1808,2_Demolisher 6__f000924__t006.jpg,853.3637085,1364.488281,1065.672974,1709.36377,0.711650193,659.3773799,DEM,6,4,7,2.0,1.0,1.0,8,5,10,11
1809,2_Demolisher 6__f000966__t001.jpg,245.349823,328.1414185,783.8374634,1297.120117,0.920798242,737.5886829,DEM,5,4,5,2.0,1.0,1.0,7,5,9,10
1812,2_Demolisher 6__f001146__t001.jpg,243.4375,329.7154236,768.5435791,1283.435547,0.911264479,831.9455897,DEM,5,2,4,2.0,1.0,1.0,7,3,7,8
1813,2_Demolisher 6__f001326__t001.jpg,268.1777954,378.1904907,743.7838135,1297.195068,0.900212049,839.049131,DEM,5,2,4,2.0,1.0,1.0,7,3,7,8
1814,2_Demolisher 6__f001506__t001.jpg,313.5245361,351.7733765,848.5200806,1311.064697,0.913372636,672.9735387,DEM,5,4,5,2.0,1.0,1.0,7,5,9,10
1815,2_Demolisher 6__f001686__t001.jpg,292.6370239,334.7660217,902.4981689,1286.100464,0.928061247,698.4544239,DEM,6,4,7,2.0,1.0,1.0,8,5,10,11
1816,2_Demolisher 6__f001750__t011.jpg,723.7557373,1203.384888,1080.0,1734.528809,0.717027724,750.4694294,DEM,4,2,4,2.0,1.0,1.0,6,3,6,7
1818,2_Demolisher 6_CDW Remover__f000169__t001.jpg,424.2421265,238.949295,909.8795166,978.6755981,0.87378782,1175.989743,CDSS,6,2,6,1.0,1.0,2.0,7,4,8,9
1819,2_Demolisher 6_CDW Remover__f000349__t001.jpg,299.3405457,283.6001892,909.6730957,1012.401978,0.918230057,1234.243232,CDSS,7,2,7,1.0,1.0,2.0,8,4,9,10
1820,2_Demolisher 6_CDW Remover__f000529__t001.jpg,175.2120361,274.8612976,905.1073608,1009.187134,0.932830513,1128.043427,CDSS,7,4,8,1.0,1.0,2.0,8,6,10,11
1821,2_Demolisher 6_CDW Remover__f000709__t001.jpg,463.9510498,313.3748779,924.954895,1028.688599,0.884457529,1051.061294,CDSS,6,2,6,1.0,1.0,2.0,7,4,8,9
1822,2_Demolisher 6_CDW Remover__f000889__t001.jpg,257.3829956,319.3902893,949.6288452,1060.256592,0.922291756,1002.855967,CDSS,7,4,8,1.0,1.0,2.0,8,6,10,11
1823,2_Demolisher 6_CDW Remover__f001069__t001.jpg,364.8735352,340.8930054,1024.80188,1054.818237,0.928717077,890.2601863,CDSS,7,5,9,1.0,1.0,2.0,8,7,10,11
1824,2_Demolisher 6_CDW Remover__f001249__t001.jpg,557.4525757,334.3308105,1019.982117,1049.788574,0.891085446,899.2175913,CDSS,6,2,6,1.0,1.0,2.0,7,4,8,9
1825,2_Demolisher 6_CDW Remover__f001429__t001.jpg,547.6738281,345.2045898,1017.90509,1052.450562,0.906148314,962.7297741,CDSS,6,2,6,1.0,1.0,2.0,7,4,8,9
1826,2_Demolisher 6_CDW Remover__f001609__t001.jpg,361.355011,351.0332642,1027.279907,1077.178833,0.928178906,1031.100049,CDSS,7,5,9,1.0,1.0,2.0,8,7,10,11
1827,2_Demolisher 6_CDW Remover__f001789__t001.jpg,428.2774963,432.1101074,1007.816284,1120.924438,0.926156402,1093.4856,CDSS,6,4,7,1.0,1.0,2.0,7,6,9,10
1829,2_Demolisher 7__f000100__t003.jpg,14.41596413,21.87180328,276.6890869,926.2529907,0.938680112,181.3829308,DEM,4,1,3,2.0,1.0,1.0,6,2,6,7
1830,2_Demolisher 7__f000102__t003.jpg,14.62309074,26.20918655,281.2944641,926.3804932,0.938909709,178.4221296,DEM,4,1,3,2.0,1.0,1.0,6,2,6,7
1831,2_Demolisher 7__f000466__t004.jpg,200.6528931,571.7506714,396.6218262,794.1606445,0.872610152,195.6190089,DEM,7,4,8,2.0,1.0,1.0,9,5,10,11
1833,2_Demolisher 7__f000764__t004.jpg,51.9512558,347.5178223,238.776947,768.8991089,0.879097641,192.8018498,DEM,4,1,3,2.0,1.0,1.0,6,2,6,7
1835,2_Demolisher 7__f000944__t004.jpg,24.62345123,335.8714294,253.1554413,758.8919678,0.812612534,231.1679993,DEM,3,1,2,2.0,1.0,1.0,5,2,4,5
1837,2_Demolisher 7__f001124__t004.jpg,0.0,321.6716919,184.023468,746.5622559,0.896342695,166.7284457,DEM,5,2,4,2.0,1.0,1.0,7,3,7,8
1839,2_Demolisher 7__f001304__t004.jpg,22.38541222,329.710907,267.3788757,725.4449463,0.890165091,167.3504912,DEM,5,2,4,2.0,1.0,1.0,7,3,7,8
1842,2_Demolisher 7__f001595__t001.jpg,636.8287964,114.2369995,1012.358704,810.0681152,0.922792792,216.8667967,DEM,5,5,6,2.0,1.0,1.0,7,6,9,10
1844,2_Demolisher 8_1__f000016__t004.jpg,1353.424316,201.538208,1631.185791,566.1676025,0.865446091,143.2317611,DEM,7,2,7,2.0,1.0,1.0,9,3,9,10
1845,2_Demolisher 8_1__f000042__t002.jpg,81.36292267,32.05355835,419.6912537,514.1220093,0.901827693,146.9584099,DEM,6,4,7,2.0,1.0,1.0,8,5,10,11
1846,2_Demolisher 8_1__f000053__t003.jpg,1589.405151,229.0246582,1909.582642,593.4884033,0.887316465,114.7021722,DEM,7,2,7,2.0,1.0,1.0,9,3,9,10
1847,2_Demolisher 8_1__f000065__t001.jpg,463.8024292,181.9879913,962.8203735,862.2896729,0.916824222,136.5156854,DEM,5,4,5,2.0,1.0,1.0,7,5,9,10
1848,2_Demolisher 8_1__f000068__t003.jpg,1591.627197,221.1191406,1887.858154,593.0911865,0.874941826,125.6215427,DEM,7,4,8,2.0,1.0,1.0,9,5,10,11
1851,2_Demolisher 8_1__f000086__t002.jpg,75.32920837,41.27753067,413.4056091,516.0875854,0.902857125,150.8730338,DEM,6,4,7,2.0,1.0,1.0,8,5,10,11
1852,2_Demolisher 8_1__f000106__t004.jpg,1345.653442,187.2741852,1607.118286,567.5146484,0.846382678,119.9176871,DEM,7,4,8,2.0,1.0,1.0,9,5,10,11
1854,2_Demolisher 8_1__f000132__t002.jpg,58.30576324,37.85001755,399.3882751,508.6110535,0.91408056,148.0515392,DEM,6,4,7,2.0,1.0,1.0,8,5,10,11
1855,2_Demolisher 8_1__f000140__t001.jpg,428.161438,175.3977966,927.2648315,858.5730591,0.905324101,154.0617321,DEM,5,4,5,2.0,1.0,1.0,7,5,9,10
1856,2_Demolisher 8_1__f000143__t003.jpg,1545.621582,219.2565002,1796.679688,593.2282104,0.84045285,154.021967,DEM,7,2,7,2.0,1.0,1.0,9,3,9,10
1857,2_Demolisher 8_1__f000155__t001.jpg,406.6736755,180.291214,904.9525146,859.088501,0.895192862,244.5312441,DEM,4,4,4,2.0,1.0,1.0,6,5,8,9
1858,2_Demolisher 8_1__f000159__t006.jpg,298.065979,141.1718597,524.7306519,374.4778748,0.725237072,240.8223075,DEM,7,4,8,2.0,1.0,1.0,9,5,10,11
1859,2_Demolisher 8_1__f000168__t005.jpg,797.675354,0.338894784,1001.594116,507.061554,0.788388431,204.5291165,DEM,5,5,6,2.0,1.0,1.0,7,6,9,10
1861,2_Demolisher 8_1__f000178__t004.jpg,1289.727661,190.4458008,1557.336792,574.9571533,0.83308661,252.9640279,DEM,7,4,8,2.0,1.0,1.0,9,5,10,11
1862,2_Demolisher 8_1__f000196__t004.jpg,1288.986328,191.7030334,1567.804077,576.8998413,0.863413334,204.0901199,DEM,7,2,7,2.0,1.0,1.0,9,3,9,10
1864,2_Demolisher 8_1__f000233__t003.jpg,1546.658325,212.8803558,1881.196411,579.7078247,0.823694587,258.8028739,DEM,7,2,7,2.0,1.0,1.0,9,3,9,10
1865,2_Demolisher 8_1__f000245__t001.jpg,411.6551514,162.0661011,899.9307251,841.1008911,0.855160832,231.6298729,DEM,4,4,4,2.0,1.0,1.0,6,5,8,9
1866,2_Demolisher 8_1__f000248__t003.jpg,1541.271484,210.3141785,1869.350342,574.9146118,0.872713983,234.7080514,DEM,7,2,7,2.0,1.0,1.0,9,3,9,10
1870,2_Demolisher 8_1__f000286__t004.jpg,1288.980957,194.320816,1577.185913,549.1073608,0.803080678,249.1257229,DEM,6,4,7,2.0,1.0,1.0,8,5,10,11
1873,2_Demolisher 8_1__f000320__t001.jpg,402.0876465,145.3110046,913.9185181,827.262085,0.892954111,191.1041133,DEM,6,4,7,2.0,1.0,1.0,8,5,10,11
1874,2_Demolisher 8_1__f000323__t003.jpg,1546.079102,200.3643646,1870.385132,558.8741455,0.893691719,160.3040159,DEM,7,2,7,2.0,1.0,1.0,9,3,9,10
1877,2_Demolisher 8_1__f000358__t004.jpg,1290.903809,158.9169464,1578.522339,540.5393066,0.766015291,205.4737704,DEM,7,2,7,2.0,1.0,1.0,9,3,9,10
1878,2_Demolisher 8_1__f000428__t003.jpg,1532.007446,170.4127655,1827.859375,536.6397095,0.874763072,196.6342605,DEM,7,2,7,2.0,1.0,1.0,9,3,9,10
1882,2_Demolisher 8_1__f000500__t001.jpg,307.8253784,104.2025833,910.5087891,797.6069336,0.880364597,220.2201853,DEM,5,4,5,2.0,1.0,1.0,7,5,9,10
1883,2_Demolisher 8_1__f000538__t004.jpg,1309.231079,57.74995804,1563.838135,467.7581482,0.869960845,229.417084,DEM,7,4,8,2.0,1.0,1.0,9,5,10,11
1884,2_Demolisher 8_1__f000608__t003.jpg,1556.585571,147.2336273,1885.052612,511.6071777,0.87448132,211.2254309,DEM,7,2,7,2.0,1.0,1.0,9,3,9,10
1889,2_Demolisher 8_1__f000680__t001.jpg,430.8940735,128.5635223,934.6220093,767.0197144,0.887580931,149.3556038,DEM,6,4,7,2.0,1.0,1.0,8,5,10,11
1890,2_Demolisher 8_1__f000718__t004.jpg,1352.366211,38.29271698,1614.993774,441.0429382,0.880908489,131.6733758,DEM,7,2,7,2.0,1.0,1.0,9,3,9,10
1892,2_Demolisher 8_1__f000788__t003.jpg,1582.684204,125.2808151,1883.161865,484.4675903,0.859925389,113.5708763,DEM,6,4,7,2.0,1.0,1.0,8,5,10,11
1898,2_Demolisher 8_1__f000860__t001.jpg,443.5108948,40.88363647,929.5238647,736.5003052,0.851771355,120.3060658,DEM,4,4,4,2.0,1.0,1.0,6,5,8,9
1900,2_Demolisher 8_1__f000898__t004.jpg,1295.219604,86.17589569,1599.86377,453.6733093,0.778815985,141.912747,DEM,5,4,5,2.0,1.0,1.0,7,5,9,10
1904,2_Demolisher 8_1__f000968__t003.jpg,1558.726685,98.7685318,1841.842041,447.8988037,0.836636126,122.1246691,DEM,6,4,7,2.0,1.0,1.0,8,5,10,11
1909,2_Demolisher 8_1__f001051__t021.jpg,1702.496582,66.77018738,1885.355225,436.8067322,0.823569775,144.4448011,DEM,7,4,8,2.0,1.0,1.0,9,5,10,11
1912,2_Demolisher 8_1__f001077__t021.jpg,1675.930908,63.34235764,1916.347046,435.1763916,0.875268579,144.9200929,DEM,7,4,8,2.0,1.0,1.0,9,5,10,11
1914,2_Demolisher 8_1__f001109__t019.jpg,1207.042236,1.975510955,1540.780029,371.7463074,0.88221848,149.0826866,DEM,7,2,7,2.0,1.0,1.0,9,3,9,10
1915,2_Demolisher 8_1__f001135__t019.jpg,1195.408325,32.18993759,1533.651855,411.7946167,0.861781955,172.3809572,DEM,7,2,7,2.0,1.0,1.0,9,3,9,10
1917,2_Demolisher 8_1__f001144__t001.jpg,505.7952576,37.91010284,995.4951172,728.6507568,0.921601057,233.8984784,DEM,3,4,3,2.0,1.0,1.0,5,5,6,7
1919,2_Demolisher 8_1__f001167__t021.jpg,1650.122559,109.2936249,1908.653931,461.5335083,0.870411396,239.6972886,DEM,6,4,7,2.0,1.0,1.0,8,5,10,11
1923,2_Demolisher 8_2__f000053__t002.jpg,1508.137817,167.8653717,1734.893555,539.1530762,0.877427042,242.8962612,DEM,7,2,7,2.0,1.0,1.0,9,3,9,10
1924,2_Demolisher 8_2__f000059__t003.jpg,313.5991211,2.581720352,763.4622192,785.3079834,0.852016866,303.2731829,DEM,6,4,7,2.0,1.0,1.0,8,5,10,11
1925,2_Demolisher 8_2__f000082__t002.jpg,1499.137695,161.8398895,1758.57373,533.770874,0.868882716,264.1669416,DEM,7,4,8,2.0,1.0,1.0,9,5,10,11
1927,2_Demolisher 8_2__f000107__t012.jpg,768.2277222,127.0313568,995.9721069,442.340332,0.672142804,239.3261897,DEM,7,2,7,2.0,1.0,1.0,9,3,9,10
1928,2_Demolisher 8_2__f000121__t010.jpg,1079.942261,100.3431931,1382.579956,474.8604126,0.870366514,240.9690489,DEM,5,4,5,2.0,1.0,1.0,7,5,9,10
1929,2_Demolisher 8_2__f000139__t010.jpg,1095.967285,118.8122559,1398.171143,486.4719849,0.885488868,222.6591297,DEM,7,2,7,2.0,1.0,1.0,9,3,9,10
1930,2_Demolisher 8_2__f000143__t002.jpg,1601.635498,208.6986542,1857.06543,562.7634277,0.772581279,224.671494,DEM,7,2,7,2.0,1.0,1.0,9,3,9,10
1931,2_Demolisher 8_2__f000148__t012.jpg,783.5410156,163.7447052,1072.210449,483.7977295,0.495616466,221.0042219,DEM,7,2,7,2.0,1.0,1.0,9,3,9,10
1932,2_Demolisher 8_2__f000149__t003.jpg,412.7722168,1.376937151,873.7119751,820.710144,0.833687007,222.0789191,DEM,6,2,6,2.0,1.0,1.0,8,3,8,9
1935,2_Demolisher 8_2__f000197__t012.jpg,798.7963867,170.1572876,1094.870239,492.5588379,0.799755037,193.0929045,DEM,7,2,7,2.0,1.0,1.0,9,3,9,10
1936,2_Demolisher 8_2__f000211__t010.jpg,1137.88562,133.3878937,1448.905273,498.7851868,0.905563891,198.2337122,DEM,7,2,7,2.0,1.0,1.0,9,3,9,10
1938,2_Demolisher 8_2__f000239__t003.jpg,416.0381165,0.143976122,920.9446411,821.9115601,0.821485698,202.9733933,DEM,6,4,7,2.0,1.0,1.0,8,5,10,11
1939,2_Demolisher 8_2__f000278__t004.jpg,1636.493896,0.800297737,1870.611572,601.5526123,0.788412869,201.2926781,DEM,7,5,9,2.0,1.0,1.0,9,6,10,11
1940,2_Demolisher 8_2__f000287__t012.jpg,822.4294434,160.0039978,1073.47583,510.6883545,0.714269161,201.3356973,DEM,7,2,7,2.0,1.0,1.0,9,3,9,10
1941,2_Demolisher 8_2__f000301__t010.jpg,1123.566284,130.1663361,1522.205444,500.4056091,0.891723394,203.9607421,DEM,7,4,8,2.0,1.0,1.0,9,5,10,11
1942,2_Demolisher 8_2__f000319__t010.jpg,1120.746704,124.7216721,1484.201172,498.2990112,0.871469975,200.7237884,DEM,7,4,8,2.0,1.0,1.0,9,5,10,11
1943,2_Demolisher 8_2__f000328__t012.jpg,816.3703613,161.2676697,1063.938477,491.6225891,0.532841027,170.1065825,DEM,7,1,7,2.0,1.0,1.0,9,2,9,10
1944,2_Demolisher 8_2__f000329__t003.jpg,413.2926025,0.51877898,840.6375732,820.9709473,0.831768334,206.6584846,DEM,5,2,4,2.0,1.0,1.0,7,3,7,8
1946,2_Demolisher 8_2__f000377__t012.jpg,846.7839966,170.4227753,1118.653442,489.3844604,0.810826838,204.9586514,DEM,7,4,8,2.0,1.0,1.0,9,5,10,11
1947,2_Demolisher 8_2__f000391__t010.jpg,1165.088623,122.8735199,1463.650024,496.5303345,0.868308246,160.25565,DEM,6,2,6,2.0,1.0,1.0,8,3,8,9
1949,2_Demolisher 8_2__f000419__t003.jpg,449.2657471,1.997431993,911.8771973,813.6785889,0.756196976,302.7311748,DEM,6,4,7,2.0,1.0,1.0,8,5,10,11
1951,2_Demolisher 8_2__f000499__t010.jpg,1161.358643,110.666626,1479.902832,475.8137207,0.880609334,241.2819514,DEM,7,2,7,2.0,1.0,1.0,9,3,9,10
1952,2_Demolisher 8_2__f000508__t012.jpg,935.0892334,115.8171616,1203.18042,440.7482605,0.88532728,245.1417079,DEM,7,2,7,2.0,1.0,1.0,9,3,9,10
1953,2_Demolisher 8_2__f000509__t003.jpg,448.12323,2.683933258,928.2103271,798.710083,0.911145031,210.6792851,DEM,6,4,7,2.0,1.0,1.0,8,5,10,11
1954,2_Demolisher 8_2__f000599__t003.jpg,448.2748718,2.15628171,865.8359375,817.9571533,0.747647166,224.1339857,DEM,6,2,6,2.0,1.0,1.0,8,3,8,9
1955,2_Demolisher 8_2__f000603__t003.jpg,447.125824,1.34144187,853.8212891,817.6169434,0.829051852,200.2836013,DEM,6,2,6,2.0,1.0,1.0,8,3,8,9
1958,2_Demolisher 8_2__f000690__t012.jpg,1001.668823,140.1622162,1266.798828,468.9313354,0.852100909,127.0403478,DEM,6,2,6,2.0,1.0,1.0,8,3,8,9
1959,2_Demolisher 8_2__f000714__t010.jpg,1203.364746,113.4750443,1521.688599,493.6385498,0.787102938,165.3052316,DEM,7,2,7,2.0,1.0,1.0,9,3,9,10
1960,2_Demolisher 8_2__f000744__t016.jpg,1669.046631,201.2241974,1920.0,557.3914185,0.896710575,167.9330898,DEM,7,2,7,2.0,1.0,1.0,9,3,9,10
1961,2_Demolisher 8_2__f000783__t003.jpg,502.4308167,4.998448849,996.6296997,821.428894,0.916524947,138.2388964,DEM,6,4,7,2.0,1.0,1.0,8,5,10,11
1962,2_Demolisher 8_2__f000797__t016.jpg,1672.471802,193.4237976,1917.951538,556.4053955,0.905050516,156.2065548,DEM,8,2,8,2.0,1.0,1.0,10,3,10,11
1963,2_Demolisher 8_2__f000834__t016.jpg,1654.608643,187.0765381,1917.962158,553.305481,0.904958725,174.3956614,DEM,7,2,7,2.0,1.0,1.0,9,3,9,10
1964,2_Demolisher 8_2__f000870__t012.jpg,995.237793,128.9098969,1252.971313,448.9460449,0.873326182,167.5130729,DEM,6,2,6,2.0,1.0,1.0,8,3,8,9
1965,2_Demolisher 8_2__f000894__t010.jpg,1204.592651,92.50480652,1517.948242,477.0227661,0.864061058,172.8911912,DEM,6,2,6,2.0,1.0,1.0,8,3,8,9
1966,2_Demolisher_4__f000179__t001.jpg,279.5845642,1.763603449,825.5278931,1374.962891,0.890604198,705.5366195,DEM,3,2,3,2.0,1.0,1.0,5,3,4,5
1967,2_Demolisher_4__f000351__t003.jpg,970.3339233,344.0606384,1080.0,1198.065063,0.77636081,746.2017452,DEM,4,2,4,2.0,1.0,1.0,6,3,6,7
1968,2_Demolisher_4__f000359__t001.jpg,272.6040955,182.7308197,744.076355,1352.850098,0.893862665,754.8930411,DEM,4,2,4,2.0,1.0,1.0,6,3,6,7
1970,2_Demolisher_4__f000539__t001.jpg,282.199707,223.1748047,785.0987549,1348.423706,0.918316185,753.7140938,DEM,4,2,4,2.0,1.0,1.0,6,3,6,7
1972,2_Demolisher_4__f000719__t001.jpg,305.8748474,219.6446991,800.8403931,1348.83252,0.897606134,728.9413697,DEM,4,2,4,2.0,1.0,1.0,6,3,6,7
1974,2_Demolisher_4__f000899__t001.jpg,334.8459167,162.5878906,818.034668,1362.057251,0.892239571,730.698337,DEM,5,2,4,2.0,1.0,1.0,7,3,7,8
1976,2_Demolisher_4__f001079__t001.jpg,294.5520325,160.562439,815.6278076,1390.66748,0.89945817,761.1381519,DEM,5,2,4,2.0,1.0,1.0,7,3,7,8
1978,2_Demolisher_4__f001259__t001.jpg,288.7737122,110.9520874,806.5495605,1385.59375,0.894018352,717.23418,DEM,4,2,4,2.0,1.0,1.0,6,3,6,7
1980,2_Demolisher_4__f001439__t001.jpg,277.1845398,85.03591919,784.5858765,1375.577881,0.863939703,734.0889404,DEM,4,2,4,2.0,1.0,1.0,6,3,6,7
1982,2_Demolisher_4__f001619__t001.jpg,323.2859497,198.2502441,908.0336304,1438.21875,0.872881889,704.8637672,DEM,4,2,4,2.0,1.0,1.0,6,3,6,7
1984,2_Demolisher_4__f001799__t001.jpg,269.0574646,248.7586517,852.5997314,1441.773682,0.907813728,762.039474,DEM,4,4,4,2.0,1.0,1.0,6,5,8,9
1995,3_CDW Handler_6_1__f000016__t001.jpg,218.0005341,328.5179443,530.1018677,678.4395752,0.893591762,2851.900076,CDSS,7,4,8,1.0,1.0,2.0,8,6,10,11
1996,3_CDW Handler_6_1__f000295__t001.jpg,95.26591492,228.5246887,569.8035278,750.6655273,0.930895567,747.7694587,CDSS,7,4,8,1.0,1.0,2.0,8,6,10,11
1997,3_CDW Handler_6_1__f000475__t001.jpg,119.9634933,170.7862091,613.0025635,710.7950439,0.938194513,741.2769772,CDSS,5,4,5,1.0,1.0,2.0,6,6,8,9
1998,3_CDW Handler_6_1__f000655__t001.jpg,120.1415176,187.0054169,624.5305786,716.5547485,0.937572479,747.2751049,CDSS,7,5,9,1.0,1.0,2.0,8,7,10,11
1999,3_CDW Handler_6_1__f000835__t001.jpg,126.7330246,192.3939514,631.2626343,705.8584595,0.93467176,714.772145,CDSS,7,5,9,1.0,1.0,2.0,8,7,10,11
2000,3_CDW Handler_6_1__f001015__t001.jpg,129.2534332,190.4121552,634.6019897,710.2685547,0.944241583,774.6437785,CDSS,7,5,9,1.0,1.0,2.0,8,7,10,11
2001,3_CDW Handler_6_1__f001195__t001.jpg,111.5126877,174.4147186,600.6550293,675.8863525,0.921124578,743.3528953,CDSS,7,5,9,1.0,1.0,2.0,8,7,10,11
2003,3_CDW Handler_6_1__f001555__t001.jpg,122.8775482,183.8149872,642.3129883,707.7828369,0.938146353,746.4357571,CDSS,7,2,7,1.0,1.0,2.0,8,4,9,10
2004,3_CDW Handler_6_1__f001735__t001.jpg,117.8464355,181.9961853,633.6230469,709.6411133,0.927108169,760.9971733,CDSS,7,2,7,1.0,1.0,2.0,8,4,9,10
2005,3_CDW Handler_6_1__f001915__t001.jpg,106.0670471,204.1385345,639.3131104,745.6377563,0.935838044,755.9653728,CDSS,8,4,9,1.0,1.0,2.0,9,6,10,11
2007,3_CDW Handler_6_1__f002275__t001.jpg,120.1819305,214.1608582,657.1376343,755.7937012,0.914360285,775.4759801,CDSS,8,4,9,1.0,1.0,2.0,9,6,10,11
2008,3_CDW Handler_6_1__f002455__t001.jpg,97.47470856,326.2840576,601.7635498,825.1884155,0.922997236,743.4417133,CDSS,7,2,7,1.0,1.0,2.0,8,4,9,10
2009,3_CDW Handler_6_1__f002635__t001.jpg,80.29990387,348.303833,590.8161011,847.2718506,0.925396383,753.2265415,CDSS,6,2,6,1.0,1.0,2.0,7,4,8,9
2010,3_CDW Handler_6_1__f002815__t001.jpg,78.16667175,393.83255,577.8820801,879.6915283,0.939921558,817.6980917,CDSS,7,5,9,1.0,1.0,2.0,8,7,10,11
2017,3_CDW Handler_6_1__f004075__t001.jpg,123.726326,423.9756775,616.7248535,882.9118652,0.928813219,900.1050043,CDSS,8,4,9,1.0,1.0,2.0,9,6,10,11
2024,3_CDW Handler_6_3__f000545__t001.jpg,469.3236084,350.6729431,975.706543,928.6555786,0.938922822,1784.298802,CDSS,6,4,7,1.0,1.0,2.0,7,6,9,10
2026,3_CDW Handler_6_3__f000725__t001.jpg,476.7131042,337.4921875,979.4907837,924.5813599,0.940932691,1861.285964,CDSS,6,5,8,1.0,1.0,2.0,7,7,9,10
2030,3_CDW Handler_6_3__f001085__t001.jpg,494.924469,284.899353,991.2597046,919.3412476,0.939528227,1832.181939,CDSS,5,4,5,1.0,1.0,2.0,6,6,8,9
2034,3_CDW Handler_6_3__f001445__t001.jpg,484.7514038,368.885376,1001.72229,918.8178101,0.938957214,1899.56897,CDSS,4,4,4,1.0,1.0,2.0,5,6,7,8
2044,3_CDW Handler_6_3__f002345__t001.jpg,521.7749023,359.785553,1019.18634,938.9128418,0.935146034,1901.120812,CDSS,5,4,5,1.0,1.0,2.0,6,6,8,9
2046,3_CDW Handler_6_3__f002525__t001.jpg,505.958374,357.7926941,1013.550659,940.6269531,0.954042792,1828.142689,CDSS,7,2,7,1.0,1.0,2.0,8,4,9,10
2048,3_CDW Handler_6_3__f002705__t001.jpg,506.0570068,367.1819763,1016.622681,947.8773193,0.94794637,1867.688546,CDSS,4,2,4,1.0,1.0,2.0,5,4,5,6
2050,3_CDW Handler_6_3__f002885__t001.jpg,507.8748779,366.9748535,1015.789246,961.6682739,0.944893837,1834.11356,CDSS,5,2,4,1.0,1.0,2.0,6,4,7,8
2052,3_CDW Handler_6_3__f003065__t001.jpg,488.8208313,375.9711914,1008.206604,966.2996826,0.94840759,1890.390859,CDSS,6,4,7,1.0,1.0,2.0,7,6,9,10
2056,3_CDW Handler_6_3__f003425__t001.jpg,471.1946716,409.6258545,1020.078491,973.1798096,0.928769886,1908.070813,CDSS,6,4,7,1.0,1.0,2.0,7,6,9,10
2059,3_Demolisher 1__f000026__t001.jpg,247.4123993,326.3016968,510.0844421,761.9591064,0.919610918,982.268278,DEM,5,2,4,2.0,1.0,1.0,7,3,7,8
2060,3_Demolisher 1__f000206__t001.jpg,200.0226135,0.004173198,862.2417603,871.4866943,0.917320907,301.3559663,DEM,5,2,4,2.0,1.0,1.0,7,3,7,8
2062,3_Demolisher 1__f000364__t007.jpg,75.94716644,260.4837341,348.3094482,874.8035889,0.886573434,283.0686756,DEM,4,2,4,2.0,1.0,1.0,6,3,6,7
2063,3_Demolisher 1__f000386__t001.jpg,206.8472595,0.060839403,830.4192505,869.2767334,0.926131368,309.4921248,DEM,5,2,4,2.0,1.0,1.0,7,3,7,8
2064,3_Demolisher 1__f000398__t007.jpg,79.62835693,258.9849854,351.0388794,872.567749,0.892056644,315.2684175,DEM,4,1,3,2.0,1.0,1.0,6,2,6,7
2070,3_Demolisher 1__f000690__t007.jpg,0.0,343.0849609,277.8570557,912.999939,0.367423773,300.8187989,DEM,7,2,7,2.0,1.0,1.0,9,3,9,10
2071,3_Demolisher 1__f000746__t001.jpg,16.01698494,252.7276154,608.9858398,915.4077148,0.931356609,352.865187,DEM,7,4,8,2.0,1.0,1.0,9,5,10,11
2073,3_Demolisher 1__f001106__t001.jpg,34.24457169,154.4608917,641.8874512,898.6141357,0.918856144,299.6563252,DEM,7,4,8,2.0,1.0,1.0,9,5,10,11
2074,3_Demolisher 1__f001274__t009.jpg,9.173798561,196.4789581,302.2491455,891.786377,0.898913443,336.4382652,DEM,5,1,4,2.0,1.0,1.0,7,2,7,8
2075,3_Demolisher 1__f001286__t001.jpg,167.3480988,147.2408295,633.2930298,891.3624878,0.920520365,350.9867309,DEM,7,2,7,2.0,1.0,1.0,9,3,9,10
2076,3_Demolisher 1__f001291__t009.jpg,0.0,181.1318207,262.2793579,892.1571655,0.8842659,312.2852024,DEM,4,1,3,2.0,1.0,1.0,6,2,6,7
2077,3_Demolisher 1__f001381__t009.jpg,65.38332367,186.4493103,350.5278625,886.8560791,0.883783698,376.1254685,DEM,5,1,4,2.0,1.0,1.0,7,2,7,8
2079,3_Demolisher 1__f001466__t001.jpg,182.7315979,153.6468201,680.9182129,886.7080078,0.837575376,344.7263579,DEM,6,2,6,2.0,1.0,1.0,8,3,8,9
2081,3_Demolisher 1__f001561__t009.jpg,44.12169266,187.4902344,392.838562,892.8485718,0.912420988,353.2601297,DEM,4,4,4,2.0,1.0,1.0,6,5,8,9
2083,3_Demolisher 1__f001646__t001.jpg,137.8687592,222.2730713,789.1066895,897.5426025,0.945002437,380.2718383,DEM,7,4,8,2.0,1.0,1.0,9,5,10,11
2085,3_Demolisher 1__f001718__t009.jpg,20.72710419,188.8419342,382.5889587,892.8494873,0.845410705,356.7197046,DEM,7,4,8,2.0,1.0,1.0,9,5,10,11
2086,3_Demolisher 1__f001826__t001.jpg,83.18216705,311.5474548,585.848938,884.7039185,0.510456383,419.3081934,DEM,7,4,8,2.0,1.0,1.0,9,5,10,11
2091,3_Demolisher 1__f002186__t001.jpg,108.8423004,45.07305145,682.491394,872.4703369,0.940536976,355.7344636,DEM,6,4,7,2.0,1.0,1.0,8,5,10,11
2101,3_Demolisher 1__f002726__t001.jpg,268.5701599,34.7181015,674.2911377,885.3171387,0.911109507,365.809683,DEM,6,1,6,2.0,1.0,1.0,8,2,8,9
2104,3_Demolisher 1__f002906__t001.jpg,224.5333862,48.65438843,636.9138184,904.9317627,0.786114037,387.2489791,DEM,7,1,7,2.0,1.0,1.0,9,2,9,10
2105,3_Demolisher 1__f003086__t001.jpg,161.5345459,144.3313141,622.6224365,923.5377197,0.92764765,440.6125634,DEM,7,1,7,2.0,1.0,1.0,9,2,9,10
2109,3_Demolisher 1__f003266__t001.jpg,272.1918945,0.024499448,616.0179443,935.8131104,0.773749173,234.5679356,DEM,4,1,3,2.0,1.0,1.0,6,2,6,7
2112,3_Demolisher 1__f003446__t001.jpg,261.6424561,5.497209549,630.8775635,958.2683716,0.794021547,245.3976909,DEM,4,1,3,2.0,1.0,1.0,6,2,6,7
2113,3_Demolisher 1__f003626__t001.jpg,250.8589935,96.91699982,684.4069214,997.8943481,0.912514687,243.2813996,DEM,6,1,6,2.0,1.0,1.0,8,2,8,9
2117,3_Demolisher 3__f000181__t001.jpg,406.1345215,270.9528198,856.9302368,984.9957275,0.848880708,2198.716202,DEM,4,4,4,2.0,1.0,1.0,6,5,8,9
2119,3_Demolisher 3__f000541__t001.jpg,429.6011658,329.2966003,831.4058228,998.6281738,0.905313432,2290.345442,DEM,5,4,5,2.0,1.0,1.0,7,5,9,10
2120,3_Demolisher 3__f000721__t001.jpg,420.8270569,330.1686401,828.5340576,990.1132813,0.916793764,2329.169869,DEM,5,2,4,2.0,1.0,1.0,7,3,7,8
2121,3_Demolisher 3__f000901__t001.jpg,402.5273743,305.1281128,796.1366577,975.9627075,0.909097314,2341.110156,DEM,5,4,5,2.0,1.0,1.0,7,5,9,10
2124,3_Demolisher 3__f001081__t001.jpg,375.7741089,375.5362244,872.7909546,967.8592529,0.90365535,2206.364123,DEM,5,4,5,2.0,1.0,1.0,7,5,9,10
2128,3_Demolisher 3__f001261__t001.jpg,456.2860107,423.4353943,869.9921875,971.5180054,0.880852282,2063.412691,DEM,5,4,5,2.0,1.0,1.0,7,5,9,10
2133,3_Demolisher 3__f001441__t001.jpg,489.3049927,292.9852905,911.463501,980.5891113,0.898270071,2300.754764,DEM,5,2,4,2.0,1.0,1.0,7,3,7,8
2139,3_Demolisher 3__f001621__t001.jpg,457.2549133,38.57598114,765.4561768,960.2080078,0.751058757,2366.717678,DEM,4,1,3,2.0,1.0,1.0,6,2,6,7
2146,3_Demolisher 3__f001801__t001.jpg,397.2548218,79.02095032,751.4088745,960.0862427,0.914567292,2414.67206,DEM,4,1,3,2.0,1.0,1.0,6,2,6,7
2150,3_Demolisher 3__f001981__t001.jpg,418.6274719,59.23170471,771.0994263,948.4611816,0.785874844,2437.293248,DEM,4,1,3,2.0,1.0,1.0,6,2,6,7
2155,3_Demolisher 3__f002131__t020.jpg,0.0,554.7890015,188.8435364,1265.270508,0.774152994,2500.018565,DEM,3,1,2,2.0,1.0,1.0,5,2,4,5
2156,3_Demolisher 3__f002161__t001.jpg,507.26651,39.69067383,762.5123901,941.5499878,0.865368307,2437.185929,DEM,4,1,3,2.0,1.0,1.0,6,2,6,7
2161,3_Demolisher 3__f002341__t001.jpg,465.0510559,0.24973768,782.1485596,968.3701782,0.739254773,2380.196335,DEM,5,1,4,2.0,1.0,1.0,7,2,7,8
2164,3_Demolisher 3__f002521__t001.jpg,368.2809143,29.8562088,688.7614136,994.9919434,0.774269044,2303.025258,DEM,4,1,3,2.0,1.0,1.0,6,2,6,7
2169,3_Demolisher 3__f002701__t001.jpg,393.2963867,54.42549515,632.1449585,964.7105713,0.702101886,2316.519831,DEM,6,1,6,2.0,1.0,1.0,8,2,8,9
2174,3_Demolisher 3__f002768__t025.jpg,594.8822632,379.3265076,747.6352539,964.1572266,0.60593009,2387.557675,DEM,5,2,4,2.0,1.0,1.0,7,3,7,8
2175,3_Demolisher 3__f002791__t025.jpg,581.2810059,406.9753723,741.7561646,961.328064,0.387611747,2302.743915,DEM,4,2,4,2.0,1.0,1.0,6,3,6,7
2180,3_Demolisher 3__f002881__t001.jpg,278.9734192,53.4487648,599.5938721,961.6236572,0.828497529,2300.438104,DEM,3,1,2,2.0,1.0,1.0,5,2,4,5
2189,3_Demolisher 3__f003061__t001.jpg,368.3100281,124.6175385,699.2277832,994.135376,0.727335811,2366.341633,DEM,4,1,3,2.0,1.0,1.0,6,2,6,7
2195,3_Demolisher 3__f003241__t001.jpg,417.0472412,158.9471436,762.1870728,1022.252197,0.718110919,2151.098321,DEM,4,1,3,2.0,1.0,1.0,6,2,6,7
2197,3_Demolisher 3__f003421__t001.jpg,389.1491394,209.8819275,736.8962402,1059.670898,0.761392117,2203.178795,DEM,3,1,2,2.0,1.0,1.0,5,2,4,5
2198,3_Demolisher 4&5__f000151__t001.jpg,74.94678497,621.0023804,350.6155396,1541.526489,0.693780839,1276.706232,DEM,4,1,3,2.0,1.0,1.0,6,2,6,7
2199,3_Demolisher 4&5__f000331__t001.jpg,3.498366356,607.2711182,350.9256287,1517.737427,0.833410978,1326.430171,DEM,5,1,4,2.0,1.0,1.0,7,2,7,8
2200,3_Demolisher 4&5__f000511__t001.jpg,37.06768036,601.0095825,385.4208984,1515.003662,0.776652336,1278.101443,DEM,5,1,4,2.0,1.0,1.0,7,2,7,8
2201,3_Demolisher 4&5__f000691__t001.jpg,56.96627045,577.8143921,359.1239624,1487.229858,0.865721524,1281.151529,DEM,4,1,3,2.0,1.0,1.0,6,2,6,7
2202,3_Demolisher 4&5__f000871__t001.jpg,64.14013672,557.8760376,389.4275818,1479.248535,0.769681752,1164.533129,DEM,4,2,4,2.0,1.0,1.0,6,3,6,7
2203,3_Demolisher 4&5__f001051__t001.jpg,74.38434601,546.9170532,427.0932617,1439.382446,0.781082153,1199.502191,DEM,5,1,4,2.0,1.0,1.0,7,2,7,8
2206,3_Demolisher 4&5__f001231__t001.jpg,78.61540985,439.0737,456.496582,1387.970825,0.856895208,1110.109445,DEM,2,1,1,2.0,1.0,1.0,4,2,4,5
2210,3_Demolisher 4&5__f001411__t001.jpg,124.3571014,413.0245972,488.8934631,1353.397949,0.843156695,1102.43472,DEM,3,1,2,2.0,1.0,1.0,5,2,4,5
2211,3_Demolisher 4&5__f001591__t001.jpg,143.4586334,417.684967,564.3337402,1316.111694,0.857200146,1236.632813,DEM,3,1,2,2.0,1.0,1.0,5,2,4,5
2212,3_Demolisher 4&5__f001771__t001.jpg,109.6733017,416.7058105,525.5546265,1324.132935,0.801280379,1258.427804,DEM,2,2,2,2.0,1.0,1.0,4,3,4,5
2213,3_Demolisher 4&5__f001951__t001.jpg,95.69023132,410.0681152,508.2837219,1318.237183,0.831798673,1256.121293,DEM,3,1,2,2.0,1.0,1.0,5,2,4,5
2214,3_Demolisher 4&5__f002131__t001.jpg,119.0615234,419.1639404,523.9597168,1312.332886,0.856460035,1223.537612,DEM,4,1,3,2.0,1.0,1.0,6,2,6,7
2215,3_Demolisher 4&5__f002311__t001.jpg,119.3463898,423.557251,545.1851196,1326.623291,0.856624544,1207.821996,DEM,4,1,3,2.0,1.0,1.0,6,2,6,7
2216,3_Demolisher 4&5__f002491__t001.jpg,123.4122238,518.8110352,517.2664795,1319.023193,0.851281345,1276.385038,DEM,5,1,4,2.0,1.0,1.0,7,2,7,8
2217,3_Demolisher 4&5__f002671__t001.jpg,77.64575958,410.0321045,489.362854,1320.338135,0.854908049,1203.058161,DEM,4,1,3,2.0,1.0,1.0,6,2,6,7
2218,3_Demolisher 4&5__f002851__t001.jpg,154.6037903,408.8048401,499.484436,1305.436401,0.828017354,1256.910153,DEM,4,1,3,2.0,1.0,1.0,6,2,6,7
2219,3_Demolisher 4&5__f003031__t001.jpg,147.4940643,378.0600281,516.668335,1312.663208,0.870959044,1094.348867,DEM,3,1,2,2.0,1.0,1.0,5,2,4,5
2220,3_Demolisher 4&5__f003211__t001.jpg,144.7291412,388.9247742,539.7559204,1312.424927,0.847447455,1281.964726,DEM,4,1,3,2.0,1.0,1.0,6,2,6,7
2221,3_Demolisher 4&5__f003391__t001.jpg,130.6523132,393.0766296,553.5928345,1301.249023,0.878890753,1238.602174,DEM,3,1,2,2.0,1.0,1.0,5,2,4,5
2222,3_Demolisher 4&5__f003571__t001.jpg,127.6583862,400.5065613,523.493103,1312.025391,0.889774323,1288.4244,DEM,4,1,3,2.0,1.0,1.0,6,2,6,7
2223,3_Demolisher 4&5__f003751__t001.jpg,139.1821136,394.5881958,512.4984741,1280.842041,0.854081213,1228.233429,DEM,3,1,2,2.0,1.0,1.0,5,2,4,5
2224,3_Demolisher 4&5__f003931__t001.jpg,154.4002533,401.2118835,646.836792,1281.098633,0.818009675,1313.408965,DEM,4,4,4,2.0,1.0,1.0,6,5,8,9
2225,3_Demolisher 4&5__f004111__t001.jpg,163.7315063,383.5706787,671.9985352,1276.219482,0.867535889,1290.571875,DEM,3,4,3,2.0,1.0,1.0,5,5,6,7
2226,3_Demolisher 4&5__f004291__t001.jpg,168.1776581,386.5319824,672.1011963,1271.763062,0.863201082,1298.832967,DEM,3,4,3,2.0,1.0,1.0,5,5,6,7
2227,3_Demolisher 4&5__f004471__t001.jpg,215.998291,400.872406,682.4629517,1288.415039,0.860487282,1267.313793,DEM,3,4,3,2.0,1.0,1.0,5,5,6,7
2228,3_Demolisher 4&5__f004651__t001.jpg,155.2161102,434.6182861,631.8911743,1307.320923,0.882254839,1152.520011,DEM,3,4,3,2.0,1.0,1.0,5,5,6,7
2229,3_Demolisher 4&5__f004831__t001.jpg,132.9455719,492.838623,642.5651245,1314.123657,0.895821929,1252.638364,DEM,2,2,2,2.0,1.0,1.0,4,3,4,5
2230,3_Demolisher 4&5__f005011__t001.jpg,115.5024338,456.6349792,660.276123,1313.045044,0.89161557,1266.67435,DEM,3,4,3,2.0,1.0,1.0,5,5,6,7
2231,3_Demolisher 4&5__f005191__t001.jpg,141.9645081,451.6144104,636.2055054,1301.904907,0.909506619,1244.994318,DEM,2,4,3,2.0,1.0,1.0,4,5,5,6
2232,3_Demolisher 4&5__f005371__t001.jpg,132.9377136,462.3666382,550.7230835,1298.67627,0.874830782,1192.477799,DEM,2,1,1,2.0,1.0,1.0,4,2,4,5
2233,3_Demolisher 4&5__f005480__t012.jpg,650.9164429,99.24649048,883.4284058,874.6453857,0.645222008,1187.196192,DEM,5,1,4,2.0,1.0,1.0,7,2,7,8
2234,3_Demolisher 4&5__f005496__t012.jpg,653.4141235,101.8717651,882.3430786,880.0462646,0.511671603,1164.159485,DEM,4,1,3,2.0,1.0,1.0,6,2,6,7
2235,3_Demolisher 4&5__f005551__t001.jpg,211.4829559,350.7461853,568.1828613,1324.486694,0.846569479,1265.241134,DEM,4,1,3,2.0,1.0,1.0,6,2,6,7
2236,3_Demolisher 4&5__f005586__t012.jpg,620.4039307,102.8964539,895.4219971,847.0775146,0.638483763,1186.171232,DEM,6,1,6,2.0,1.0,1.0,8,2,8,9
2242,3_Demolisher 4&5__f005911__t001.jpg,254.1368103,415.9447327,636.3468018,1352.530151,0.874570847,1198.55396,DEM,4,1,3,2.0,1.0,1.0,6,2,6,7
2244,3_Demolisher 4&5__f006091__t001.jpg,269.4393616,516.1299438,697.0405884,1312.058228,0.837589741,1243.108565,DEM,4,2,4,2.0,1.0,1.0,6,3,6,7
2246,3_Demolisher 4&5__f006271__t001.jpg,170.1401367,553.5018311,624.4535522,1327.274902,0.888293743,1176.437855,DEM,7,2,7,2.0,1.0,1.0,9,3,9,10
2248,3_Demolisher 4&5__f006451__t001.jpg,183.1139832,383.0625305,578.4093018,1339.848755,0.895132303,1244.030223,DEM,4,1,3,2.0,1.0,1.0,6,2,6,7
2251,3_Demolisher 4&5__f006631__t001.jpg,206.4922943,339.4410706,571.2269287,1322.834961,0.826828897,1123.855679,DEM,5,1,4,2.0,1.0,1.0,7,2,7,8
2255,3_Demolisher 4&5__f006811__t001.jpg,315.407196,374.1617126,683.5735474,1367.635864,0.753583372,1198.111131,DEM,5,1,4,2.0,1.0,1.0,7,2,7,8
2257,3_Demolisher 4&5__f006887__t014.jpg,683.8532104,129.4931183,864.0040894,709.8709717,0.519955397,1186.69307,DEM,5,1,4,2.0,1.0,1.0,7,2,7,8
2258,3_Demolisher 4&5__f006991__t001.jpg,233.7391052,415.5535583,669.0966797,1371.326172,0.759408355,1165.524939,DEM,4,1,3,2.0,1.0,1.0,6,2,6,7
2259,3_Demolisher 5&6__f000061__t002.jpg,543.2177734,100.2999802,825.4642944,901.8847656,0.546910107,715.0039776,DEM,2,4,3,2.0,1.0,1.0,4,5,5,6
2260,3_Demolisher 5&6__f000127__t002.jpg,554.3071899,89.51822662,851.3768921,889.8511963,0.692118526,694.6755663,DEM,3,2,3,2.0,1.0,1.0,5,3,4,5
2261,3_Demolisher 5&6__f000134__t001.jpg,200.6817169,499.4062805,515.8834229,1572.387939,0.736633062,747.4444722,DEM,5,2,4,2.0,1.0,1.0,7,3,7,8
2263,3_Demolisher 5&6__f000220__t003.jpg,526.4371338,72.3079071,818.8228149,891.6662598,0.642303228,725.4771937,DEM,2,2,2,2.0,1.0,1.0,4,3,4,5
2264,3_Demolisher 5&6__f000310__t003.jpg,533.057312,66.756073,880.895752,872.6665039,0.701413572,703.6071378,DEM,4,1,3,2.0,1.0,1.0,6,2,6,7
2265,3_Demolisher 5&6__f000314__t001.jpg,80.9537735,463.997406,508.5526123,1541.680786,0.895341516,707.4158051,DEM,4,2,4,2.0,1.0,1.0,6,3,6,7
2268,3_Demolisher 5&6__f000494__t001.jpg,31.71697235,459.3546753,558.994812,1551.540771,0.905902684,806.7558268,DEM,4,2,4,2.0,1.0,1.0,6,3,6,7
2269,3_Demolisher 5&6__f000674__t001.jpg,45.28181458,487.9155579,536.6141968,1557.874268,0.835930884,748.5816517,DEM,3,1,2,2.0,1.0,1.0,5,2,4,5
2270,3_Demolisher 5&6__f000854__t001.jpg,11.9644537,478.8303528,452.5353394,1575.359131,0.845338285,872.011409,DEM,4,1,3,2.0,1.0,1.0,6,2,6,7
2271,3_Demolisher 5&6__f001034__t001.jpg,19.01944351,519.2651978,477.8924561,1577.134521,0.881933451,679.2546971,DEM,2,1,1,2.0,1.0,1.0,4,2,4,5
2272,3_Demolisher 5&6__f001214__t001.jpg,102.341507,563.144043,577.6384888,1695.686035,0.889460027,590.1028883,DEM,6,1,6,2.0,1.0,1.0,8,2,8,9
2273,3_Demolisher 5&6__f001394__t001.jpg,38.18264771,671.678772,568.345459,1618.710083,0.886337817,601.8123192,DEM,6,1,6,2.0,1.0,1.0,8,2,8,9
2274,3_Demolisher 5&6__f001574__t001.jpg,20.37543488,672.0223389,493.051239,1620.246826,0.865212142,585.8581573,DEM,5,2,4,2.0,1.0,1.0,7,3,7,8
2275,3_Demolisher 5&6__f001754__t001.jpg,22.06231117,676.7783813,541.2074585,1622.757324,0.862429261,620.6060397,DEM,5,2,4,2.0,1.0,1.0,7,3,7,8
2276,3_Demolisher 5&6__f001934__t001.jpg,28.63763809,678.638855,695.8616943,1629.887939,0.940788329,660.956283,DEM,6,2,6,2.0,1.0,1.0,8,3,8,9
2277,3_Demolisher 5&6__f002114__t001.jpg,57.14841461,668.7091064,715.7844238,1606.433105,0.94032383,677.523222,DEM,6,2,6,2.0,1.0,1.0,8,3,8,9
2278,3_Demolisher 5&6__f002294__t001.jpg,59.44169617,667.2103882,722.755188,1615.011719,0.945569575,655.1699766,DEM,5,2,4,2.0,1.0,1.0,7,3,7,8
2279,3_Demolisher 5&6__f002474__t001.jpg,141.3531189,666.5477295,607.4932251,1565.468384,0.896380842,707.0747577,DEM,4,1,3,2.0,1.0,1.0,6,2,6,7
2280,3_Demolisher 5&6__f002654__t001.jpg,154.4537048,670.8551025,659.5270386,1568.802979,0.831777573,669.5251344,DEM,4,1,3,2.0,1.0,1.0,6,2,6,7
2281,3_Demolisher 5&6__f002834__t001.jpg,156.2463074,662.3896484,668.1817627,1565.143066,0.900908709,663.7466072,DEM,3,1,2,2.0,1.0,1.0,5,2,4,5
2282,3_Demolisher 5&6__f003014__t001.jpg,165.9446564,639.0510254,670.7163086,1545.539429,0.782122433,620.6219097,DEM,3,1,2,2.0,1.0,1.0,5,2,4,5
2283,3_Demolisher 5&6__f003194__t001.jpg,171.2217712,517.8470459,564.682373,1533.315552,0.673626065,864.2084797,DEM,3,1,2,2.0,1.0,1.0,5,2,4,5
2284,3_Demolisher 5&6__f003374__t001.jpg,104.9732895,585.2958374,665.5025024,1510.099487,0.85818702,907.3280969,DEM,4,1,3,2.0,1.0,1.0,6,2,6,7
2285,3_Demolisher 5&6__f003554__t001.jpg,115.3738861,625.8873901,511.2301331,1509.767578,0.787356377,725.009585,DEM,3,2,3,2.0,1.0,1.0,5,3,4,5
2286,3_Demolisher 5&6__f003734__t001.jpg,24.88973999,629.9928589,501.9439392,1519.305542,0.793951988,674.8240792,DEM,4,2,4,2.0,1.0,1.0,6,3,6,7
2287,3_Reinforcement Collection_6_2__f000028__t001.jpg,296.2259827,497.6499939,840.6060791,1287.384766,0.910605371,896.3995927,RSS,8,5,10,2.0,1.0,1.0,10,6,11,12
2289,3_Reinforcement Collection_6_2__f000092__t001.jpg,319.8152466,547.0338745,953.4333496,1334.549316,0.900453746,899.1935527,RSS,7,5,9,2.0,1.0,1.0,9,6,10,11
2292,3_Reinforcement Collection_6_2__f000182__t001.jpg,477.2066345,582.5340576,886.9000854,1372.736206,0.914434493,897.227562,RSS,7,5,9,2.0,1.0,1.0,9,6,10,11
2293,3_Reinforcement Collection_6_2__f000208__t001.jpg,425.6233521,569.791626,848.105896,1359.787476,0.888107419,842.8113499,RSS,8,5,10,2.0,1.0,1.0,10,6,11,12
2295,3_Reinforcement Collection_6_2__f000272__t001.jpg,368.4636536,557.0033569,857.7097168,1340.798218,0.889903128,901.9710682,RSS,8,5,10,2.0,1.0,1.0,10,6,11,12
2298,3_Reinforcement Collection_6_2__f000362__t001.jpg,472.5492859,464.9520264,864.5686646,1297.932739,0.910783827,847.3806615,RSS,6,2,6,2.0,1.0,1.0,8,3,8,9
2299,3_Reinforcement Collection_6_2__f000388__t001.jpg,443.7538147,443.377533,901.6513672,1308.716431,0.825066745,929.2209777,RSS,5,2,4,2.0,1.0,1.0,7,3,7,8
2302,3_Reinforcement Collection_6_2__f000568__t001.jpg,555.3876953,549.2006226,1024.739868,1408.549805,0.91250211,931.6314947,RSS,8,5,10,2.0,1.0,1.0,10,6,11,12
2304,3_Reinforcement Collection_6_2__f000748__t001.jpg,72.402565,633.2840576,1080.0,1491.949951,0.93864578,755.4405567,RSS,7,7,9,2.0,1.0,1.0,9,8,11,12
2306,3_Worker 1__f000035__t001.jpg,424.6494141,505.8644104,705.3896484,1231.623413,0.884191036,1408.19927,DEM,5,1,4,2.0,1.0,1.0,7,2,7,8
2307,3_Worker 1__f000214__t001.jpg,443.9151001,494.771637,710.2279663,1257.752319,0.772269666,1543.212394,DEM,5,1,4,2.0,1.0,1.0,7,2,7,8
2308,3_Worker 1__f000393__t001.jpg,452.5954895,510.7433472,715.12323,1255.87207,0.854048371,1569.922638,DEM,5,2,4,2.0,1.0,1.0,7,3,7,8
2309,3_Worker 1__f000572__t001.jpg,516.4973755,477.1138916,761.7419434,1252.244263,0.842627108,1535.769658,DEM,4,2,4,2.0,1.0,1.0,6,3,6,7
2310,3_Worker 1__f000751__t001.jpg,413.2093811,490.6761475,788.12323,1230.046143,0.895171285,1607.279555,DEM,5,4,5,2.0,1.0,1.0,7,5,9,10
2311,3_Worker 1__f000930__t001.jpg,453.4216309,495.4285583,803.168335,1221.394775,0.887928545,1587.061272,DEM,5,2,4,2.0,1.0,1.0,7,3,7,8
2312,3_Worker 1__f001109__t001.jpg,512.3340454,453.0351563,758.9842529,1246.063477,0.723353803,1659.392513,DEM,5,2,4,2.0,1.0,1.0,7,3,7,8
2313,3_Worker 1__f001288__t001.jpg,500.6968994,447.9996033,760.826416,1190.428711,0.882763803,1553.365382,DEM,4,2,4,2.0,1.0,1.0,6,3,6,7
2314,3_Worker 1__f001467__t001.jpg,477.6835327,459.7095947,766.4788208,1185.038452,0.905939341,1654.133176,DEM,4,2,4,2.0,1.0,1.0,6,3,6,7
2315,3_Worker 1__f001646__t001.jpg,446.6126099,446.161438,789.789917,1201.496704,0.817171454,1634.006575,DEM,4,2,4,2.0,1.0,1.0,6,3,6,7
2316,3_Worker 1__f001825__t001.jpg,525.4550781,430.5927124,816.8855591,1228.472778,0.830262005,1781.293506,DEM,4,1,3,2.0,1.0,1.0,6,2,6,7
2317,3_Worker 2__f000049__t001.jpg,235.8291779,476.0124817,551.8078003,1316.715454,0.908713818,1765.006382,DEM,4,1,3,2.0,1.0,1.0,6,2,6,7
2318,3_Worker 2__f000229__t001.jpg,265.4501648,548.2839355,728.9156494,1274.80957,0.936979949,1840.09001,DEM,7,4,8,2.0,1.0,1.0,9,5,10,11
2319,3_Worker 2__f000409__t001.jpg,275.5522461,549.6004028,727.3566284,1280.948853,0.937121987,1720.923769,DEM,5,5,6,2.0,1.0,1.0,7,6,9,10
2320,3_Worker 2__f000589__t001.jpg,266.7244568,571.2402954,712.7647095,1304.882446,0.936798811,1812.794572,DEM,7,4,8,2.0,1.0,1.0,9,5,10,11
2321,3_Worker 2__f000769__t001.jpg,237.670517,499.4337158,595.0928955,1333.13269,0.847338438,1849.683896,DEM,4,2,4,2.0,1.0,1.0,6,3,6,7
2322,3_Worker 2__f000949__t001.jpg,253.737381,511.5397644,574.1634521,1344.155884,0.931902707,1966.444779,DEM,4,1,3,2.0,1.0,1.0,6,2,6,7
2323,3_Worker 2__f001129__t001.jpg,246.7932587,527.0499268,560.0808105,1370.168091,0.914965212,2028.950874,DEM,5,2,4,2.0,1.0,1.0,7,3,7,8
2324,3_Worker 2__f001309__t001.jpg,252.640625,521.2960205,562.4523315,1369.789307,0.87777698,2052.648917,DEM,4,2,4,2.0,1.0,1.0,6,3,6,7
2325,3_Worker 2__f001489__t001.jpg,275.837738,519.7996216,578.6335449,1380.074097,0.903092027,1945.434327,DEM,4,2,4,2.0,1.0,1.0,6,3,6,7
2326,3_Worker 2__f001669__t001.jpg,301.8972168,505.660614,627.8939819,1376.990356,0.875554025,2018.969287,DEM,4,2,4,2.0,1.0,1.0,6,3,6,7
2327,3_Worker 2__f001849__t001.jpg,329.8755188,509.3427734,682.623291,1404.419678,0.867264926,2221.58373,DEM,5,2,4,2.0,1.0,1.0,7,3,7,8
2328,3_Worker 2__f002029__t001.jpg,321.4792786,504.3106079,659.8842773,1424.570068,0.833248138,1775.519329,DEM,4,2,4,2.0,1.0,1.0,6,3,6,7
2329,3_Worker 2__f002209__t001.jpg,333.9827576,538.1332397,653.838562,1418.28772,0.902243912,2020.371729,DEM,4,1,3,2.0,1.0,1.0,6,2,6,7
2330,3_Worker 2__f002389__t001.jpg,354.9804382,529.175354,692.4210205,1425.445801,0.90391922,2025.917306,DEM,5,1,4,2.0,1.0,1.0,7,2,7,8
2331,3_Worker 2__f002569__t001.jpg,379.3797302,647.0050049,853.8726807,1442.174683,0.934264541,1725.184278,DEM,7,4,8,2.0,1.0,1.0,9,5,10,11
2332,3_Worker 2__f002749__t001.jpg,303.0235901,688.4788818,744.6633911,1485.851563,0.935992062,1733.879827,DEM,6,2,6,2.0,1.0,1.0,8,3,8,9
2333,3_Worker 2__f002929__t001.jpg,411.2940063,705.9604492,895.4729614,1500.155151,0.94164145,2169.614159,DEM,4,2,4,2.0,1.0,1.0,6,3,6,7
2334,3_Worker 2__f003109__t001.jpg,384.1643066,699.882019,906.0046997,1501.975464,0.933936357,1549.617194,DEM,4,4,4,2.0,1.0,1.0,6,5,8,9
2335,3_Worker 2__f003289__t001.jpg,395.1236877,750.1121826,827.1889648,1524.604736,0.940325499,1641.036933,DEM,6,2,6,2.0,1.0,1.0,8,3,8,9
2336,3_Worker 2__f003469__t001.jpg,456.6837463,625.7278442,856.6762695,1519.802124,0.898331404,1865.916247,DEM,5,1,4,2.0,1.0,1.0,7,2,7,8
2337,3_Worker 3_1__f000128__t001.jpg,765.4625244,118.7619019,1249.404541,777.1488647,0.923889995,2784.102767,DEM,6,4,7,2.0,1.0,1.0,8,5,10,11
2338,3_Worker 3_1__f000308__t001.jpg,753.9451904,143.4776764,1246.203247,797.4900513,0.924984634,2635.653392,DEM,6,4,7,2.0,1.0,1.0,8,5,10,11
2339,3_Worker 3_1__f000488__t001.jpg,752.6210938,177.9079437,1253.697021,830.8748169,0.92462647,2711.75322,DEM,6,4,7,2.0,1.0,1.0,8,5,10,11
2340,3_Worker 3_1__f000668__t001.jpg,744.5966187,196.9363708,1240.284424,848.3751221,0.941426933,2700.915935,DEM,6,4,7,2.0,1.0,1.0,8,5,10,11
2341,3_Worker 3_1__f000848__t001.jpg,757.0281982,252.7214355,1224.843262,848.7497559,0.942310452,2565.308172,DEM,8,5,10,2.0,1.0,1.0,10,6,11,12
2342,3_Worker 3_1__f001028__t001.jpg,722.3588257,107.9547195,1217.825073,853.3807373,0.934571147,2657.419928,DEM,5,2,4,2.0,1.0,1.0,7,3,7,8
2343,3_Worker 3_1__f001208__t001.jpg,730.2730103,163.2523804,1218.301025,858.5824585,0.926946282,2503.10943,DEM,4,2,4,2.0,1.0,1.0,6,3,6,7
2344,3_Worker 3_1__f001388__t001.jpg,733.3359375,275.3418579,1216.702026,869.8942871,0.895785391,2613.316218,DEM,5,4,5,2.0,1.0,1.0,7,5,9,10
2345,3_Worker 3_1__f001568__t001.jpg,712.1394043,280.6311646,1214.359497,881.9550171,0.924003363,2328.940249,DEM,6,4,7,2.0,1.0,1.0,8,5,10,11
2346,3_Worker 3_1__f001748__t001.jpg,673.4556274,302.5345154,1206.507935,883.9936523,0.925744295,2376.273,DEM,8,5,10,2.0,1.0,1.0,10,6,11,12
2347,3_Worker 3_1__f001928__t001.jpg,651.586853,322.6766357,1197.663574,885.5844116,0.935281157,2303.823597,DEM,6,4,7,2.0,1.0,1.0,8,5,10,11
2348,3_Worker 3_1__f002108__t001.jpg,710.6071777,363.3470764,1135.983643,894.0965576,0.887348235,2421.359432,DEM,8,5,10,2.0,1.0,1.0,10,6,11,12
2349,3_Worker 3_1__f002288__t001.jpg,690.531311,302.053833,1173.134888,908.362854,0.911551654,2286.985601,DEM,8,7,10,2.0,1.0,1.0,10,8,12,13
2350,3_Worker 3_1__f002468__t001.jpg,626.4735718,308.6560059,1166.164673,912.5855713,0.939121187,2471.360648,DEM,8,5,10,2.0,1.0,1.0,10,6,11,12
2351,3_Worker 3_1__f002648__t001.jpg,614.4961548,316.5879211,1166.671387,913.9152832,0.940285861,2308.681984,DEM,8,5,10,2.0,1.0,1.0,10,6,11,12
2352,3_Worker 3_1__f002828__t001.jpg,621.9146729,316.5052795,1218.295776,905.3673096,0.931966484,2298.340797,DEM,7,5,9,2.0,1.0,1.0,9,6,10,11
2353,3_Worker 3_1__f003008__t001.jpg,661.0514526,307.9449463,1212.451538,903.3169556,0.943816602,2398.369225,DEM,3,4,3,2.0,1.0,1.0,5,5,6,7
2354,3_Worker 3_1__f003188__t001.jpg,649.7353516,323.4328308,1121.968628,924.9553223,0.931681454,2323.260023,DEM,8,5,10,2.0,1.0,1.0,10,6,11,12
2355,3_Worker 3_1__f003368__t001.jpg,606.6333618,207.4167328,1112.683228,944.4064941,0.938272476,2421.039654,DEM,5,4,5,2.0,1.0,1.0,7,5,9,10
2356,3_Worker 3_1__f003548__t001.jpg,596.1957397,285.7537231,1123.445068,938.8000488,0.937764704,2346.586647,DEM,7,5,9,2.0,1.0,1.0,9,6,10,11
2357,3_Worker 3_1__f003728__t001.jpg,635.4015503,305.4720459,1129.723633,933.5588379,0.889766455,2421.18942,DEM,8,7,10,2.0,1.0,1.0,10,8,12,13
2358,3_Worker 3_1__f003908__t001.jpg,588.2837524,293.7084351,1146.916504,924.1011963,0.921694815,2263.485425,DEM,8,5,10,2.0,1.0,1.0,10,6,11,12
2359,3_Worker 3_1__f004088__t001.jpg,587.0806885,295.2695313,1207.979248,913.7072754,0.927045643,2521.686649,DEM,5,4,5,2.0,1.0,1.0,7,5,9,10
2360,3_Worker 3_1__f004268__t001.jpg,602.1918945,291.2478027,1214.012939,904.7192993,0.927549541,2467.312119,DEM,5,4,5,2.0,1.0,1.0,7,5,9,10
2361,3_Worker 3_1__f004448__t001.jpg,692.3691406,296.7346802,1198.904541,903.2684326,0.903152108,2362.969627,DEM,8,5,10,2.0,1.0,1.0,10,6,11,12
2362,3_Worker 3_1__f004628__t001.jpg,656.6016846,262.23349,1156.089111,900.7783813,0.925018072,2510.678258,DEM,8,7,10,2.0,1.0,1.0,10,8,12,13
2363,3_Worker 3_1__f004808__t001.jpg,649.9668579,223.6794281,1180.109253,887.2124023,0.925240338,2508.994394,DEM,8,5,10,2.0,1.0,1.0,10,6,11,12
2364,3_Worker 3_1__f004988__t001.jpg,662.9421997,245.3011932,1176.736816,888.5089111,0.914237857,2516.087551,DEM,7,7,9,2.0,1.0,1.0,9,8,11,12
2365,3_Worker 3_1__f005168__t001.jpg,654.9746094,190.345047,1177.049438,888.0695801,0.933867633,2378.926819,DEM,6,4,7,2.0,1.0,1.0,8,5,10,11
2366,3_Worker 3_1__f005348__t001.jpg,642.5322876,201.0412292,1191.53479,888.7843628,0.934879661,2535.515441,DEM,5,4,5,2.0,1.0,1.0,7,5,9,10
2368,3_Worker 3_2__f000176__t001.jpg,520.7678223,394.4909973,1016.724182,1338.03125,0.914342821,1333.62984,CDSS,3,4,3,1.0,1.0,2.0,4,6,6,7
2370,3_Worker 3_2__f000356__t001.jpg,518.8357544,380.4466248,1032.846802,1328.766357,0.918382764,1339.034394,CDSS,3,4,3,1.0,1.0,2.0,4,6,6,7
2372,3_Worker 3_2__f000536__t001.jpg,525.5769653,375.9902954,1030.62439,1318.27771,0.915615857,1515.395849,CDSS,3,4,3,1.0,1.0,2.0,4,6,6,7
2374,3_Worker 3_2__f000716__t001.jpg,514.0953979,563.932312,1072.736084,1314.444702,0.94166857,1396.332703,CDSS,8,5,10,1.0,1.0,2.0,9,7,11,12
2376,3_Worker 3_2__f000896__t001.jpg,469.7456055,616.5788574,1036.657104,1363.121216,0.938862741,1307.408267,CDSS,6,4,7,1.0,1.0,2.0,7,6,9,10
2377,3_Worker 3_2__f001010__t002.jpg,51.80041504,590.7127075,210.6051483,1158.370117,0.690262198,1458.232936,CDSS,3,2,3,1.0,1.0,2.0,4,4,4,5
2378,3_Worker 3_2__f001076__t001.jpg,468.0896912,581.3670654,1042.427002,1317.384521,0.928425848,1362.989372,CDSS,6,4,7,1.0,1.0,2.0,7,6,9,10
2380,3_Worker 3_2__f001256__t001.jpg,558.7783203,517.9396362,1069.5354,1341.671753,0.936900496,1265.059006,CDSS,6,4,7,1.0,1.0,2.0,7,6,9,10
2382,3_Worker 3_2__f001436__t001.jpg,553.7929688,539.6973267,1079.641235,1297.560913,0.941219866,1488.290417,CDSS,6,4,7,1.0,1.0,2.0,7,6,9,10
2384,3_Worker 3_2__f001616__t001.jpg,530.7782593,529.1264038,1058.325073,1288.244629,0.93650943,1340.910486,CDSS,6,4,7,1.0,1.0,2.0,7,6,9,10
2386,3_Worker 3_2__f001796__t001.jpg,495.9024353,576.0105591,1059.522949,1315.949219,0.937983811,1356.379777,CDSS,8,5,10,1.0,1.0,2.0,9,7,11,12
2387,3_Worker 4__f000010__t001.jpg,416.237854,835.7164917,848.0870361,1448.797729,0.89974308,1029.902991,DEM,6,4,7,2.0,1.0,1.0,8,5,10,11
2388,3_Worker 4__f000190__t001.jpg,419.6408386,814.1640625,836.196106,1428.801636,0.908558726,1521.635517,DEM,6,4,7,2.0,1.0,1.0,8,5,10,11
2389,3_Worker 4__f000370__t001.jpg,401.6033936,865.4997559,847.9483032,1468.459839,0.929664373,1224.438566,DEM,5,4,5,2.0,1.0,1.0,7,5,9,10
2390,3_Worker 4__f000550__t001.jpg,393.2751465,843.5236206,857.5076294,1445.519409,0.916042984,623.5595727,DEM,5,4,5,2.0,1.0,1.0,7,5,9,10
2391,3_Worker 4__f000730__t001.jpg,412.642395,837.585022,867.6742554,1419.430542,0.922742248,1165.642644,DEM,5,4,5,2.0,1.0,1.0,7,5,9,10
2393,3_Worker 4__f001090__t001.jpg,439.8715515,883.4737549,903.0321655,1411.670166,0.915467501,1158.878508,DEM,6,4,7,2.0,1.0,1.0,8,5,10,11
2394,3_Worker 4__f001270__t001.jpg,408.7290649,820.0704956,884.8261108,1420.533203,0.933977664,1291.910963,DEM,5,4,5,2.0,1.0,1.0,7,5,9,10
2395,3_Worker 4__f001450__t001.jpg,441.072113,828.6571045,898.3745117,1403.75415,0.931017458,1189.708393,DEM,6,4,7,2.0,1.0,1.0,8,5,10,11
2397,3_Worker 4__f001810__t001.jpg,430.5152893,817.3460693,898.2044678,1406.625,0.916154563,1267.441048,DEM,6,4,7,2.0,1.0,1.0,8,5,10,11
2398,3_Worker 4__f001990__t001.jpg,422.1755676,874.1376953,882.1317749,1435.536377,0.93383801,1201.923815,DEM,5,4,5,2.0,1.0,1.0,7,5,9,10
2399,3_Worker 4__f002170__t001.jpg,449.0236206,870.3308716,879.1295166,1436.873779,0.922487438,1240.673007,DEM,6,4,7,2.0,1.0,1.0,8,5,10,11
2400,3_Worker 4__f002350__t001.jpg,479.421936,864.8447266,914.0410156,1425.282104,0.920579314,1228.629003,DEM,6,4,7,2.0,1.0,1.0,8,5,10,11
2401,3_Worker 4__f002530__t001.jpg,467.1760559,888.7445679,865.8799438,1435.686401,0.926704526,1239.504977,DEM,6,4,7,2.0,1.0,1.0,8,5,10,11
2403,3_Worker 4__f002890__t001.jpg,471.172821,924.7835083,887.9104004,1482.273804,0.909552872,1172.761836,DEM,6,4,7,2.0,1.0,1.0,8,5,10,11
2404,3_Worker 4__f002987__t006.jpg,0.0,847.6494751,157.74646,1424.083984,0.803195059,1112.602906,DEM,4,4,4,2.0,1.0,1.0,6,5,8,9
2405,3_Worker 4__f003017__t006.jpg,0.178403765,852.2622681,156.6363983,1418.385986,0.76545465,1047.326751,DEM,4,4,4,2.0,1.0,1.0,6,5,8,9
2406,3_Worker 4__f003070__t001.jpg,470.1387634,932.0291748,883.7217407,1492.807007,0.920858443,1027.005997,DEM,6,4,7,2.0,1.0,1.0,8,5,10,11
2407,3_Worker 4__f003077__t006.jpg,0.0,848.0469971,154.2150726,1403.725586,0.690468073,1108.900788,DEM,8,5,10,2.0,1.0,1.0,10,6,11,12
2408,3_Worker 4__f003167__t006.jpg,1.122249722,888.5314331,126.1007538,1365.228149,0.616625667,1007.15942,DEM,7,4,8,2.0,1.0,1.0,9,5,10,11
2409,3_Worker 4__f003188__t006.jpg,0.0,891.7959595,118.7722321,1349.716675,0.369801551,990.9656532,DEM,9,4,10,2.0,1.0,1.0,11,5,12,13
2410,3_Worker 4__f003250__t001.jpg,409.8547058,925.690979,857.9709473,1485.187134,0.929267287,1100.976813,DEM,6,4,7,2.0,1.0,1.0,8,5,10,11
2411,3_Worker 4__f003430__t001.jpg,408.9039917,886.7373047,898.7163696,1482.750488,0.923763752,1034.478218,DEM,6,4,7,2.0,1.0,1.0,8,5,10,11
2413,4_6 demolishers__f000008__t001.jpg,67.74628448,163.1530304,233.5318604,787.8319092,0.894975603,700.4786911,DEM,5,2,4,2.0,1.0,1.0,7,3,7,8
2414,4_6 demolishers__f000031__t004.jpg,744.8441772,212.346405,893.1071777,793.3321533,0.86287868,695.7051517,DEM,4,1,3,2.0,1.0,1.0,6,2,6,7
2415,4_6 demolishers__f000083__t004.jpg,729.9133911,204.5550232,879.0302734,773.975647,0.861392081,768.9976469,DEM,3,1,2,2.0,1.0,1.0,5,2,4,5
2416,4_6 demolishers__f000128__t003.jpg,301.3859863,109.0909271,497.6244202,695.8449707,0.880702794,764.2444732,DEM,5,1,4,2.0,1.0,1.0,7,2,7,8
2417,4_6 demolishers__f000159__t002.jpg,1020.560974,226.6752625,1236.543091,762.1477051,0.887570798,680.0093067,DEM,4,4,4,2.0,1.0,1.0,6,5,8,9
2418,4_6 demolishers__f000173__t004.jpg,706.6101685,197.3582916,899.6586914,770.8262329,0.902315676,677.0254582,DEM,4,4,4,2.0,1.0,1.0,6,5,8,9
2419,4_6 demolishers__f000188__t001.jpg,7.60398674,132.6001282,189.2116852,760.414917,0.902524829,651.9025889,DEM,4,2,4,2.0,1.0,1.0,6,3,6,7
2420,4_6 demolishers__f000211__t004.jpg,696.5661621,194.9072876,891.2183838,752.1519165,0.883312702,757.7461852,DEM,3,2,3,2.0,1.0,1.0,5,3,4,5
2421,4_6 demolishers__f000263__t004.jpg,706.909668,205.0698853,916.9880981,776.9834595,0.908623338,654.191681,DEM,4,4,4,2.0,1.0,1.0,6,5,8,9
2422,4_6 demolishers__f000308__t003.jpg,281.3702087,171.6249847,497.9654236,700.673584,0.908403039,645.3542385,DEM,4,4,4,2.0,1.0,1.0,6,5,8,9
2423,4_6 demolishers__f000339__t002.jpg,929.0891113,253.8009186,1158.376953,802.0145264,0.894721866,688.6097464,DEM,5,4,5,2.0,1.0,1.0,7,5,9,10
2424,4_6 demolishers__f000353__t004.jpg,594.8289185,312.7948914,802.9586792,892.1554565,0.879414082,625.8936569,DEM,4,4,4,2.0,1.0,1.0,6,5,8,9
2425,4_6 demolishers__f000368__t001.jpg,24.37946701,390.8789063,170.5875397,1035.598999,0.933510244,497.6238903,DEM,5,1,4,2.0,1.0,1.0,7,2,7,8
2426,4_6 demolishers__f000391__t004.jpg,750.9695435,416.743866,959.8045654,996.9414673,0.892868519,581.4562209,DEM,4,4,4,2.0,1.0,1.0,6,5,8,9
2427,4_6 demolishers__f000443__t004.jpg,887.7844238,256.5883179,1101.094116,808.7345581,0.902817249,830.5133344,DEM,4,2,4,2.0,1.0,1.0,6,3,6,7
2428,4_6 demolishers__f000488__t003.jpg,172.4719086,77.54373169,407.9103394,601.6889038,0.87773335,603.7084253,DEM,3,4,3,2.0,1.0,1.0,5,5,6,7
2429,4_6 demolishers__f000519__t002.jpg,1032.198364,40.18876648,1275.806396,606.1713257,0.89142257,902.779651,DEM,5,4,5,2.0,1.0,1.0,7,5,9,10
2430,4_6 demolishers__f000533__t004.jpg,881.4199219,60.92264557,1106.222656,650.6446533,0.887409627,920.78452,DEM,4,1,3,2.0,1.0,1.0,6,2,6,7
2431,4_6 demolishers__f000548__t001.jpg,573.0653687,139.6361084,857.7313232,912.3224487,0.89365536,976.5225378,DEM,4,1,3,2.0,1.0,1.0,6,2,6,7
2432,4_6 demolishers__f000571__t004.jpg,954.684082,119.1360168,1164.361084,713.1109009,0.894080758,933.6022981,DEM,4,4,4,2.0,1.0,1.0,6,5,8,9
2433,4_6 demolishers__f000660__t007.jpg,18.24790192,219.3441772,272.4173279,976.5796509,0.88515383,1079.776473,DEM,4,1,3,2.0,1.0,1.0,6,2,6,7
2434,4_6 demolishers__f000668__t003.jpg,967.7944336,165.6896362,1189.293579,643.423645,0.910197556,1080.181134,DEM,2,4,3,2.0,1.0,1.0,4,5,5,6
2437,4_6 demolishers__f000699__t002.jpg,1628.808838,213.7605896,1880.286255,785.6644287,0.904587328,1041.999435,DEM,4,4,4,2.0,1.0,1.0,6,5,8,9
2438,4_6 demolishers__f000728__t001.jpg,1056.340332,569.6195679,1481.9104,1067.74646,0.870000005,1035.836354,DEM,6,5,8,2.0,1.0,1.0,8,6,10,11
2440,4_6 demolishers__f000870__t007.jpg,153.5809937,322.171814,351.2951965,795.253418,0.842410207,691.9627402,DEM,3,2,3,2.0,1.0,1.0,5,3,4,5
2441,4_6 demolishers__f000882__t002.jpg,1372.687134,243.232132,1554.993408,646.4224243,0.863873899,729.0382104,DEM,5,4,5,2.0,1.0,1.0,7,5,9,10
2444,4_6 demolishers__f000902__t009.jpg,606.7039185,219.6699982,848.2445679,788.2300415,0.889667511,686.4684124,DEM,4,1,3,2.0,1.0,1.0,6,2,6,7
2445,4_6 demolishers__f000914__t007.jpg,37.81151581,366.558136,313.3670044,818.4060059,0.882090926,708.5711035,DEM,5,4,5,2.0,1.0,1.0,7,5,9,10
2446,4_6 demolishers__f000940__t003.jpg,834.1394043,251.9030457,988.944519,587.3359375,0.846456051,660.6830396,DEM,3,4,3,2.0,1.0,1.0,5,5,6,7
2448,4_6 demolishers__f000975__t001.jpg,1023.577698,332.5804138,1237.033691,826.8410645,0.876530409,705.2985254,DEM,3,2,3,2.0,1.0,1.0,5,3,4,5
2451,4_6 demolishers__f001062__t002.jpg,1169.193237,417.135498,1344.360352,813.5200806,0.857973695,688.9096441,DEM,5,4,5,2.0,1.0,1.0,7,5,9,10
2454,4_6 demolishers__f001082__t009.jpg,768.4922485,534.2268677,951.2503662,936.3690186,0.831208169,788.6237535,DEM,6,4,7,2.0,1.0,1.0,8,5,10,11
2455,4_6 demolishers__f001113__t014.jpg,132.1333466,395.7750244,389.3016357,745.0421753,0.885334551,886.7215301,DEM,5,4,5,2.0,1.0,1.0,7,5,9,10
2456,4_6 demolishers__f001120__t003.jpg,932.6448364,199.8419189,1096.691284,571.7694702,0.881359041,862.9467721,DEM,3,2,3,2.0,1.0,1.0,5,3,4,5
2457,4_6 demolishers__f001155__t001.jpg,1098.920776,357.8924255,1306.319458,827.0244751,0.862359762,802.2010633,DEM,3,2,3,2.0,1.0,1.0,5,3,4,5
2459,4_6 demolishers__f001233__t014.jpg,251.023407,401.0689087,508.4917297,728.4492188,0.901720047,901.3344095,DEM,8,5,10,2.0,1.0,1.0,10,6,11,12
2460,4_6 demolishers__f001242__t002.jpg,1576.372314,214.5997162,1782.780029,620.8914185,0.899205565,877.2553886,DEM,4,4,4,2.0,1.0,1.0,6,5,8,9
2461,4_6 demolishers__f001248__t013.jpg,1355.778931,183.2553558,1491.553833,470.2052917,0.529058695,860.1381336,DEM,4,4,4,2.0,1.0,1.0,6,5,8,9
2462,4_6 demolishers__f001261__t013.jpg,1331.266602,186.5889435,1484.902222,475.1193848,0.555335939,819.9388076,DEM,4,4,4,2.0,1.0,1.0,6,5,8,9
2463,4_6 demolishers__f001262__t009.jpg,906.5303955,277.0794983,1132.628784,763.0470581,0.886370599,836.0049632,DEM,3,4,3,2.0,1.0,1.0,5,5,6,7
2465,4_6 demolishers__f001335__t001.jpg,1191.956055,441.6313782,1416.853516,764.8178711,0.771606326,845.6978351,DEM,8,5,10,2.0,1.0,1.0,10,6,11,12
2467,4_6 demolishers__f001413__t014.jpg,145.328064,403.4331055,391.3217773,749.3276367,0.906315625,844.0932552,DEM,7,5,9,2.0,1.0,1.0,9,6,10,11
2468,4_6 demolishers__f001422__t002.jpg,1492.732544,213.9107971,1688.701172,619.4100952,0.907981753,792.7230179,DEM,4,4,4,2.0,1.0,1.0,6,5,8,9
2469,4_6 demolishers__f001439__t013.jpg,1205.455078,201.1594086,1438.074219,775.784668,0.550635338,847.557749,DEM,4,4,4,2.0,1.0,1.0,6,5,8,9
2470,4_6 demolishers__f001442__t009.jpg,842.1655273,283.6890564,1066.486694,769.7213135,0.821149528,837.5799778,DEM,3,4,3,2.0,1.0,1.0,5,5,6,7
2471,4_6 demolishers__f001480__t003.jpg,930.0728149,217.6845245,1073.9104,500.2646179,0.595576644,794.9688135,DEM,5,4,5,2.0,1.0,1.0,7,5,9,10
2472,4_6 demolishers__f001515__t001.jpg,1049.539673,491.481781,1271.03064,794.3810425,0.853923261,721.4503992,DEM,5,4,5,2.0,1.0,1.0,7,5,9,10
2474,4_6 demolishers__f001593__t014.jpg,187.0669098,445.0212097,434.4947205,776.8220825,0.892068088,800.982393,DEM,7,5,9,2.0,1.0,1.0,9,6,10,11
2475,4_6 demolishers__f001602__t002.jpg,1540.352539,276.1393433,1740.983398,668.7900391,0.908761263,816.74515,DEM,5,4,5,2.0,1.0,1.0,7,5,9,10
2476,4_6 demolishers__f001622__t009.jpg,791.9656372,315.8085022,1033.419678,794.161499,0.88685286,825.5858507,DEM,4,4,4,2.0,1.0,1.0,6,5,8,9
2477,4_6 demolishers__f001660__t003.jpg,1064.711182,168.4583282,1186.122192,553.0147095,0.847851932,772.9112502,DEM,4,4,4,2.0,1.0,1.0,6,5,8,9
2478,4_6 demolishers__f001695__t001.jpg,1165.364014,505.2803345,1410.717773,795.2303467,0.785961926,758.0382461,DEM,6,4,7,2.0,1.0,1.0,8,5,10,11
2479,4_6 demolishers__f001698__t017.jpg,1327.496094,193.0973663,1471.04541,552.1196289,0.844097912,734.539842,DEM,4,1,3,2.0,1.0,1.0,6,2,6,7
2480,4_6 demolishers__f001773__t014.jpg,161.908493,406.2372437,444.0934448,756.4347534,0.907356203,759.5821574,DEM,7,5,9,2.0,1.0,1.0,9,6,10,11
2481,4_6 demolishers__f001782__t002.jpg,1521.866333,237.8430481,1695.903442,641.9949951,0.900314093,735.4072157,DEM,4,4,4,2.0,1.0,1.0,6,5,8,9
2482,4_6 demolishers__f001802__t009.jpg,689.781311,393.5916443,985.2871704,774.4104004,0.924027264,777.7120113,DEM,6,4,7,2.0,1.0,1.0,8,5,10,11
2483,4_6 demolishers__f001840__t003.jpg,1054.181885,168.4487457,1196.064819,521.2388306,0.866748989,788.6959317,DEM,3,4,3,2.0,1.0,1.0,5,5,6,7
2484,4_6 demolishers__f001875__t001.jpg,1137.190552,458.8304749,1365.404907,768.1950073,0.824826062,822.9108538,DEM,8,5,10,2.0,1.0,1.0,10,6,11,12
2485,4_6 demolishers__f001878__t017.jpg,1286.416504,181.4266357,1442.280273,517.2286377,0.870131254,802.8188401,DEM,4,4,4,2.0,1.0,1.0,6,5,8,9
2486,4_6 demolishers__f001953__t014.jpg,202.7738953,281.9560547,371.9180603,693.74646,0.856624424,811.7714236,DEM,4,2,4,2.0,1.0,1.0,6,3,6,7
2487,4_6 demolishers__f001962__t002.jpg,1501.634766,233.0672302,1708.840576,621.6067505,0.896718323,803.3500333,DEM,3,4,3,2.0,1.0,1.0,5,5,6,7
2488,4_6 demolishers__f001982__t009.jpg,664.564209,387.3334351,953.2996826,761.2614746,0.916884065,796.7883807,DEM,5,4,5,2.0,1.0,1.0,7,5,9,10
2489,4_6 demolishers__f002020__t003.jpg,1042.333252,183.0870972,1180.763672,525.4238892,0.874706626,819.26764,DEM,2,4,3,2.0,1.0,1.0,4,5,5,6
2490,4_6 demolishers__f002055__t001.jpg,1119.693115,466.8454895,1363.046753,767.5905762,0.759119034,798.5843488,DEM,7,5,9,2.0,1.0,1.0,9,6,10,11
2491,4_6 demolishers__f002058__t017.jpg,1296.083496,182.6570282,1460.707886,531.243042,0.805810034,803.9404056,DEM,4,4,4,2.0,1.0,1.0,6,5,8,9
2492,4_6 demolishers__f002133__t014.jpg,100.8944855,232.6752625,307.65448,732.5825806,0.868742406,820.2069367,DEM,3,2,3,2.0,1.0,1.0,5,3,4,5
2493,4_6 demolishers__f002142__t002.jpg,1504.330933,216.6859131,1701.08728,620.8186646,0.903675556,815.7612982,DEM,5,4,5,2.0,1.0,1.0,7,5,9,10
2494,4_6 demolishers__f002162__t009.jpg,654.7319946,385.2142334,942.8955078,756.1257935,0.917124927,815.7319672,DEM,4,4,4,2.0,1.0,1.0,6,5,8,9
2495,4_6 demolishers__f002200__t003.jpg,1048.867676,199.3200378,1189.850098,510.3058167,0.841555953,780.130742,DEM,3,4,3,2.0,1.0,1.0,5,5,6,7
2496,4_6 demolishers__f002235__t001.jpg,1149.113159,460.9528503,1390.33313,764.6842041,0.791667223,800.0628141,DEM,5,4,5,2.0,1.0,1.0,7,5,9,10
2497,4_6 demolishers__f002238__t017.jpg,1297.340698,188.3100586,1467.628662,513.0310059,0.884702086,751.3586095,DEM,4,4,4,2.0,1.0,1.0,6,5,8,9
2498,4_6 demolishers__f002313__t014.jpg,125.3186188,233.7911682,350.4035339,733.6821899,0.894623876,766.1096879,DEM,3,2,3,2.0,1.0,1.0,5,3,4,5
2499,4_6 demolishers__f002322__t002.jpg,1513.78894,225.7046814,1713.112061,626.7971802,0.889724016,764.7492312,DEM,4,4,4,2.0,1.0,1.0,6,5,8,9
2500,4_6 demolishers__f002342__t009.jpg,682.5665894,414.5692749,977.3443604,760.7159424,0.91200012,800.8130318,DEM,8,5,10,2.0,1.0,1.0,10,6,11,12
2502,4_6 demolishers__f002415__t001.jpg,1128.704834,375.3025818,1348.033447,756.3151855,0.875058353,804.412757,DEM,6,4,7,2.0,1.0,1.0,8,5,10,11
2503,4_6 demolishers__f002418__t017.jpg,1292.77063,175.3796234,1450.635742,506.6401672,0.862327516,850.1568896,DEM,5,4,5,2.0,1.0,1.0,7,5,9,10
2504,4_6 demolishers__f002493__t014.jpg,99.61847687,212.5480652,334.3242493,712.0127563,0.873976111,885.1122638,DEM,4,2,4,2.0,1.0,1.0,6,3,6,7
2505,4_6 demolishers__f002502__t002.jpg,1488.492065,186.8632965,1680.909546,600.9648438,0.892029881,881.2835096,DEM,5,4,5,2.0,1.0,1.0,7,5,9,10
2506,4_6 demolishers__f002522__t009.jpg,651.7192993,381.8001709,934.8453979,737.6326294,0.926648319,892.2042756,DEM,6,5,8,2.0,1.0,1.0,8,6,10,11
2509,4_6 demolishers__f002595__t001.jpg,1053.303711,393.6447449,1310.292114,734.4580078,0.796275079,916.4781604,DEM,8,5,10,2.0,1.0,1.0,10,6,11,12
2510,4_6 demolishers__f002598__t017.jpg,1256.788208,157.4662323,1429.723145,569.9003296,0.866128683,881.0185191,DEM,4,4,4,2.0,1.0,1.0,6,5,8,9
2512,4_6 demolishers__f002682__t002.jpg,1490.326294,190.026535,1676.359619,608.8708496,0.905017018,932.3492853,DEM,4,2,4,2.0,1.0,1.0,6,3,6,7
2513,4_6 demolishers__f002682__t018.jpg,7.534936428,336.2732239,337.0087585,767.3190308,0.914494336,932.3492853,DEM,8,7,10,2.0,1.0,1.0,10,8,12,13
2514,4_6 demolishers__f002686__t018.jpg,8.067560196,338.1473389,337.5456848,761.5534058,0.923947096,887.844961,DEM,8,7,10,2.0,1.0,1.0,10,8,12,13
2515,4_6 demolishers__f002702__t009.jpg,676.2844238,383.1119385,957.7315063,738.0977783,0.907899976,905.6682772,DEM,6,5,8,2.0,1.0,1.0,8,6,10,11
2518,4_6 demolishers__f002775__t001.jpg,1085.18103,390.5446777,1348.227417,748.305481,0.83118397,869.8431149,DEM,5,4,5,2.0,1.0,1.0,7,5,9,10
2519,4_6 demolishers__f002778__t017.jpg,1297.789429,172.0268555,1469.665894,582.3657227,0.857353866,936.1698208,DEM,4,4,4,2.0,1.0,1.0,6,5,8,9
2520,4_6 demolishers__f002862__t018.jpg,0.0,199.9329987,342.6724243,758.1231689,0.930001497,855.8841117,DEM,5,5,6,2.0,1.0,1.0,7,6,9,10
2521,4_6 demolishers__f002862__t002.jpg,1530.789185,202.4607086,1721.871826,619.9643555,0.894089162,855.8841117,DEM,5,4,5,2.0,1.0,1.0,7,5,9,10
2522,4_6 demolishers__f002866__t018.jpg,0.0,197.2368927,339.6474304,752.9713135,0.928399146,961.1659187,DEM,5,4,5,2.0,1.0,1.0,7,5,9,10
2523,4_6 demolishers__f002882__t009.jpg,704.7518921,384.0837708,989.9654541,739.2278442,0.921640754,922.5952977,DEM,7,5,9,2.0,1.0,1.0,9,6,10,11
2524,4_6 demolishers__f002920__t003.jpg,1083.979004,195.6006012,1228.577515,512.581604,0.828604519,914.9567285,DEM,4,4,4,2.0,1.0,1.0,6,5,8,9
2525,4_6 demolishers__f002955__t001.jpg,1188.679077,417.818573,1446.606567,768.0907593,0.878276467,922.859047,DEM,6,4,7,2.0,1.0,1.0,8,5,10,11
2526,4_6 demolishers__f002958__t017.jpg,1399.298218,180.7078552,1560.195557,525.5093384,0.855478466,874.7615701,DEM,3,4,3,2.0,1.0,1.0,5,5,6,7
2527,4_6 demolishers__f003042__t002.jpg,1617.223022,217.8570709,1822.168701,632.5965576,0.896514595,911.0798384,DEM,5,4,5,2.0,1.0,1.0,7,5,9,10
2528,4_6 demolishers__f003046__t018.jpg,8.353613853,189.9253387,338.5119019,774.4199219,0.919075429,910.9982566,DEM,4,4,4,2.0,1.0,1.0,6,5,8,9
2529,4_6 demolishers__f003062__t009.jpg,799.6520996,407.818573,1085.078857,759.0958862,0.917571545,854.1015504,DEM,7,5,9,2.0,1.0,1.0,9,6,10,11
2530,4_6 demolishers__f003100__t003.jpg,1177.223267,196.8236694,1330.807373,517.5498657,0.776658297,872.8962924,DEM,4,4,4,2.0,1.0,1.0,6,5,8,9
2531,4_6 demolishers__f003135__t001.jpg,1254.952881,452.7210083,1495.89917,785.8845825,0.87807858,897.7951653,DEM,8,5,10,2.0,1.0,1.0,10,6,11,12
2532,4_6 demolishers__f003138__t017.jpg,1466.323608,209.8557739,1645.145508,619.0552368,0.82147342,905.0937639,DEM,5,4,5,2.0,1.0,1.0,7,5,9,10
2534,4_6 demolishers__f003222__t002.jpg,1658.89502,210.2066193,1851.294312,641.5065308,0.874462962,938.7478163,DEM,4,4,4,2.0,1.0,1.0,6,5,8,9
2535,4_6 demolishers__f003226__t018.jpg,80.621521,206.9744263,380.7502136,787.187439,0.898014426,913.1289283,DEM,5,2,4,2.0,1.0,1.0,7,3,7,8
2536,4_6 demolishers__f003242__t009.jpg,837.0996094,420.3410339,1123.248047,760.6057739,0.913127065,904.3814258,DEM,7,5,9,2.0,1.0,1.0,9,6,10,11
2537,4_6 demolishers__f003280__t003.jpg,1178.251099,185.3926392,1326.687622,509.1818542,0.83951354,922.5155446,DEM,3,4,3,2.0,1.0,1.0,5,5,6,7
2538,4_6 demolishers__f003315__t001.jpg,1225.605713,435.847229,1460.855835,763.1715698,0.883951128,899.6803861,DEM,7,5,9,2.0,1.0,1.0,9,6,10,11
2539,4_6 demolishers__f003318__t017.jpg,1438.741943,180.8203125,1615.076416,599.8192749,0.866101861,841.8372448,DEM,4,4,4,2.0,1.0,1.0,6,5,8,9
2540,4_6 demolishers__f003350__t019.jpg,280.2670593,227.4785309,492.0699768,712.7633057,0.900180101,873.2306909,DEM,4,4,4,2.0,1.0,1.0,6,5,8,9
2541,4_6 demolishers__f003402__t002.jpg,1661.683838,203.2294769,1851.795898,645.5036621,0.875407755,846.1918513,DEM,4,2,4,2.0,1.0,1.0,6,3,6,7
2542,4_6 demolishers__f003406__t018.jpg,0.558588028,147.6447296,144.7574615,744.793457,0.844422102,887.186807,DEM,4,1,3,2.0,1.0,1.0,6,2,6,7
2543,4_6 demolishers__f003422__t009.jpg,792.2860107,410.2234192,1085.125732,770.3495483,0.916290045,847.424347,DEM,7,5,9,2.0,1.0,1.0,9,6,10,11
2545,4_6 demolishers__f003495__t001.jpg,1164.436646,453.9532776,1402.843384,777.7976074,0.885905921,822.9528648,DEM,7,5,9,2.0,1.0,1.0,9,6,10,11
2546,4_6 demolishers__f003498__t017.jpg,1369.602661,198.4751129,1550.693115,630.9244995,0.837956131,863.9715442,DEM,4,2,4,2.0,1.0,1.0,6,3,6,7
2548,4_6 demolishers__f003530__t019.jpg,198.885849,239.1914673,419.8572693,726.3677979,0.911568105,873.0189688,DEM,4,4,4,2.0,1.0,1.0,6,5,8,9
2549,4_6 demolishers__f003582__t002.jpg,1554.026367,200.1319275,1748.073608,627.7086182,0.887768567,798.066089,DEM,3,4,3,2.0,1.0,1.0,5,5,6,7
2550,4_6 demolishers__f003602__t009.jpg,710.3522949,380.5666199,989.6183472,751.2728882,0.930151522,839.4773661,DEM,7,5,9,2.0,1.0,1.0,9,6,10,11
2551,4_6 demolishers__f003640__t003.jpg,1083.632324,173.9290009,1221.791382,499.8302002,0.812010229,868.635756,DEM,3,4,3,2.0,1.0,1.0,5,5,6,7
2552,4_6 demolishers__f003675__t001.jpg,1169.52063,400.2844849,1356.819458,745.6320801,0.885024548,873.1522299,DEM,5,4,5,2.0,1.0,1.0,7,5,9,10
2553,4_6 demolishers__f003678__t017.jpg,1341.108887,167.7865753,1508.90332,579.3577881,0.856503129,814.3372768,DEM,4,4,4,2.0,1.0,1.0,6,5,8,9
2554,4_6 demolishers__f003710__t019.jpg,157.2251129,199.7550812,353.3798218,700.6362305,0.866309226,828.0571687,DEM,3,2,3,2.0,1.0,1.0,5,3,4,5
2555,4_6 demolishers__f003762__t002.jpg,1517.389526,174.5951691,1699.013794,596.94104,0.878298521,874.6151511,DEM,4,4,4,2.0,1.0,1.0,6,5,8,9
2556,4_6 demolishers__f003782__t009.jpg,664.9934082,354.1502686,948.0800171,721.8895874,0.911625445,813.8211793,DEM,7,5,9,2.0,1.0,1.0,9,6,10,11
2558,4_6 demolishers__f003820__t003.jpg,1048.960449,122.50383,1203.831909,464.1571655,0.852477789,797.6555685,DEM,3,2,3,2.0,1.0,1.0,5,3,4,5
2560,4_6 demolishers__f003855__t001.jpg,1162.769043,414.7233887,1343.147583,740.2554321,0.856778145,798.3032165,DEM,7,5,9,2.0,1.0,1.0,9,6,10,11
2561,4_6 demolishers__f003858__t017.jpg,1331.874756,159.9857788,1495.09314,581.8676147,0.863267183,844.7385517,DEM,5,4,5,2.0,1.0,1.0,7,5,9,10
2562,4_6 demolishers__f003876__t020.jpg,0.0,124.1963501,227.4015656,713.2886963,0.830975831,843.1968643,DEM,4,4,4,2.0,1.0,1.0,6,5,8,9
2563,4_6 demolishers__f003890__t019.jpg,122.1182175,181.2204742,299.2926636,717.394165,0.867754519,835.5831738,DEM,4,2,4,2.0,1.0,1.0,6,3,6,7
2564,4_6 demolishers__f003942__t002.jpg,1540.881714,209.1976471,1742.296631,620.4006958,0.907286525,799.2914178,DEM,4,4,4,2.0,1.0,1.0,6,5,8,9
2565,4_6 demolishers__f003962__t009.jpg,686.6873169,374.8977356,978.6031494,748.1931763,0.923910975,798.6484027,DEM,7,5,9,2.0,1.0,1.0,9,6,10,11
2570,4_6 demolishers__f004035__t001.jpg,1138.421875,426.0724487,1353.715332,750.0050049,0.863902032,857.4433193,DEM,8,5,10,2.0,1.0,1.0,10,6,11,12
2571,4_6 demolishers__f004038__t017.jpg,1335.601074,172.08461,1496.738037,584.5101318,0.814318597,801.015134,DEM,6,2,6,2.0,1.0,1.0,8,3,8,9
2572,4_6 demolishers__f004070__t019.jpg,123.5849533,180.7008362,302.563385,720.5805664,0.826532662,810.3803242,DEM,5,2,4,2.0,1.0,1.0,7,3,7,8
2573,4_6 demolishers__f004122__t002.jpg,1520.105347,188.193924,1702.344482,618.5896606,0.890283883,876.0839513,DEM,4,4,4,2.0,1.0,1.0,6,5,8,9
2574,4_6 demolishers__f004142__t009.jpg,663.2754517,373.1860962,955.5914917,741.9116211,0.903266668,884.4237594,DEM,7,5,9,2.0,1.0,1.0,9,6,10,11
2575,4_6 demolishers__f004180__t003.jpg,1050.845337,167.0025177,1189.704102,492.6722107,0.803309917,860.4081071,DEM,2,4,3,2.0,1.0,1.0,4,5,5,6
2576,4_6 demolishers__f004215__t001.jpg,1085.948975,414.4801941,1364.716309,748.1174927,0.701139808,880.5884373,DEM,8,5,10,2.0,1.0,1.0,10,6,11,12
2577,4_6 demolishers__f004218__t017.jpg,1317.599365,168.0142975,1476.521362,563.736084,0.823227882,930.8121667,DEM,5,4,5,2.0,1.0,1.0,7,5,9,10
2578,4_6 demolishers__f004250__t019.jpg,161.8113708,203.5589294,365.8388367,719.7404785,0.869775951,895.8481645,DEM,3,2,3,2.0,1.0,1.0,5,3,4,5
2579,4_6 demolishers__f004302__t002.jpg,1530.105591,199.5554504,1709.795288,617.65979,0.864046574,914.6708108,DEM,4,4,4,2.0,1.0,1.0,6,5,8,9
2580,4_6 demolishers__f004322__t009.jpg,676.805481,385.7947693,973.5819702,751.0038452,0.916390836,891.7841561,DEM,8,5,10,2.0,1.0,1.0,10,6,11,12
2581,4_6 demolishers__f004360__t003.jpg,1065.205933,181.1412659,1216.215088,493.8228455,0.847546637,984.1680462,DEM,2,4,3,2.0,1.0,1.0,4,5,5,6
2582,4_6 demolishers__f004395__t001.jpg,1139.927124,435.3055115,1358.229614,758.2107544,0.894257724,980.2148966,DEM,8,5,10,2.0,1.0,1.0,10,6,11,12
2583,4_6 demolishers__f004398__t017.jpg,1344.872437,190.2391205,1506.395264,588.6714478,0.843564153,923.1404089,DEM,5,4,5,2.0,1.0,1.0,7,5,9,10
2584,4_6 demolishers__f004430__t019.jpg,211.7020264,216.0025787,422.2798157,724.1052856,0.863922656,944.61145,DEM,3,2,3,2.0,1.0,1.0,5,3,4,5
2585,4_6 demolishers__f004482__t002.jpg,1556.277832,194.2839203,1729.882568,622.3583984,0.885508895,1000.500044,DEM,4,4,4,2.0,1.0,1.0,6,5,8,9
2586,4_6 demolishers__f004502__t009.jpg,737.9082031,380.8222351,1013.087402,750.5524902,0.922727108,1000.998895,DEM,7,5,9,2.0,1.0,1.0,9,6,10,11
2587,4_6 demolishers__f004540__t003.jpg,1073.053589,171.4331207,1204.46228,491.5462341,0.85237354,976.1682296,DEM,2,4,3,2.0,1.0,1.0,4,5,5,6
2588,4_6 demolishers__f004575__t001.jpg,1096.196655,453.1521301,1374.319336,772.3256226,0.880600452,937.9787869,DEM,8,5,10,2.0,1.0,1.0,10,6,11,12
2589,4_6 demolishers__f004578__t017.jpg,1321.822632,188.7309875,1501.445923,594.8883667,0.83162415,1009.126201,DEM,6,4,7,2.0,1.0,1.0,8,5,10,11
2590,4_6 demolishers__f004610__t019.jpg,192.4736938,236.3654175,412.173584,741.7843628,0.909328878,994.6346302,DEM,4,2,4,2.0,1.0,1.0,6,3,6,7
2591,4_6 demolishers__f004662__t002.jpg,1544.710938,215.2010651,1707.309937,634.9478149,0.802315354,932.7444361,DEM,3,4,3,2.0,1.0,1.0,5,5,6,7
2592,4_6 demolishers__f004682__t009.jpg,716.5436401,389.8991394,996.4415894,762.9244385,0.899697125,942.8110328,DEM,6,4,7,2.0,1.0,1.0,8,5,10,11
2593,4_6 demolishers__f004720__t003.jpg,1070.501831,203.7668304,1205.281494,511.500946,0.833298385,997.051954,DEM,2,4,3,2.0,1.0,1.0,4,5,5,6
2594,4_6 demolishers__f004755__t001.jpg,1107.258789,477.7243958,1382.865967,787.2105713,0.874960244,935.0951397,DEM,8,5,10,2.0,1.0,1.0,10,6,11,12
2595,4_6 demolishers__f004758__t017.jpg,1332.137939,208.4597168,1491.953125,574.9000854,0.845585942,911.210146,DEM,4,4,4,2.0,1.0,1.0,6,5,8,9
2596,4_6 demolishers__f004790__t019.jpg,183.5681305,259.6256104,400.9048462,761.6567993,0.898377776,943.6868318,DEM,4,2,4,2.0,1.0,1.0,6,3,6,7
2597,4_6 demolishers__f004842__t002.jpg,1532.813477,237.331192,1725.090576,649.9946899,0.860948503,933.3400875,DEM,4,4,4,2.0,1.0,1.0,6,5,8,9
2598,4_6 demolishers__f004862__t009.jpg,686.9664917,413.4852295,965.40979,763.8173218,0.905845761,935.1922493,DEM,7,5,9,2.0,1.0,1.0,9,6,10,11
2599,4_6 demolishers__f004900__t003.jpg,1039.70813,212.1576843,1182.321777,536.8015137,0.866013169,881.3764351,DEM,2,4,3,2.0,1.0,1.0,4,5,5,6
2600,4_6 demolishers__f004935__t001.jpg,1089.866089,478.8694153,1331.584595,789.9769287,0.828898191,904.6337456,DEM,8,5,10,2.0,1.0,1.0,10,6,11,12
2601,4_6 demolishers__f004938__t017.jpg,1308.003662,210.3457031,1469.769653,620.0650635,0.885907531,863.7127078,DEM,4,4,4,2.0,1.0,1.0,6,5,8,9
2602,4_6 demolishers__f004970__t019.jpg,123.956337,266.5677795,350.1890259,777.1894531,0.88357842,889.7495066,DEM,4,2,4,2.0,1.0,1.0,6,3,6,7
2603,4_6 demolishers__f005022__t002.jpg,1516.44751,260.3417664,1714.888306,667.3933716,0.888272643,813.9328551,DEM,5,4,5,2.0,1.0,1.0,7,5,9,10
2604,4_6 demolishers__f005042__t009.jpg,654.3630981,423.273468,933.9622192,790.8456421,0.910595596,829.6251391,DEM,7,5,9,2.0,1.0,1.0,9,6,10,11
2605,4_6 demolishers__f005080__t003.jpg,1036.174683,234.8986664,1180.562988,536.4766235,0.873811483,818.6335905,DEM,4,4,4,2.0,1.0,1.0,6,5,8,9
2606,4_6 demolishers__f005115__t001.jpg,1073.082397,487.1114807,1322.031738,796.9396362,0.757846951,732.8678687,DEM,7,5,9,2.0,1.0,1.0,9,6,10,11
2607,4_6 demolishers__f005118__t017.jpg,1290.382813,225.1738892,1459.537354,624.28302,0.872035027,785.9031736,DEM,4,4,4,2.0,1.0,1.0,6,5,8,9
2608,4_6 demolishers__f005150__t019.jpg,114.4354935,261.5224304,343.1476135,783.0926514,0.898690403,712.6229249,DEM,4,4,4,2.0,1.0,1.0,6,5,8,9
2609,4_6 demolishers__f005202__t002.jpg,1452.026245,226.7875214,1645.020874,647.7965088,0.87671864,740.2699626,DEM,7,5,9,2.0,1.0,1.0,9,6,10,11
2610,4_6 demolishers__f005222__t009.jpg,613.1968384,413.2064514,896.5563354,772.0317383,0.91495955,743.7032508,DEM,5,4,5,2.0,1.0,1.0,7,5,9,10
2611,4_6 demolishers__f005260__t003.jpg,989.5085449,215.5121613,1133.869751,514.993103,0.864742517,699.522673,DEM,3,4,3,2.0,1.0,1.0,5,5,6,7
2612,4_6 demolishers__f005295__t001.jpg,1051.051147,470.7796326,1298.639404,776.5777588,0.804389656,746.0008456,DEM,8,5,10,2.0,1.0,1.0,10,6,11,12
2613,4_6 demolishers__f005298__t017.jpg,1261.719604,199.84935,1430.386841,612.715332,0.873991787,698.1516282,DEM,5,2,4,2.0,1.0,1.0,7,3,7,8
2614,4_6 demolishers__f005330__t019.jpg,95.54611206,245.8782196,313.3918457,765.1832886,0.899952948,734.7319338,DEM,4,4,4,2.0,1.0,1.0,6,5,8,9
2615,4_6 demolishers__f005382__t002.jpg,1473.189941,228.5111542,1656.768555,660.5956421,0.873148382,716.8658664,DEM,4,4,4,2.0,1.0,1.0,6,5,8,9
2616,4_6 demolishers__f005402__t009.jpg,635.927063,441.1182556,927.5898438,780.4082642,0.913654745,755.5143491,DEM,8,5,10,2.0,1.0,1.0,10,6,11,12
2617,4_6 demolishers__f005440__t003.jpg,1015.551025,237.9534607,1151.754028,532.2297974,0.828440428,711.1724074,DEM,3,4,3,2.0,1.0,1.0,5,5,6,7
2618,4_6 demolishers__f005475__t001.jpg,1056.61145,486.3348083,1329.405273,790.6013794,0.856713414,774.7775769,DEM,7,5,9,2.0,1.0,1.0,9,6,10,11
2619,4_6 demolishers__f005478__t017.jpg,1274.584351,210.2961273,1437.335815,576.8627319,0.849581003,758.7726538,DEM,4,4,4,2.0,1.0,1.0,6,5,8,9
2620,4_6 demolishers__f005510__t019.jpg,113.1709518,244.3692474,318.5737,758.2196045,0.878991246,770.2994724,DEM,3,2,3,2.0,1.0,1.0,5,3,4,5
2621,4_6 demolishers__f005562__t002.jpg,1509.28772,246.8180237,1707.045532,664.6574707,0.903170884,760.1253871,DEM,4,4,4,2.0,1.0,1.0,6,5,8,9
2622,4_6 demolishers__f005582__t009.jpg,663.2832031,441.3572998,942.5435791,785.862793,0.918063223,747.691005,DEM,7,5,9,2.0,1.0,1.0,9,6,10,11
2623,4_6 demolishers__f005620__t003.jpg,1031.201904,246.1641235,1171.052734,532.8465576,0.861496091,777.4808697,DEM,3,4,3,2.0,1.0,1.0,5,5,6,7
2624,4_6 demolishers__f005655__t001.jpg,1085.363525,502.4441528,1363.630737,811.0758667,0.815634489,739.5622335,DEM,8,5,10,2.0,1.0,1.0,10,6,11,12
2625,4_6 demolishers__f005658__t017.jpg,1311.815918,224.3075562,1444.969482,622.7988892,0.807596505,793.0191508,DEM,4,2,4,2.0,1.0,1.0,6,3,6,7
2626,4_6 demolishers__f005690__t019.jpg,123.3728104,264.9279175,340.9174805,763.0962524,0.899988592,723.4523428,DEM,4,2,4,2.0,1.0,1.0,6,3,6,7
2627,4_6 demolishers__f005742__t002.jpg,1537.227661,272.3939819,1729.914795,694.4073486,0.885979593,785.2669776,DEM,4,4,4,2.0,1.0,1.0,6,5,8,9
2628,4_6 demolishers__f005762__t009.jpg,681.656189,457.7884827,955.1505737,807.6239624,0.914867461,807.654935,DEM,7,5,9,2.0,1.0,1.0,9,6,10,11
2629,4_6 demolishers__f005800__t003.jpg,1069.363525,269.5332336,1204.278076,546.0505371,0.742302775,769.8561682,DEM,6,4,7,2.0,1.0,1.0,8,5,10,11
2630,4_6 demolishers__f005835__t001.jpg,1129.893677,481.1664429,1397.100342,825.7125854,0.885657907,822.1877774,DEM,6,4,7,2.0,1.0,1.0,8,5,10,11
2631,4_6 demolishers__f005838__t017.jpg,1329.14917,251.4028473,1490.966797,581.8529663,0.864015758,788.857195,DEM,4,1,3,2.0,1.0,1.0,6,2,6,7
2632,4_6 demolishers__f005870__t019.jpg,143.8088837,273.7445984,347.5899963,770.9541626,0.907140911,824.9291356,DEM,3,2,3,2.0,1.0,1.0,5,3,4,5
2633,4_6 demolishers__f005922__t002.jpg,1558.949951,281.4689331,1752.17041,701.3600464,0.906463265,787.6308201,DEM,4,4,4,2.0,1.0,1.0,6,5,8,9
2634,4_6 demolishers__f005942__t009.jpg,697.8262939,461.1398315,970.7084961,810.3848267,0.908761144,817.0568098,DEM,5,4,5,2.0,1.0,1.0,7,5,9,10
2636,4_6 demolishers__f006015__t001.jpg,1112.907104,501.9384155,1361.984131,824.5994873,0.796464562,843.8707586,DEM,8,5,10,2.0,1.0,1.0,10,6,11,12
2637,4_6 demolishers__f006018__t017.jpg,1362.105835,252.524353,1532.976685,662.5328369,0.878327549,904.6330964,DEM,4,4,4,2.0,1.0,1.0,6,5,8,9
2638,4_6 demolishers__f006050__t019.jpg,185.3384399,276.5407715,420.3955688,764.9296875,0.907810748,807.2294248,DEM,4,4,4,2.0,1.0,1.0,6,5,8,9
2639,4_6 demolishers__f006102__t002.jpg,1597.93103,283.540802,1791.393066,710.2830811,0.900931776,905.8158721,DEM,4,4,4,2.0,1.0,1.0,6,5,8,9
2640,4_6 demolishers__f006122__t009.jpg,735.7889404,467.0954895,1007.798462,815.5410156,0.906423807,904.1391805,DEM,5,4,5,2.0,1.0,1.0,7,5,9,10
2641,4_6 demolishers__f006160__t003.jpg,1143.079102,262.187561,1291.547119,551.1172485,0.820006013,907.4576295,DEM,3,4,3,2.0,1.0,1.0,5,5,6,7
2642,4_6 demolishers__f006195__t001.jpg,1140.62561,530.2947998,1412.763306,845.5281372,0.900516868,935.0279321,DEM,7,5,9,2.0,1.0,1.0,9,6,10,11
2643,4_6 demolishers__f006198__t017.jpg,1395.868286,267.4524231,1545.822998,674.7255249,0.863128245,890.2387344,DEM,4,1,3,2.0,1.0,1.0,6,2,6,7
2644,4_6 demolishers__f006230__t019.jpg,205.4026337,298.234436,411.3688049,787.0123901,0.903146088,923.529611,DEM,3,2,3,2.0,1.0,1.0,5,3,4,5
2645,4_6 demolishers__f006282__t002.jpg,1615.08252,312.3764954,1817.630371,721.0460205,0.893488228,917.9206417,DEM,4,4,4,2.0,1.0,1.0,6,5,8,9
2646,4_6 demolishers__f006302__t009.jpg,742.9385986,490.1603088,1014.595093,829.7826538,0.914126098,926.9359463,DEM,5,4,5,2.0,1.0,1.0,7,5,9,10
2647,4_6 demolishers__f006340__t003.jpg,1113.872192,263.5308838,1284.090454,596.4645996,0.891428053,886.8424871,DEM,3,4,3,2.0,1.0,1.0,5,5,6,7
2648,4_6 demolishers__f006375__t001.jpg,1193.466675,510.3025513,1388.776001,839.0238647,0.81598866,920.602395,DEM,7,5,9,2.0,1.0,1.0,9,6,10,11
2649,4_6 demolishers__f006378__t017.jpg,1353.632446,259.9466553,1515.476074,669.9728394,0.866562188,944.9207215,DEM,4,2,4,2.0,1.0,1.0,6,3,6,7
2650,4_6 demolishers__f006410__t019.jpg,180.1335754,276.2429199,396.1805115,775.4134521,0.876851082,874.1453578,DEM,3,2,3,2.0,1.0,1.0,5,3,4,5
2651,4_6 demolishers__f006462__t002.jpg,1557.897217,290.309021,1762.97583,691.3818359,0.915529609,883.6784458,DEM,4,4,4,2.0,1.0,1.0,6,5,8,9
2652,4_6 demolishers__f006482__t009.jpg,687.9053955,464.3013,962.4803467,803.9237671,0.906485736,939.5663137,DEM,7,5,9,2.0,1.0,1.0,9,6,10,11
2653,4_6 demolishers__f006520__t003.jpg,1053.166748,236.0725708,1208.566284,542.3026733,0.851868153,938.7097325,DEM,2,4,3,2.0,1.0,1.0,4,5,5,6
2654,4_6 demolishers__f006555__t001.jpg,1109.532715,487.5168152,1334.142578,808.2587891,0.654191077,908.5323333,DEM,8,5,10,2.0,1.0,1.0,10,6,11,12
2655,4_6 demolishers__f006558__t017.jpg,1308.524536,230.7473602,1472.14502,631.4181519,0.862246215,866.3031017,DEM,4,4,4,2.0,1.0,1.0,6,5,8,9
2656,4_6 demolishers__f006590__t019.jpg,128.3625946,252.2684631,341.7999878,757.0380249,0.898665547,896.1778684,DEM,3,2,3,2.0,1.0,1.0,5,3,4,5
2657,4_6 demolishers__f006642__t002.jpg,1528.287964,275.1906738,1735.588989,674.480896,0.898203313,895.6215342,DEM,5,4,5,2.0,1.0,1.0,7,5,9,10
2658,4_6 demolishers__f006662__t009.jpg,666.5114746,452.4856567,938.6958618,791.333252,0.908817947,846.6001993,DEM,7,5,9,2.0,1.0,1.0,9,6,10,11
2659,4_6 demolishers__f006700__t003.jpg,1050.305054,224.4719086,1187.029053,538.6117554,0.873877764,856.9944574,DEM,3,4,3,2.0,1.0,1.0,5,5,6,7
2660,4_6 demolishers__f006735__t001.jpg,1093.526245,488.6252747,1329.730591,808.2766113,0.619394064,848.4477667,DEM,8,5,10,2.0,1.0,1.0,10,6,11,12
2661,4_6 demolishers__f006738__t017.jpg,1298.135254,230.9646759,1464.922119,641.3620605,0.849805117,878.9340826,DEM,4,4,4,2.0,1.0,1.0,6,5,8,9
2662,4_6 demolishers__f006770__t019.jpg,120.4513092,245.8361816,339.3453064,751.9396362,0.89236027,855.8116057,DEM,3,2,3,2.0,1.0,1.0,5,3,4,5
2663,4_6 demolishers__f006822__t002.jpg,1522.980835,237.5622711,1684.768555,679.1498413,0.867954969,835.3206828,DEM,4,2,4,2.0,1.0,1.0,6,3,6,7
2664,4_6 demolishers__f006842__t009.jpg,663.0969238,451.2116089,935.5982056,787.4395142,0.918013275,880.3055682,DEM,7,5,9,2.0,1.0,1.0,9,6,10,11
2665,4_6 demolishers__f006880__t003.jpg,1053.151978,244.1286469,1192.053711,535.5426636,0.844589829,885.9531523,DEM,3,4,3,2.0,1.0,1.0,5,5,6,7
2666,4_6 demolishers__f006915__t001.jpg,1075.698486,488.6116638,1327.792358,805.4258423,0.75450176,893.0392051,DEM,8,5,10,2.0,1.0,1.0,10,6,11,12
2667,4_6 demolishers__f006918__t017.jpg,1294.939453,231.50354,1456.603516,641.9714355,0.847442687,874.386641,DEM,4,4,4,2.0,1.0,1.0,6,5,8,9
2668,4_6 demolishers__f006950__t019.jpg,128.5027924,238.0900269,310.0930786,761.8553467,0.865577102,874.1344082,DEM,4,2,4,2.0,1.0,1.0,6,3,6,7
2669,4_6 demolishers__f007002__t002.jpg,1518.147705,254.0520935,1712.915161,679.9906616,0.855586112,876.3594795,DEM,5,4,5,2.0,1.0,1.0,7,5,9,10
2670,4_6 demolishers__f007022__t009.jpg,651.8618164,451.5857849,928.7108765,789.3684082,0.915099859,838.3837316,DEM,7,5,9,2.0,1.0,1.0,9,6,10,11
2671,4_6 demolishers__f007060__t003.jpg,1004.403381,257.2371521,1231.60498,637.2744141,0.406407744,817.5349295,DEM,6,4,7,2.0,1.0,1.0,8,5,10,11
2672,4_6 demolishers__f007095__t001.jpg,1055.900635,413.3464966,1302.419189,808.661499,0.872295916,854.8403057,DEM,5,4,5,2.0,1.0,1.0,7,5,9,10
2673,4_6 demolishers__f007098__t017.jpg,1288.075073,229.6298676,1448.180298,641.3185425,0.865340829,887.4182981,DEM,4,4,4,2.0,1.0,1.0,6,5,8,9
2674,4_6 demolishers__f007130__t019.jpg,130.973175,252.3171082,301.1710815,753.3222046,0.867070854,906.0247548,DEM,4,2,4,2.0,1.0,1.0,6,3,6,7
2675,4_6 demolishers__f007182__t002.jpg,1509.817871,251.5998688,1697.083984,681.7001343,0.876421869,884.3298259,DEM,4,4,4,2.0,1.0,1.0,6,5,8,9
2676,4_6 demolishers__f007202__t009.jpg,644.0834961,450.4295959,923.2802124,790.3391724,0.924732089,924.7276633,DEM,5,4,5,2.0,1.0,1.0,7,5,9,10
2677,4_6 demolishers__f007267__t023.jpg,1023.759644,271.7754517,1198.109863,580.4348145,0.520351291,906.7674558,DEM,6,4,7,2.0,1.0,1.0,8,5,10,11
2678,4_6 demolishers__f007275__t001.jpg,1077.248779,464.6816406,1310.937012,806.0022583,0.828267753,904.7189965,DEM,8,5,10,2.0,1.0,1.0,10,6,11,12
2679,4_6 demolishers__f007278__t017.jpg,1280.309814,233.5606842,1443.918701,635.2875977,0.869714618,876.3263872,DEM,4,4,4,2.0,1.0,1.0,6,5,8,9
2680,4_6 demolishers__f007310__t019.jpg,120.8919601,267.7474365,300.7015076,764.4140015,0.862645388,855.5816328,DEM,5,2,4,2.0,1.0,1.0,7,3,7,8
2681,4_6 demolishers__f007357__t023.jpg,1044.703979,220.375,1195.504028,548.0678101,0.877534807,889.9739927,DEM,3,2,3,2.0,1.0,1.0,5,3,4,5
2682,4_6 demolishers__f007362__t002.jpg,1505.576538,255.8158875,1687.581665,679.7485352,0.875123203,933.5053302,DEM,4,4,4,2.0,1.0,1.0,6,5,8,9
2683,4_6 demolishers__f007382__t009.jpg,591.2037964,426.4007263,874.8669434,786.5925903,0.923632205,889.2095962,DEM,8,5,10,2.0,1.0,1.0,10,6,11,12
2685,4_6 demolishers__f007447__t023.jpg,1036.008179,226.5386963,1240.526978,641.6784058,0.391095668,913.2872401,DEM,3,4,3,2.0,1.0,1.0,5,5,6,7
2687,4_6 demolishers__f007455__t001.jpg,1069.744995,472.1530762,1302.386719,805.9602051,0.871998787,921.3153098,DEM,8,5,10,2.0,1.0,1.0,10,6,11,12
2688,4_6 demolishers__f007458__t017.jpg,1273.766724,236.7045898,1442.793945,634.4309692,0.875324428,950.4072711,DEM,4,4,4,2.0,1.0,1.0,6,5,8,9
2689,4_6 demolishers__f007490__t019.jpg,103.6338959,248.9264069,300.5209045,763.6653442,0.872264862,964.7035851,DEM,2,2,2,2.0,1.0,1.0,4,3,4,5
2690,4_6 demolishers__f007497__t024.jpg,1058.314453,235.8655853,1215.364624,504.4681091,0.768970788,911.6269619,DEM,4,4,4,2.0,1.0,1.0,6,5,8,9
2691,4_6 demolishers__f007542__t002.jpg,1496.996338,258.3267822,1682.730713,682.3129883,0.886072338,901.7292091,DEM,4,4,4,2.0,1.0,1.0,6,5,8,9
2692,4_6 demolishers__f007562__t009.jpg,568.1915894,436.9754333,865.40979,788.9577026,0.883183241,983.5568615,DEM,7,5,9,2.0,1.0,1.0,9,6,10,11
2693,4_6 demolishers__f007635__t001.jpg,1054.994873,477.3817749,1295.633179,806.0357666,0.890616298,939.5042057,DEM,8,5,10,2.0,1.0,1.0,10,6,11,12
2694,4_6 demolishers__f007638__t017.jpg,1260.240723,236.2897797,1426.102295,643.5521851,0.876469016,914.0044994,DEM,4,4,4,2.0,1.0,1.0,6,5,8,9
2695,4_6 demolishers__f007670__t019.jpg,116.8973312,224.5749054,289.0794373,750.1115112,0.86812824,893.104354,DEM,4,2,4,2.0,1.0,1.0,6,3,6,7
2697,4_6 demolishers__f007722__t002.jpg,1481.210815,279.6328125,1686.085449,683.3244019,0.905254245,937.9809018,DEM,5,4,5,2.0,1.0,1.0,7,5,9,10
2698,4_6 demolishers__f007742__t009.jpg,556.5349121,443.24823,851.175415,787.9381104,0.912212551,945.9126182,DEM,7,5,9,2.0,1.0,1.0,9,6,10,11
2699,4_6 demolishers__f007815__t001.jpg,1046.020264,485.6291504,1289.775757,805.4024658,0.818044722,855.8555916,DEM,8,5,10,2.0,1.0,1.0,10,6,11,12
2700,4_6 demolishers__f007818__t017.jpg,1257.15271,238.0737457,1421.996948,643.8115234,0.855306625,921.0963006,DEM,4,4,4,2.0,1.0,1.0,6,5,8,9
2701,4_6 demolishers__f007850__t019.jpg,149.0164948,244.8108063,351.6027527,762.3535767,0.888361335,923.1451892,DEM,4,2,4,2.0,1.0,1.0,6,3,6,7
2703,4_6 demolishers__f007902__t002.jpg,1473.104614,258.7824402,1657.114136,680.1696167,0.85977447,876.2392814,DEM,4,4,4,2.0,1.0,1.0,6,5,8,9
2704,4_6 demolishers__f007922__t009.jpg,566.3610229,439.5295715,850.5385132,788.8165283,0.920706868,911.6437775,DEM,6,5,8,2.0,1.0,1.0,8,6,10,11
2705,4_6 demolishers__f007995__t001.jpg,1048.945435,468.8062744,1316.840942,806.9952393,0.905068576,937.5115618,DEM,5,4,5,2.0,1.0,1.0,7,5,9,10
2708,4_6 demolishers__f008030__t019.jpg,137.325119,259.5693054,373.9890442,750.9317627,0.886632919,896.3311286,DEM,3,4,3,2.0,1.0,1.0,5,5,6,7
2709,4_6 demolishers__f008082__t002.jpg,1474.845215,258.0604553,1664.876221,683.7542114,0.864997685,938.3742233,DEM,4,2,4,2.0,1.0,1.0,6,3,6,7
2710,4_6 demolishers__f008102__t009.jpg,583.7064819,445.3063049,862.0831909,788.1812744,0.922009647,943.5300583,DEM,7,5,9,2.0,1.0,1.0,9,6,10,11
2711,4_6 demolishers__f008175__t001.jpg,1062.780762,460.9458313,1356.148071,813.4923096,0.873411953,921.7052838,DEM,6,4,7,2.0,1.0,1.0,8,5,10,11
2713,4_6 demolishers__f008210__t019.jpg,179.6953735,257.7243042,416.727417,760.616272,0.894692063,930.1816057,DEM,4,4,4,2.0,1.0,1.0,6,5,8,9
2715,4_6 demolishers__f008262__t002.jpg,1484.067627,267.9234009,1677.823853,687.9837646,0.895922661,893.5185026,DEM,4,4,4,2.0,1.0,1.0,6,5,8,9
2716,4_6 demolishers__f008282__t009.jpg,590.6954346,442.9837646,871.3702393,783.5632935,0.920211375,880.1847236,DEM,7,5,9,2.0,1.0,1.0,9,6,10,11
2717,4_6 demolishers__f008355__t001.jpg,1061.634766,451.5663147,1354.157715,810.1011963,0.891346514,943.3019125,DEM,6,4,7,2.0,1.0,1.0,8,5,10,11
2719,4_6 demolishers__f008390__t019.jpg,162.8827057,241.6928101,390.5317078,744.7284546,0.886750281,854.6052113,DEM,3,4,3,2.0,1.0,1.0,5,5,6,7
2721,4_6 demolishers__f008442__t002.jpg,1496.553833,244.1938324,1673.767822,676.3520508,0.8284266,885.6666653,DEM,4,4,4,2.0,1.0,1.0,6,5,8,9
2722,4_6 demolishers__f008462__t009.jpg,597.8205566,426.4947205,877.0251465,771.767395,0.915330648,885.7756641,DEM,7,5,9,2.0,1.0,1.0,9,6,10,11
2723,4_6 demolishers__f008535__t001.jpg,1066.184204,434.8808289,1353.812378,787.7409668,0.874618232,853.0853524,DEM,6,4,7,2.0,1.0,1.0,8,5,10,11
2725,4_6 demolishers__f008570__t019.jpg,211.3458862,213.6739502,422.212677,734.0147705,0.914636314,831.804489,DEM,3,2,3,2.0,1.0,1.0,5,3,4,5
2727,4_6 demolishers__f008622__t002.jpg,1495.776611,234.2392273,1673.867554,665.755188,0.874131143,770.6572712,DEM,3,4,3,2.0,1.0,1.0,5,5,6,7
2728,4_6 demolishers__f008642__t009.jpg,586.3850098,414.1394348,871.1442261,759.3213501,0.913010299,784.216426,DEM,6,5,8,2.0,1.0,1.0,8,6,10,11
2729,4_6 demolishers__f008715__t001.jpg,1040.742065,415.1825256,1333.04834,774.3757324,0.898838699,827.1155374,DEM,5,4,5,2.0,1.0,1.0,7,5,9,10
2730,4_6 demolishers__f008718__t017.jpg,1266.127441,205.5168457,1433.116943,527.5968018,0.786858857,860.5177251,DEM,3,4,3,2.0,1.0,1.0,5,5,6,7
2731,4_6 demolishers__f008750__t019.jpg,207.6568909,223.9071655,436.7416992,716.5709229,0.909753442,833.9295437,DEM,3,4,3,2.0,1.0,1.0,5,5,6,7
2733,4_6 demolishers__f008802__t002.jpg,1489.098389,245.8260193,1660.505005,659.2646484,0.807586968,857.9425671,DEM,4,4,4,2.0,1.0,1.0,6,5,8,9
2734,4_6 demolishers__f008822__t009.jpg,574.5762939,405.9650879,862.9798584,753.765686,0.904990554,858.5255309,DEM,7,5,9,2.0,1.0,1.0,9,6,10,11
2735,4_6 demolishers__f008895__t001.jpg,1058.075195,397.8560181,1349.358765,775.5933228,0.853752434,875.7762687,DEM,6,4,7,2.0,1.0,1.0,8,5,10,11
2736,4_6 demolishers__f008898__t017.jpg,1260.208008,212.8921204,1424.539673,501.6803589,0.858507931,842.7712858,DEM,4,4,4,2.0,1.0,1.0,6,5,8,9
2737,4_6 demolishers__f008930__t019.jpg,181.5227814,214.9088287,400.8739319,723.5336304,0.896132946,867.0165275,DEM,3,4,3,2.0,1.0,1.0,5,5,6,7
2739,4_6 demolishers__f008982__t002.jpg,1485.967529,226.8644867,1676.479004,649.0254517,0.88266176,871.1121515,DEM,4,4,4,2.0,1.0,1.0,6,5,8,9
2740,4_6 demolishers__f009002__t009.jpg,577.1977539,403.9008484,858.836731,749.2741089,0.908853233,907.6514393,DEM,7,5,9,2.0,1.0,1.0,9,6,10,11
2741,4_6 demolishers__f009075__t001.jpg,1043.126221,419.8491821,1347.492554,763.8356323,0.891906202,967.9779665,DEM,8,5,10,2.0,1.0,1.0,10,6,11,12
2743,4_6 demolishers__f009110__t019.jpg,171.5384216,195.5188446,403.5454712,710.8734131,0.87379384,962.7803423,DEM,4,2,4,2.0,1.0,1.0,6,3,6,7
2745,4_6 demolishers__f009162__t002.jpg,1506.016602,207.4566345,1693.172241,640.8375244,0.874548793,935.276166,DEM,4,4,4,2.0,1.0,1.0,6,5,8,9
2746,4_6 demolishers__f009182__t009.jpg,589.6420898,389.3066711,872.6985474,728.5059204,0.910526693,915.2367093,DEM,7,5,9,2.0,1.0,1.0,9,6,10,11
2747,4_6 demolishers__f009255__t001.jpg,1050.945068,413.0413818,1352.161255,752.7595825,0.882050753,945.1602404,DEM,8,5,10,2.0,1.0,1.0,10,6,11,12
2748,4_6 demolishers__f009258__t017.jpg,1261.84436,171.7967072,1420.417114,463.5735168,0.808909833,1000.121791,DEM,4,2,4,2.0,1.0,1.0,6,3,6,7
2749,4_6 demolishers__f009290__t019.jpg,211.7048492,178.0402832,404.7359009,706.0419922,0.881787717,943.7061583,DEM,3,2,3,2.0,1.0,1.0,5,3,4,5
2751,4_6 demolishers__f009342__t002.jpg,1485.185669,228.7255402,1689.455322,629.0575562,0.892660379,970.8155565,DEM,4,4,4,2.0,1.0,1.0,6,5,8,9
2752,4_6 demolishers__f009362__t009.jpg,577.5687256,388.0248413,856.7859497,728.1835327,0.908540905,993.7818016,DEM,7,5,9,2.0,1.0,1.0,9,6,10,11
2753,4_6 demolishers__f009435__t001.jpg,1071.689819,402.4416199,1368.155518,756.421814,0.876017034,975.6689188,DEM,6,4,7,2.0,1.0,1.0,8,5,10,11
2754,4_6 demolishers__f009438__t017.jpg,1264.860718,175.8737488,1421.951416,469.0232544,0.715096414,943.2522095,DEM,4,4,4,2.0,1.0,1.0,6,5,8,9
2755,4_6 demolishers__f009470__t019.jpg,205.453125,195.5517731,425.5336304,697.5021362,0.885061383,988.4044217,DEM,4,4,4,2.0,1.0,1.0,6,5,8,9
2756,4_6 demolishers__f009477__t024.jpg,1023.757019,157.3716888,1167.156006,468.7146301,0.809797287,961.4988662,DEM,4,2,4,2.0,1.0,1.0,6,3,6,7
2757,4_6 demolishers__f009522__t002.jpg,1475.824463,216.7618103,1673.432983,631.0575562,0.896874964,925.253772,DEM,5,4,5,2.0,1.0,1.0,7,5,9,10
2758,4_6 demolishers__f009542__t009.jpg,562.4989624,388.3233337,843.5545044,731.0678101,0.914905071,928.8467093,DEM,7,5,9,2.0,1.0,1.0,9,6,10,11
2759,4_6 demolishers__f009615__t001.jpg,1006.44043,417.6636047,1304.563354,754.866333,0.884018421,909.0761889,DEM,7,5,9,2.0,1.0,1.0,9,6,10,11
2760,4_6 demolishers__f009618__t017.jpg,1251.547852,177.8970184,1408.09314,524.1350708,0.780705988,963.6296626,DEM,4,4,4,2.0,1.0,1.0,6,5,8,9
2761,4_6 demolishers__f009650__t019.jpg,167.913147,188.4226227,402.9432373,689.1156616,0.886620641,914.7321564,DEM,4,4,4,2.0,1.0,1.0,6,5,8,9
2763,4_6 demolishers__f009702__t002.jpg,1463.868652,206.0715332,1635.005981,635.312439,0.867127895,935.5241916,DEM,4,4,4,2.0,1.0,1.0,6,5,8,9
2764,4_6 demolishers__f009722__t009.jpg,543.8625488,383.2551575,834.2766724,728.0287476,0.916049242,955.462821,DEM,7,5,9,2.0,1.0,1.0,9,6,10,11
2765,4_6 demolishers__f009795__t001.jpg,988.9381714,407.8781738,1289.845337,757.2911377,0.910419881,925.1561431,DEM,5,4,5,2.0,1.0,1.0,7,5,9,10
2766,4_6 demolishers__f009798__t017.jpg,1238.001953,183.4449005,1401.431519,556.0454102,0.827317059,875.3009188,DEM,4,4,4,2.0,1.0,1.0,6,5,8,9
2767,4_6 demolishers__f009830__t019.jpg,145.40271,197.6274414,374.1359863,695.253418,0.895663202,918.0295342,DEM,4,4,4,2.0,1.0,1.0,6,5,8,9
2769,4_6 demolishers__f009882__t002.jpg,1458.547363,207.7827759,1642.396851,640.703064,0.885137081,881.0006253,DEM,3,2,3,2.0,1.0,1.0,5,3,4,5
2770,4_6 demolishers__f009902__t009.jpg,541.9873657,385.2340393,836.9255371,727.8682861,0.924746633,877.6703306,DEM,8,5,10,2.0,1.0,1.0,10,6,11,12
2771,4_6 demolishers__f009975__t001.jpg,983.0161133,402.4791565,1277.48938,756.5358276,0.903113902,884.3326701,DEM,5,4,5,2.0,1.0,1.0,7,5,9,10
2772,4_6 demolishers__f009978__t017.jpg,1237.678345,185.7116241,1404.852539,575.5303955,0.83658421,922.9601369,DEM,4,4,4,2.0,1.0,1.0,6,5,8,9
2773,4_6 demolishers__f010010__t019.jpg,165.2557068,204.6078033,396.9589233,703.1806641,0.876529276,858.219252,DEM,4,4,4,2.0,1.0,1.0,6,5,8,9
2775,4_6 demolishers__f010062__t002.jpg,1463.135132,211.976532,1658.268799,630.8151855,0.885605335,935.1637086,DEM,3,4,3,2.0,1.0,1.0,5,5,6,7
2776,4_6 demolishers__f010082__t009.jpg,561.4456177,392.5381165,846.8762207,735.2305908,0.916964829,904.2325622,DEM,7,5,9,2.0,1.0,1.0,9,6,10,11
2777,4_6 demolishers__f010155__t001.jpg,997.7017212,412.7650146,1291.044312,762.7138062,0.844698966,917.429808,DEM,5,4,5,2.0,1.0,1.0,7,5,9,10
2778,4_6 demolishers__f010158__t017.jpg,1254.092896,188.6091309,1417.37561,583.0628662,0.851709843,879.972835,DEM,4,4,4,2.0,1.0,1.0,6,5,8,9
2779,4_6 demolishers__f010190__t019.jpg,227.8938446,196.8495178,432.8800964,711.1273193,0.887332499,911.6961385,DEM,4,4,4,2.0,1.0,1.0,6,5,8,9
2781,4_6 demolishers__f010242__t002.jpg,1483.861572,223.2353363,1677.93457,640.8181763,0.869215369,928.760913,DEM,3,4,3,2.0,1.0,1.0,5,5,6,7
2782,4_6 demolishers__f010262__t009.jpg,575.625061,400.5770874,857.5134277,740.6800537,0.914245844,882.5611588,DEM,8,5,10,2.0,1.0,1.0,10,6,11,12
2783,4_6 demolishers__f010335__t001.jpg,989.0177612,414.7213135,1281.478638,768.286499,0.88178283,883.924204,DEM,4,4,4,2.0,1.0,1.0,6,5,8,9
2784,4_6 demolishers__f010338__t017.jpg,1251.171631,192.0965576,1418.611694,599.7515259,0.873638034,920.7420258,DEM,4,1,3,2.0,1.0,1.0,6,2,6,7
2785,4_6 demolishers__f010370__t019.jpg,191.3259888,194.256012,403.2779236,716.6257324,0.893213153,884.5296088,DEM,3,2,3,2.0,1.0,1.0,5,3,4,5
2787,4_6 demolishers__f010422__t002.jpg,1472.744507,236.3743439,1679.387329,651.9831543,0.903893411,887.4828619,DEM,3,4,3,2.0,1.0,1.0,5,5,6,7
2788,4_6 demolishers__f010442__t009.jpg,562.1412354,405.0177612,853.045105,750.597168,0.919823349,902.9591534,DEM,8,5,10,2.0,1.0,1.0,10,6,11,12
2789,4_6 demolishers__f010515__t001.jpg,1013.172058,437.5923462,1312.011841,770.5368652,0.896923602,900.62436,DEM,7,5,9,2.0,1.0,1.0,9,6,10,11
2790,4_6 demolishers__f010518__t017.jpg,1245.425659,202.1461792,1420.048218,527.7846069,0.877317309,847.6458752,DEM,4,4,4,2.0,1.0,1.0,6,5,8,9
2791,4_6 demolishers__f010550__t019.jpg,204.3368225,195.9963226,394.2639771,717.0686035,0.886344314,918.9607996,DEM,3,2,3,2.0,1.0,1.0,5,3,4,5
2793,4_6 demolishers__f010602__t002.jpg,1473.390381,236.462616,1673.50293,650.8536377,0.901367068,892.9514583,DEM,3,2,3,2.0,1.0,1.0,5,3,4,5
2794,4_6 demolishers__f010622__t009.jpg,554.5805664,404.0604858,847.5496216,749.2840576,0.906477273,829.5345457,DEM,8,5,10,2.0,1.0,1.0,10,6,11,12
2795,4_6 demolishers__f010695__t001.jpg,999.4057617,433.1682739,1292.564575,771.9501953,0.847806334,813.8652238,DEM,7,5,9,2.0,1.0,1.0,9,6,10,11
2796,4_6 demolishers__f010698__t017.jpg,1264.530518,199.7248688,1420.750366,609.5334473,0.885225296,871.4149902,DEM,4,2,4,2.0,1.0,1.0,6,3,6,7
2797,4_6 demolishers__f010730__t019.jpg,225.6245575,196.1986542,400.7462769,722.2147827,0.878311753,876.1433083,DEM,3,2,3,2.0,1.0,1.0,5,3,4,5
2799,4_6 demolishers__f010782__t002.jpg,1490.374634,227.4565735,1673.383423,667.7713013,0.8416664,794.8614549,DEM,4,5,5,2.0,1.0,1.0,6,6,8,9
2800,4_6 demolishers__f010802__t009.jpg,565.6132202,412.7607117,855.6067505,762.0455322,0.872105718,841.6226691,DEM,7,5,9,2.0,1.0,1.0,9,6,10,11
2801,4_6 demolishers__f010875__t001.jpg,1113.793335,406.3686523,1378.371826,788.968811,0.885576487,822.857975,DEM,6,4,7,2.0,1.0,1.0,8,5,10,11
2802,4_6 demolishers__f010878__t017.jpg,1284.633423,225.7151031,1456.142456,549.6452026,0.863384724,792.1795659,DEM,4,4,4,2.0,1.0,1.0,6,5,8,9
2803,4_6 demolishers__f010910__t019.jpg,288.3746643,220.808548,496.1209106,737.576416,0.886842549,786.2563291,DEM,4,2,4,2.0,1.0,1.0,6,3,6,7
2805,4_6 demolishers__f010962__t002.jpg,1509.035767,241.0417786,1698.416504,676.0820923,0.859451711,830.5829982,DEM,4,5,5,2.0,1.0,1.0,6,6,8,9
2806,4_6 demolishers__f010982__t009.jpg,583.5339355,420.5456848,873.4579468,765.8280029,0.909946561,768.5430476,DEM,7,5,9,2.0,1.0,1.0,9,6,10,11
2807,4_6 demolishers__f011055__t001.jpg,1057.401733,432.7271118,1284.242798,790.0270996,0.855502188,767.6457808,DEM,5,4,5,2.0,1.0,1.0,7,5,9,10
2808,4_6 demolishers__f011058__t017.jpg,1304.187744,237.5739441,1483.50293,627.6675415,0.881556511,824.7729591,DEM,4,4,4,2.0,1.0,1.0,6,5,8,9
2809,4_6 demolishers__f011090__t019.jpg,290.9739685,239.5681763,515.7270508,754.3484497,0.909778595,832.7571669,DEM,3,4,3,2.0,1.0,1.0,5,5,6,7
2811,4_6 demolishers__f011142__t002.jpg,1530.098389,253.182251,1716.297729,679.1821899,0.850000679,770.7971697,DEM,3,4,3,2.0,1.0,1.0,5,5,6,7
2812,4_6 demolishers__f011162__t009.jpg,590.3427124,415.774231,876.1213989,766.1519165,0.910676479,827.1374792,DEM,7,5,9,2.0,1.0,1.0,9,6,10,11
2813,4_6 demolishers__f011235__t001.jpg,1048.194946,474.7111816,1255.151245,796.5526123,0.815140903,830.2567412,DEM,8,5,10,2.0,1.0,1.0,10,6,11,12
2814,4_6 demolishers__f011238__t017.jpg,1307.876587,228.7918243,1481.01709,641.9382935,0.889084935,799.1571049,DEM,4,1,3,2.0,1.0,1.0,6,2,6,7
2815,4_6 demolishers__f011270__t019.jpg,320.8012085,219.10849,503.447113,741.8995972,0.879381657,782.3037864,DEM,3,2,3,2.0,1.0,1.0,5,3,4,5
2817,4_6 demolishers__f011322__t002.jpg,1538.695313,251.0090027,1715.605591,688.6854858,0.830853045,828.5094946,DEM,5,4,5,2.0,1.0,1.0,7,5,9,10
2818,4_6 demolishers__f011342__t009.jpg,590.515686,413.8762512,883.4524536,777.5435791,0.918391585,832.2866025,DEM,6,4,7,2.0,1.0,1.0,8,5,10,11
2819,4_6 demolishers__f011415__t001.jpg,1025.969482,489.3916321,1247.207764,805.5507813,0.795846939,784.7645505,DEM,8,5,10,2.0,1.0,1.0,10,6,11,12
2820,4_6 demolishers__f011418__t017.jpg,1314.039551,253.6710968,1496.730713,641.3960571,0.885436833,838.8157909,DEM,4,4,4,2.0,1.0,1.0,6,5,8,9
2821,4_6 demolishers__f011450__t019.jpg,315.3899231,237.147171,514.8328857,747.0898438,0.914032757,826.3986911,DEM,4,2,4,2.0,1.0,1.0,6,3,6,7
2823,4_6 demolishers__f011502__t002.jpg,1528.729126,271.8215332,1742.155396,708.9518433,0.871958256,802.4383646,DEM,4,4,4,2.0,1.0,1.0,6,5,8,9
2824,4_6 demolishers__f011522__t009.jpg,584.7780151,447.2228394,872.7213745,793.7736816,0.921310544,793.9496101,DEM,7,5,9,2.0,1.0,1.0,9,6,10,11
2825,4_6 demolishers__f011595__t001.jpg,1020.664429,505.0796509,1243.196167,817.6101074,0.812046051,833.6387509,DEM,8,5,10,2.0,1.0,1.0,10,6,11,12
2826,4_6 demolishers__f011598__t017.jpg,1306.931885,261.3945923,1454.922119,661.2866821,0.827321172,795.7267838,DEM,5,2,4,2.0,1.0,1.0,7,3,7,8
2827,4_6 demolishers__f011630__t019.jpg,301.5479736,256.286438,506.6056824,767.0844727,0.862405062,780.130737,DEM,4,2,4,2.0,1.0,1.0,6,3,6,7
2829,4_6 demolishers__f011682__t002.jpg,1525.317383,279.881073,1744.661133,711.0916138,0.886728466,807.9770076,DEM,4,4,4,2.0,1.0,1.0,6,5,8,9
2830,4_6 demolishers__f011702__t009.jpg,587.0419312,457.7298584,859.7094727,799.8300171,0.918726921,828.9492803,DEM,7,5,9,2.0,1.0,1.0,9,6,10,11
2831,4_6 demolishers__f011773__t025.jpg,1077.493774,259.1911011,1218.876465,534.7000732,0.462996304,773.7636752,DEM,3,4,3,2.0,1.0,1.0,5,5,6,7
2832,4_6 demolishers__f011775__t001.jpg,1051.050171,500.1228027,1253.713257,821.8469238,0.740728736,745.5287788,DEM,5,4,5,2.0,1.0,1.0,7,5,9,10
2833,4_6 demolishers__f011778__t017.jpg,1293.626953,272.1563721,1479.593506,662.4678345,0.892450988,792.9991157,DEM,4,5,5,2.0,1.0,1.0,6,6,8,9
2834,4_6 demolishers__f011805__t025.jpg,1075.484619,258.2024231,1214.854736,543.789978,0.684192538,760.8144293,DEM,3,4,3,2.0,1.0,1.0,5,5,6,7
2835,4_6 demolishers__f011810__t019.jpg,259.6522217,251.3724976,448.0267639,791.8225708,0.917809665,804.2803351,DEM,3,1,2,2.0,1.0,1.0,5,2,4,5
2837,4_6 demolishers__f011862__t002.jpg,1514.08374,286.7668152,1731.500244,713.9551392,0.888222694,750.6234219,DEM,5,4,5,2.0,1.0,1.0,7,5,9,10
2838,4_6 demolishers__f011882__t009.jpg,564.4779053,460.0958252,853.0662842,800.4966431,0.922803819,739.1253679,DEM,7,5,9,2.0,1.0,1.0,9,6,10,11
2840,4_6 demolishers__f011955__t001.jpg,985.6690063,411.9756775,1225.765015,810.1068726,0.876480758,777.2469501,DEM,4,4,4,2.0,1.0,1.0,6,5,8,9
2841,4_6 demolishers__f011958__t017.jpg,1250.822632,259.2441101,1435.484375,652.3677979,0.906073511,717.858688,DEM,5,4,5,2.0,1.0,1.0,7,5,9,10
2842,4_6 demolishers__f011990__t019.jpg,257.5501709,257.4461365,411.8579407,789.9432983,0.878495872,712.3731142,DEM,4,1,3,2.0,1.0,1.0,6,2,6,7
2843,4_6 demolishers__f012042__t002.jpg,1478.604492,279.6670227,1686.283936,698.3931274,0.891690791,730.8125265,DEM,4,4,4,2.0,1.0,1.0,6,5,8,9
2844,4_6 demolishers__f012062__t009.jpg,528.0259399,456.5845337,819.500061,799.9680786,0.916808605,731.1645588,DEM,7,5,9,2.0,1.0,1.0,9,6,10,11
2846,4_6 demolishers__f012135__t001.jpg,1000.854065,446.2592468,1296.582275,806.6766357,0.826939046,766.0311336,DEM,5,4,5,2.0,1.0,1.0,7,5,9,10
2847,4_6 demolishers__f012138__t017.jpg,1264.137451,257.7486572,1419.594727,590.4924927,0.856473505,776.1150206,DEM,4,4,4,2.0,1.0,1.0,6,5,8,9
2848,4_6 demolishers__f012170__t019.jpg,153.33255,221.0578003,354.6694641,782.8464966,0.859012127,773.2814496,DEM,4,1,3,2.0,1.0,1.0,6,2,6,7
2849,4_6 demolishers__f012222__t002.jpg,1472.26001,274.6942749,1665.509033,699.4061279,0.878888667,728.5702467,DEM,3,4,3,2.0,1.0,1.0,5,5,6,7
2850,4_6 demolishers__f012242__t009.jpg,517.3236084,462.3864136,810.1166382,800.741272,0.917951107,738.5647644,DEM,7,5,9,2.0,1.0,1.0,9,6,10,11
2852,4_6 demolishers__f012315__t001.jpg,998.9967041,474.5814514,1266.647949,814.494751,0.880951405,745.5936258,DEM,5,4,5,2.0,1.0,1.0,7,5,9,10
2853,4_6 demolishers__f012318__t017.jpg,1237.976196,263.3514099,1421.906494,657.4714355,0.848827362,776.9623188,DEM,5,4,5,2.0,1.0,1.0,7,5,9,10
2854,4_6 demolishers__f012350__t019.jpg,1.56024754,217.5108643,372.3111877,792.1687622,0.93703717,752.0173219,DEM,4,4,4,2.0,1.0,1.0,6,5,8,9
2855,4_6 demolishers__f012402__t002.jpg,1477.61084,266.0049744,1674.434814,706.7627563,0.888867795,830.1630002,DEM,4,2,4,2.0,1.0,1.0,6,3,6,7
2856,4_6 demolishers__f012422__t009.jpg,536.5809937,440.59729,824.4202881,791.0756226,0.913755298,830.2013518,DEM,7,5,9,2.0,1.0,1.0,9,6,10,11
2858,4_6 demolishers__f012495__t001.jpg,999.9923096,483.1009216,1291.326538,813.3300171,0.863414466,885.2585399,DEM,8,5,10,2.0,1.0,1.0,10,6,11,12
2859,4_6 demolishers__f012498__t017.jpg,1248.984375,247.1924133,1408.5271,656.3239746,0.832129061,851.5625991,DEM,4,4,4,2.0,1.0,1.0,6,5,8,9
2860,4_6 demolishers__f012530__t019.jpg,132.5428619,216.2919312,335.0778503,786.6257324,0.879639268,879.8993981,DEM,4,1,3,2.0,1.0,1.0,6,2,6,7
2861,4_6 demolishers__f012582__t002.jpg,1588.716309,197.1322174,1716.130859,604.0776367,0.854131281,833.2680111,DEM,5,2,4,2.0,1.0,1.0,7,3,7,8
2862,4_6 demolishers__f012602__t009.jpg,543.3356934,442.063446,822.4710693,798.7860107,0.932563782,848.6194157,DEM,7,5,9,2.0,1.0,1.0,9,6,10,11
2863,4_6 demolishers__f012604__t026.jpg,1016.136414,238.1835327,1159.247681,512.1472778,0.717933893,864.7099782,DEM,3,4,3,2.0,1.0,1.0,5,5,6,7
2864,4_6 demolishers__f012675__t001.jpg,1011.857178,481.5444946,1312.849243,806.5540161,0.89777267,805.9400496,DEM,8,7,10,2.0,1.0,1.0,10,8,12,13
2865,4_6 demolishers__f012678__t017.jpg,1251.500854,235.5803375,1423.733521,664.730896,0.839847684,853.6235924,DEM,4,2,4,2.0,1.0,1.0,6,3,6,7
2866,4_6 demolishers__f012710__t019.jpg,182.2197876,234.1498566,335.9860535,775.8305664,0.859244943,847.1498345,DEM,4,2,4,2.0,1.0,1.0,6,3,6,7
2867,4_6 demolishers__f012762__t002.jpg,1581.79248,196.6847687,1717.241333,604.715271,0.887506247,806.8455729,DEM,5,2,4,2.0,1.0,1.0,7,3,7,8
2868,4_6 demolishers__f012782__t009.jpg,556.1171265,446.3351746,827.9674072,797.359314,0.924051225,824.6096527,DEM,7,5,9,2.0,1.0,1.0,9,6,10,11
2869,4_6 demolishers__f012784__t026.jpg,1019.593079,240.7892609,1159.523682,518.2626343,0.765097439,833.8985677,DEM,3,4,3,2.0,1.0,1.0,5,5,6,7
2870,4_6 demolishers__f012855__t001.jpg,1000.32666,486.024231,1299.802368,810.0619507,0.876609266,805.8560166,DEM,8,7,10,2.0,1.0,1.0,10,8,12,13
2871,4_6 demolishers__f012858__t017.jpg,1257.063354,243.9395142,1413.080811,650.2132568,0.853310049,865.2586541,DEM,5,4,5,2.0,1.0,1.0,7,5,9,10
2872,4_6 demolishers__f012890__t019.jpg,149.4331055,210.8006439,318.4213562,772.0134888,0.872271478,818.8022944,DEM,3,1,2,2.0,1.0,1.0,5,2,4,5
2873,4_6 demolishers__f012942__t002.jpg,1356.237427,219.2482605,1640.984741,680.9138184,0.888446689,875.683424,DEM,5,4,5,2.0,1.0,1.0,7,5,9,10
2874,4_6 demolishers__f012962__t009.jpg,533.2952271,432.5228882,815.1748657,781.5835571,0.926407695,874.9860107,DEM,7,5,9,2.0,1.0,1.0,9,6,10,11
2875,4_6 demolishers__f012964__t026.jpg,1006.568115,223.2300262,1143.186401,507.942749,0.763974965,872.509191,DEM,4,4,4,2.0,1.0,1.0,6,5,8,9
2876,4_6 demolishers__f013035__t001.jpg,984.8403931,477.0485535,1261.496948,795.8963623,0.89674288,904.3768993,DEM,7,7,9,2.0,1.0,1.0,9,8,11,12
2877,4_6 demolishers__f013038__t017.jpg,1251.172241,239.0001373,1409.356567,642.5081787,0.781772196,870.0063392,DEM,3,2,3,2.0,1.0,1.0,5,3,4,5
2878,4_6 demolishers__f013070__t019.jpg,139.5360565,205.4608459,314.7922974,773.2341309,0.897822499,928.6242197,DEM,4,1,3,2.0,1.0,1.0,6,2,6,7
2880,4_6 demolishers__f013142__t009.jpg,534.6663208,440.6174316,812.7872925,782.710083,0.921715856,903.110801,DEM,7,5,9,2.0,1.0,1.0,9,6,10,11
2881,4_6 demolishers__f013144__t026.jpg,994.1862183,239.8659515,1131.578735,515.8580322,0.593807817,933.0211361,DEM,6,4,7,2.0,1.0,1.0,8,5,10,11
2883,4_6 demolishers__f013215__t001.jpg,968.8331909,483.7846375,1273.533813,803.1626587,0.872566581,920.8170581,DEM,8,5,10,2.0,1.0,1.0,10,6,11,12
2885,4_6 demolishers__f013250__t019.jpg,85.69272614,206.7999878,238.8036194,778.1425781,0.857672036,923.8214951,DEM,4,2,4,2.0,1.0,1.0,6,3,6,7
2886,4_6 demolishers__f013291__t028.jpg,1512.640991,253.573288,1649.099731,592.2097168,0.463833958,986.2468124,DEM,4,4,4,2.0,1.0,1.0,6,5,8,9
2887,4_6 demolishers__f013302__t002.jpg,1360.866943,253.6179199,1633.20105,678.7183228,0.875625491,985.5279773,DEM,4,4,4,2.0,1.0,1.0,6,5,8,9
2888,4_6 demolishers__f013322__t009.jpg,523.9442749,442.6191406,803.630188,792.4869385,0.927563608,978.9581256,DEM,5,4,5,2.0,1.0,1.0,7,5,9,10
2890,4_6 demolishers__f013395__t001.jpg,966.2998047,488.3857727,1271.739014,806.6932983,0.875869334,984.4306134,DEM,8,5,10,2.0,1.0,1.0,10,6,11,12
2891,4_6 demolishers__f013430__t019.jpg,0.071039736,213.7466583,223.9402466,771.3887939,0.947377801,992.3327582,DEM,5,2,4,2.0,1.0,1.0,7,3,7,8
2892,4_6 demolishers__f013482__t002.jpg,1406.258057,245.1582794,1589.410889,699.380127,0.851617098,928.6361112,DEM,2,2,2,2.0,1.0,1.0,4,3,4,5
2893,4_6 demolishers__f013502__t009.jpg,529.1394653,450.7830811,812.4981689,799.3725586,0.920524061,945.739288,DEM,7,5,9,2.0,1.0,1.0,9,6,10,11
2894,4_6 demolishers__f013504__t026.jpg,997.4133911,261.6388855,1130.253296,520.048645,0.792242467,955.7448649,DEM,5,4,5,2.0,1.0,1.0,7,5,9,10
2895,4_6 demolishers__f013575__t001.jpg,980.465332,485.4395752,1276.115723,809.3204956,0.907261014,925.3176364,DEM,8,7,10,2.0,1.0,1.0,10,8,12,13
2896,4_6 demolishers__f013610__t019.jpg,1.457781792,220.4846191,233.3531799,779.9614868,0.926864564,920.6081046,DEM,6,1,6,2.0,1.0,1.0,8,2,8,9
2897,4_6 demolishers__f013662__t002.jpg,1420.480835,250.3810883,1645.466675,701.9020386,0.846117258,978.0724971,DEM,4,2,4,2.0,1.0,1.0,6,3,6,7
2898,4_6 demolishers__f013682__t009.jpg,515.6444092,443.6636353,810.118042,800.6234131,0.928056479,976.1737685,DEM,6,4,7,2.0,1.0,1.0,8,5,10,11
2900,4_6 demolishers__f013755__t001.jpg,997.6560669,494.821228,1261.63147,818.3711548,0.84104389,978.0933443,DEM,8,5,10,2.0,1.0,1.0,10,6,11,12
2901,4_6 demolishers__f013790__t019.jpg,0.0,234.1523895,228.6972198,800.3391113,0.902361631,966.604981,DEM,5,1,4,2.0,1.0,1.0,7,2,7,8
2902,4_6 demolishers__f013842__t002.jpg,1442.657593,246.7147369,1654.508667,717.4786377,0.849584281,957.0726954,DEM,4,2,4,2.0,1.0,1.0,6,3,6,7
2903,4_6 demolishers__f013862__t009.jpg,530.7537842,460.9923096,817.2265625,807.8530884,0.915668726,898.7604468,DEM,8,5,10,2.0,1.0,1.0,10,6,11,12
2905,4_6 demolishers__f013935__t001.jpg,994.2392578,500.22995,1268.040283,822.0870972,0.846683323,917.6229288,DEM,8,5,10,2.0,1.0,1.0,10,6,11,12
2906,4_6 demolishers__f013970__t019.jpg,0.451402724,237.7814941,237.9303741,807.0504761,0.909598053,880.6284017,DEM,5,2,4,2.0,1.0,1.0,7,3,7,8
2907,4_6 demolishers__f014022__t002.jpg,1445.590698,258.0069885,1628.630249,720.7432251,0.808729112,916.188706,DEM,4,2,4,2.0,1.0,1.0,6,3,6,7
2908,4_6 demolishers__f014042__t009.jpg,546.5327759,476.6039124,838.6426392,812.8210449,0.911617458,959.3420333,DEM,8,5,10,2.0,1.0,1.0,10,6,11,12
2910,4_6 demolishers__f014115__t001.jpg,1022.083923,509.933136,1315.706543,831.8215942,0.822442055,959.9480986,DEM,8,7,10,2.0,1.0,1.0,10,8,12,13
2911,4_6 demolishers__f014150__t019.jpg,9.208045959,243.4179993,281.8955688,811.0633545,0.897993088,996.4496614,DEM,5,2,4,2.0,1.0,1.0,7,3,7,8
2913,4_6 demolishers__f014222__t009.jpg,561.7598267,481.6034546,851.0648193,817.9760742,0.881326616,928.8420785,DEM,8,5,10,2.0,1.0,1.0,10,6,11,12
2914,4_6 demolishers__f014224__t026.jpg,1044.999146,256.1214905,1195.054443,537.3220215,0.860226214,964.5326505,DEM,3,2,3,2.0,1.0,1.0,5,3,4,5
2915,4_6 demolishers__f014243__t031.jpg,1562.62146,263.1161499,1710.134155,630.5488892,0.509794652,987.6734837,DEM,4,4,4,2.0,1.0,1.0,6,5,8,9
2916,4_6 demolishers__f014295__t001.jpg,1020.872375,520.9393311,1321.531616,836.5841064,0.820180118,952.4880899,DEM,8,5,10,2.0,1.0,1.0,10,6,11,12
2917,4_6 demolishers__f014330__t019.jpg,3.493910313,246.8829041,261.1277161,811.9351196,0.843956947,986.1247746,DEM,5,1,4,2.0,1.0,1.0,7,2,7,8
2918,4_6 demolishers__f014382__t002.jpg,1444.908081,283.9376831,1580.107544,728.0452271,0.821879864,963.0395488,DEM,5,2,4,2.0,1.0,1.0,7,3,7,8
2919,4_6 demolishers__f014402__t009.jpg,558.6345215,488.0968628,843.6692505,823.6334839,0.899989128,992.5020319,DEM,7,5,9,2.0,1.0,1.0,9,6,10,11
2920,4_6 demolishers__f014404__t026.jpg,1042.955078,269.5879211,1186.83606,538.5774536,0.781852126,991.2093223,DEM,4,4,4,2.0,1.0,1.0,6,5,8,9
2921,4_6 demolishers__f014423__t031.jpg,1532.755859,192.3126831,1696.2771,599.2026367,0.848351896,934.4445432,DEM,4,1,3,2.0,1.0,1.0,6,2,6,7
2922,4_6 demolishers__f014475__t001.jpg,1005.487244,508.1097412,1268.922363,842.8010864,0.866996229,1027.722109,DEM,5,5,6,2.0,1.0,1.0,7,6,9,10
2923,4_6 demolishers__f014510__t019.jpg,1.719304681,252.8215179,251.8976898,816.6014404,0.917330265,947.7389366,DEM,5,2,4,2.0,1.0,1.0,7,3,7,8
2924,4_6 demolishers__f014562__t002.jpg,1417.415649,299.3510742,1593.765991,737.6557007,0.862332642,950.4756936,DEM,3,2,3,2.0,1.0,1.0,5,3,4,5
2925,4_6 demolishers__f014582__t009.jpg,522.3360596,385.1426392,781.690979,817.6413574,0.901132166,967.0135676,DEM,6,4,7,2.0,1.0,1.0,8,5,10,11
2926,4_6 demolishers__f014584__t026.jpg,964.1983032,281.4960632,1100.063843,544.1612549,0.863261938,952.3245053,DEM,4,4,4,2.0,1.0,1.0,6,5,8,9
2927,4_6 demolishers__f014603__t031.jpg,1198.188477,214.017395,1325.432373,599.0686646,0.816478908,933.0965087,DEM,3,2,3,2.0,1.0,1.0,5,3,4,5
2929,4_6 demolishers__f014655__t001.jpg,752.1933594,496.7290955,1027.202515,810.0952148,0.878792048,847.4177835,DEM,7,5,9,2.0,1.0,1.0,9,6,10,11
2930,4_6 demolishers__f014742__t002.jpg,1174.089355,256.1271057,1349.519897,685.4604492,0.872982919,812.1639564,DEM,3,4,3,2.0,1.0,1.0,5,5,6,7
2931,4_6 demolishers__f014762__t009.jpg,197.4623871,392.9877014,492.1952209,792.1217041,0.915364921,850.3021039,DEM,5,3,4,2.0,1.0,1.0,7,4,8,9
2932,4_6 demolishers__f014764__t026.jpg,720.458313,243.4315643,861.6726074,491.683197,0.590763748,864.9150138,DEM,5,4,5,2.0,1.0,1.0,7,5,9,10
2933,4_6 demolishers__f014783__t031.jpg,946.192627,216.098053,1117.550049,629.4234009,0.862446547,829.9404856,DEM,4,4,4,2.0,1.0,1.0,6,5,8,9
2934,4_6 demolishers__f014835__t001.jpg,690.7823486,398.6648254,966.0394897,790.2221069,0.871192217,840.835375,DEM,6,5,8,2.0,1.0,1.0,8,6,10,11
2935,4_6 demolishers__f014922__t002.jpg,1151.757935,257.2494812,1316.597168,672.559021,0.871688128,855.9676421,DEM,4,2,4,2.0,1.0,1.0,6,3,6,7
2936,4_6 demolishers__f014942__t009.jpg,160.938736,432.0364075,484.0196228,795.2647095,0.924737155,793.5233347,DEM,7,5,9,2.0,1.0,1.0,9,6,10,11
2938,4_6 demolishers__f014963__t031.jpg,966.5604858,231.9987183,1143.375366,627.4991455,0.818578124,822.1551736,DEM,5,4,5,2.0,1.0,1.0,7,5,9,10
2939,4_6 demolishers__f015015__t001.jpg,898.1151123,469.5626526,1072.146362,822.9918213,0.801190197,860.7588782,DEM,5,4,5,2.0,1.0,1.0,7,5,9,10
2940,4_6 demolishers__f015102__t002.jpg,1273.900757,328.0916138,1436.260132,729.979187,0.842208385,860.8707496,DEM,4,2,4,2.0,1.0,1.0,6,3,6,7
2941,4_6 demolishers__f015122__t009.jpg,372.4535522,488.8103027,671.6846313,863.4197998,0.900219083,816.588019,DEM,8,5,10,2.0,1.0,1.0,10,6,11,12
2942,4_6 demolishers__f015124__t026.jpg,790.5532227,260.3450928,944.394043,595.7658081,0.851421237,756.7425538,DEM,6,4,7,2.0,1.0,1.0,8,5,10,11
2944,4_6 demolishers__f015195__t001.jpg,685.1934204,488.2904358,879.1947632,795.9541016,0.815963507,640.0524729,DEM,7,5,9,2.0,1.0,1.0,9,6,10,11
2945,4_6 demolishers__f015282__t002.jpg,1065.438232,257.3953247,1228.877686,664.0652466,0.831214547,685.2403433,DEM,5,2,4,2.0,1.0,1.0,7,3,7,8
2946,4_6 demolishers__f015302__t009.jpg,127.7398834,467.3894043,438.9372559,822.2124023,0.921660066,680.4579961,DEM,6,5,8,2.0,1.0,1.0,8,6,10,11
2947,4_6 demolishers__f015304__t026.jpg,582.2439575,250.1695862,777.6949463,577.2581177,0.899962425,676.8569991,DEM,4,4,4,2.0,1.0,1.0,6,5,8,9
2949,4_6 demolishers__f015375__t001.jpg,707.0863037,526.2755127,929.5270996,829.2479858,0.851315618,705.9007427,DEM,8,5,10,2.0,1.0,1.0,10,6,11,12
2950,4_6 demolishers__f015462__t002.jpg,1112.221069,363.2713623,1270.441895,772.8378906,0.85344708,734.2307671,DEM,4,2,4,2.0,1.0,1.0,6,3,6,7
2951,4_6 demolishers__f015482__t009.jpg,214.2648773,481.2650757,515.3946533,888.0665894,0.91787082,792.1404528,DEM,6,4,7,2.0,1.0,1.0,8,5,10,11
2952,4_6 demolishers__f015484__t026.jpg,697.0161743,312.8898926,880.6707153,633.8511963,0.883459151,804.0244949,DEM,2,4,3,2.0,1.0,1.0,4,5,5,6
2953,4_6 demolishers__f015503__t031.jpg,974.0164795,308.141571,1127.891357,637.8554077,0.835238218,768.6444865,DEM,4,4,4,2.0,1.0,1.0,6,5,8,9
2954,4_6 demolishers__f015555__t001.jpg,779.3517456,797.0216064,1063.817261,1077.890625,0.869459093,684.1855985,DEM,8,5,10,2.0,1.0,1.0,10,6,11,12
2955,4_6 demolishers__f015642__t002.jpg,1167.098389,476.3493042,1308.231323,888.0406494,0.840196609,749.9182594,DEM,4,2,4,2.0,1.0,1.0,6,3,6,7
2956,4_6 demolishers__f015662__t009.jpg,129.0998688,639.9749756,449.5537109,1059.92041,0.912272573,729.9364978,DEM,5,4,5,2.0,1.0,1.0,7,5,9,10
2957,4_6 demolishers__f015664__t026.jpg,703.6574097,405.1046448,889.8973999,704.2265015,0.889455974,724.4066079,DEM,4,4,4,2.0,1.0,1.0,6,5,8,9
2958,4_6 demolishers__f015683__t031.jpg,924.2370605,386.4755859,1097.717407,717.62146,0.877075076,724.8920223,DEM,4,4,4,2.0,1.0,1.0,6,5,8,9
2959,4_6 demolishers__f015735__t001.jpg,782.3040771,683.46698,992.0112915,1018.457764,0.805768967,743.8127348,DEM,7,5,9,2.0,1.0,1.0,9,6,10,11
2960,4_6 demolishers__f015822__t002.jpg,1130.245117,383.2729797,1271.398438,815.9495239,0.797361553,743.5696792,DEM,4,2,4,2.0,1.0,1.0,6,3,6,7
2961,4_6 demolishers__f015842__t009.jpg,94.95410156,623.6427002,417.6720886,995.545105,0.911361098,745.2112489,DEM,7,5,9,2.0,1.0,1.0,9,6,10,11
2962,4_6 demolishers__f015844__t026.jpg,679.5855713,368.9873047,859.8685303,654.0359497,0.874830604,750.8893566,DEM,6,4,7,2.0,1.0,1.0,8,5,10,11
2964,4_6 demolishers__f015915__t001.jpg,773.5001831,660.819458,978.8773804,984.7359009,0.800422728,726.1656982,DEM,8,5,10,2.0,1.0,1.0,10,6,11,12
2965,4_6 demolishers__f016002__t002.jpg,1116.564331,395.152832,1289.389038,824.5072021,0.861089408,696.9653563,DEM,4,4,4,2.0,1.0,1.0,6,5,8,9
2966,4_6 demolishers__f016022__t009.jpg,82.39242554,632.9559937,409.4809265,1008.003052,0.898717642,719.5202504,DEM,6,5,8,2.0,1.0,1.0,8,6,10,11
2967,4_6 demolishers__f016024__t026.jpg,668.6953735,384.7871094,858.8665161,672.8945313,0.872936845,687.1881997,DEM,5,4,5,2.0,1.0,1.0,7,5,9,10
2968,4_6 demolishers__f016043__t031.jpg,910.0501709,372.0663147,1047.927612,683.2306519,0.811567366,740.1053844,DEM,5,4,5,2.0,1.0,1.0,7,5,9,10
2969,4_6 demolishers__f016095__t001.jpg,744.4862671,657.1239014,961.1049805,992.6645508,0.478846431,705.0311519,DEM,8,5,10,2.0,1.0,1.0,10,6,11,12
2970,4_6 demolishers__f016182__t002.jpg,1097.041626,399.3001099,1290.860962,828.5772705,0.842150509,721.5522424,DEM,4,4,4,2.0,1.0,1.0,6,5,8,9
2971,4_6 demolishers__f016202__t009.jpg,67.6086731,643.1038818,397.0513,1016.163391,0.900030255,719.9015423,DEM,8,5,10,2.0,1.0,1.0,10,6,11,12
2972,4_6 demolishers__f016204__t026.jpg,657.1593628,396.1950073,839.3457642,688.3967285,0.879096448,718.9699959,DEM,4,4,4,2.0,1.0,1.0,6,5,8,9
2973,4_6 demolishers__f016223__t031.jpg,863.1764526,383.1480713,1065.528442,696.3688965,0.853908718,702.1941638,DEM,5,1,4,2.0,1.0,1.0,7,2,7,8
2975,4_6 demolishers__f016362__t002.jpg,1220.126221,406.9876099,1425.74585,850.7542725,0.869855225,812.8925393,DEM,3,5,4,2.0,1.0,1.0,5,6,7,8
2976,4_6 demolishers__f016382__t009.jpg,197.592804,623.1712646,498.9083557,987.5250244,0.909407854,799.4077488,DEM,7,5,9,2.0,1.0,1.0,9,6,10,11
2977,4_6 demolishers__f016384__t026.jpg,789.7158813,401.4332275,969.7059326,685.5351563,0.876222014,789.6093501,DEM,5,4,5,2.0,1.0,1.0,7,5,9,10
2978,4_6 demolishers__f016403__t031.jpg,1019.97522,398.7278442,1178.236816,775.0562744,0.824191451,825.0709307,DEM,4,4,4,2.0,1.0,1.0,6,5,8,9
2979,4_6 demolishers__f016455__t001.jpg,901.9884033,684.0991821,1073.037231,1015.542542,0.450290799,844.9118171,DEM,4,4,4,2.0,1.0,1.0,6,5,8,9
2980,4_6 demolishers__f016542__t002.jpg,1247.163574,440.1762695,1467.456299,876.4997559,0.889958978,827.0074561,DEM,4,4,4,2.0,1.0,1.0,6,5,8,9
2981,4_6 demolishers__f016562__t009.jpg,196.4141388,626.9164429,496.6121826,986.2556763,0.918021798,866.4899028,DEM,7,5,9,2.0,1.0,1.0,9,6,10,11
2982,4_6 demolishers__f016564__t026.jpg,817.2666016,401.3650513,999.9174194,686.2611694,0.812860548,859.2239376,DEM,5,4,5,2.0,1.0,1.0,7,5,9,10
2983,4_6 demolishers__f016583__t031.jpg,1026.588257,386.8682556,1201.484741,793.1813965,0.85926646,893.3606064,DEM,5,2,4,2.0,1.0,1.0,7,3,7,8
2984,4_6 demolishers__f016635__t001.jpg,847.4293823,674.5022583,1029.231445,1001.436157,0.781539261,841.3068647,DEM,5,4,5,2.0,1.0,1.0,7,5,9,10
2985,4_6 demolishers__f016722__t002.jpg,1222.615112,419.9647827,1450.632324,849.7817993,0.878450453,862.7688536,DEM,4,4,4,2.0,1.0,1.0,6,5,8,9
2986,4_6 demolishers__f016742__t009.jpg,176.6046448,624.6849365,474.8488159,978.1948853,0.91791141,884.188165,DEM,6,5,8,2.0,1.0,1.0,8,6,10,11
2987,4_6 demolishers__f016744__t026.jpg,799.2756958,375.7261963,996.1611938,680.7312012,0.879927099,883.1773836,DEM,5,4,5,2.0,1.0,1.0,7,5,9,10
2988,4_6 demolishers__f016763__t031.jpg,1014.062134,390.7848511,1201.539673,777.1708374,0.820980728,823.5947712,DEM,5,4,5,2.0,1.0,1.0,7,5,9,10
2989,4_6 demolishers__f016815__t001.jpg,835.2801514,664.3405151,1013.565918,959.9650269,0.728213429,875.2041135,DEM,4,4,4,2.0,1.0,1.0,6,5,8,9
2990,4_6 demolishers__f016902__t002.jpg,1207.241699,407.1789551,1366.6521,850.4486084,0.857400358,832.87209,DEM,4,4,4,2.0,1.0,1.0,6,5,8,9
2991,4_6 demolishers__f016922__t009.jpg,158.4260101,603.8557129,462.1381531,972.2706299,0.916182578,835.6211443,DEM,8,5,10,2.0,1.0,1.0,10,6,11,12
2993,4_6 demolishers__f016943__t031.jpg,1005.498352,393.3291321,1173.869507,729.9638062,0.800546467,858.0128098,DEM,5,4,5,2.0,1.0,1.0,7,5,9,10
2994,4_6 demolishers__f016995__t001.jpg,787.2943726,653.4187622,1103.252808,1008.727478,0.788094461,823.0986871,DEM,8,5,10,2.0,1.0,1.0,10,6,11,12
2995,4_6 demolishers__f017082__t002.jpg,1140.19873,412.3391724,1340.471558,830.4967651,0.880210519,746.4723131,DEM,4,4,4,2.0,1.0,1.0,6,5,8,9
2996,4_6 demolishers__f017102__t009.jpg,186.2681274,534.5831909,466.8214417,964.6014404,0.916726649,779.5007672,DEM,6,4,7,2.0,1.0,1.0,8,5,10,11
2997,4_6 demolishers__f017104__t026.jpg,781.1820068,382.4888916,966.5273438,672.9858398,0.857901394,790.2496655,DEM,4,4,4,2.0,1.0,1.0,6,5,8,9
2998,4_6 demolishers__f017123__t031.jpg,1039.352417,381.7154541,1206.275024,684.3592529,0.820999563,834.2452714,DEM,5,2,4,2.0,1.0,1.0,7,3,7,8
2999,4_6 demolishers__f017175__t001.jpg,857.3521118,595.8225708,1175.972046,940.5561523,0.856395781,924.2053599,DEM,7,5,9,2.0,1.0,1.0,9,6,10,11
3000,4_6 demolishers__f017262__t002.jpg,1284.75,379.5702515,1522.371826,801.3457642,0.877883971,958.0265519,DEM,4,4,4,2.0,1.0,1.0,6,5,8,9
3001,4_6 demolishers__f017282__t009.jpg,238.1523132,558.1390991,521.3040771,917.84729,0.902043819,943.1353539,DEM,8,5,10,2.0,1.0,1.0,10,6,11,12
3002,4_6 demolishers__f017284__t026.jpg,912.0822754,370.2463684,1090.404297,638.50177,0.846085072,952.8243533,DEM,5,4,5,2.0,1.0,1.0,7,5,9,10
3003,4_6 demolishers__f017303__t031.jpg,1131.658691,375.9371948,1315.223633,703.3197021,0.850354731,877.4098354,DEM,4,2,4,2.0,1.0,1.0,6,3,6,7
3005,4_6 demolishers__f017442__t002.jpg,1299.191162,459.0020447,1475.18335,881.1761475,0.829811037,903.5584408,DEM,5,4,5,2.0,1.0,1.0,7,5,9,10
3006,4_6 demolishers__f017462__t009.jpg,187.3234711,617.7971802,484.5861511,983.994873,0.92534411,949.211625,DEM,8,5,10,2.0,1.0,1.0,10,6,11,12
3007,4_6 demolishers__f017464__t026.jpg,878.2661743,379.5835571,1065.639771,714.1585693,0.845337331,953.9683261,DEM,4,4,4,2.0,1.0,1.0,6,5,8,9
3009,4_6 demolishers__f017535__t001.jpg,870.7702026,667.8179321,1174.509521,1009.61969,0.888737738,929.1102019,DEM,8,5,10,2.0,1.0,1.0,10,6,11,12
3010,4_6 demolishers__f017622__t002.jpg,1169.227417,508.4068298,1364.279541,945.4326172,0.872244775,775.5699417,DEM,5,2,4,2.0,1.0,1.0,7,3,7,8
3011,4_6 demolishers__f017642__t009.jpg,34.65748596,573.8416748,336.3309631,949.5858154,0.907291949,813.2335113,DEM,7,5,9,2.0,1.0,1.0,9,6,10,11
3012,4_6 demolishers__f017644__t026.jpg,782.0003052,333.4708252,958.8075562,644.9606934,0.737464726,812.3861044,DEM,4,4,4,2.0,1.0,1.0,6,5,8,9
3014,4_6 demolishers__f017715__t001.jpg,765.430481,647.9772339,1066.921875,999.7105713,0.901330769,878.2663173,DEM,8,5,10,2.0,1.0,1.0,10,6,11,12
3015,4_6 demolishers__f017802__t002.jpg,1331.424805,380.6867981,1514.853149,817.2644653,0.872557759,973.5826734,DEM,4,2,4,2.0,1.0,1.0,6,3,6,7
3016,4_6 demolishers__f017822__t009.jpg,202.5800781,550.4293213,491.739624,910.0874023,0.917010069,938.9783151,DEM,7,5,9,2.0,1.0,1.0,9,6,10,11
3017,4_6 demolishers__f017824__t026.jpg,943.4759521,301.5420532,1117.74231,617.6292725,0.819902599,972.6175135,DEM,4,2,4,2.0,1.0,1.0,6,3,6,7
3018,4_6 demolishers__f017843__t031.jpg,1153.969116,365.8679504,1353.790527,671.3043823,0.856927216,999.2008965,DEM,4,2,4,2.0,1.0,1.0,6,3,6,7
3019,4_6 demolishers__f017895__t001.jpg,858.0603638,580.5640869,1157.213501,935.6276855,0.865120649,962.4424285,DEM,7,5,9,2.0,1.0,1.0,9,6,10,11
3020,4_6 demolishers__f017982__t002.jpg,1312.319336,280.4546509,1525.317383,730.8804932,0.895455003,939.2237318,DEM,5,4,5,2.0,1.0,1.0,7,5,9,10
3021,4_6 demolishers__f018002__t009.jpg,150.276535,451.0934448,452.6538086,808.5925903,0.914016366,861.3344409,DEM,8,5,10,2.0,1.0,1.0,10,6,11,12
3023,4_6 demolishers__f018023__t031.jpg,1123.396484,249.7306519,1292.201294,647.8125,0.767756462,940.2552877,DEM,4,4,4,2.0,1.0,1.0,6,5,8,9
3024,4_6 demolishers__f018075__t001.jpg,847.3048096,503.8252563,1143.753784,852.7198486,0.874611139,877.532726,DEM,8,5,10,2.0,1.0,1.0,10,6,11,12
3025,4_6 demolishers__f018162__t002.jpg,1297.490845,276.5430298,1511.411621,726.5723267,0.859359682,886.6774666,DEM,4,4,4,2.0,1.0,1.0,6,5,8,9
3026,4_6 demolishers__f018182__t009.jpg,151.2022858,450.3963928,440.0966187,805.9924927,0.919681668,926.9104257,DEM,7,5,9,2.0,1.0,1.0,9,6,10,11
3027,4_6 demolishers__f018184__t026.jpg,901.6644897,257.6381531,1076.072266,529.0811768,0.848703742,917.4009205,DEM,3,4,3,2.0,1.0,1.0,5,5,6,7
3028,4_6 demolishers__f018203__t031.jpg,1111.368896,248.2637482,1290.683838,613.3546753,0.813297033,892.0410791,DEM,4,2,4,2.0,1.0,1.0,6,3,6,7
3029,4_6 demolishers__f018255__t001.jpg,839.6486206,503.9688721,1136.27417,853.7620239,0.89357549,903.6889857,DEM,7,5,9,2.0,1.0,1.0,9,6,10,11
3030,4_6 demolishers__f018342__t002.jpg,1294.171753,314.6947937,1543.562988,726.0265503,0.919694006,913.6656607,DEM,4,4,4,2.0,1.0,1.0,6,5,8,9
3031,4_6 demolishers__f018362__t009.jpg,129.4890747,438.7709656,429.2772217,804.2696533,0.928370476,923.8030632,DEM,8,5,10,2.0,1.0,1.0,10,6,11,12
3032,4_6 demolishers__f018364__t026.jpg,889.4450684,259.8385925,1068.498779,532.7519531,0.799108028,836.369342,DEM,5,4,5,2.0,1.0,1.0,7,5,9,10
3033,4_6 demolishers__f018383__t031.jpg,1111.741577,239.9401855,1291.113892,643.8425903,0.7726807,885.3061521,DEM,4,2,4,2.0,1.0,1.0,6,3,6,7
3034,4_6 demolishers__f018435__t001.jpg,828.5767822,497.0821838,1121.443848,848.6447754,0.892666042,839.8716289,DEM,6,5,8,2.0,1.0,1.0,8,6,10,11
3035,4_6 demolishers__f018522__t002.jpg,1276.22998,270.046051,1493.286377,726.9502563,0.901759446,894.2325275,DEM,4,2,4,2.0,1.0,1.0,6,3,6,7
3036,4_6 demolishers__f018542__t009.jpg,102.5228653,419.099884,415.2104187,802.7650757,0.911306858,864.1406011,DEM,8,5,10,2.0,1.0,1.0,10,6,11,12
3038,4_6 demolishers__f018563__t031.jpg,1081.775513,233.9421387,1263.593384,584.3380127,0.82321161,870.2396192,DEM,5,4,5,2.0,1.0,1.0,7,5,9,10
3039,4_6 demolishers__f018615__t001.jpg,803.1739502,499.8179321,1120.336426,844.9710693,0.895079792,899.4179661,DEM,8,5,10,2.0,1.0,1.0,10,6,11,12
3040,4_6 demolishers__f018702__t002.jpg,1265.01001,266.0241699,1489.235107,720.9122314,0.893989563,931.472066,DEM,4,2,4,2.0,1.0,1.0,6,3,6,7
3041,4_6 demolishers__f018722__t009.jpg,102.6841507,429.3144531,402.1562805,799.5402222,0.904028296,924.0563873,DEM,8,5,10,2.0,1.0,1.0,10,6,11,12
3043,4_6 demolishers__f018743__t031.jpg,1092.863403,226.9842377,1258.747681,582.0377197,0.794649661,904.1740556,DEM,4,4,4,2.0,1.0,1.0,6,5,8,9
3044,4_6 demolishers__f018795__t001.jpg,811.2192993,500.1831055,1109.387207,845.9160156,0.902435184,846.5033395,DEM,8,5,10,2.0,1.0,1.0,10,6,11,12
3045,4_6 demolishers__f018882__t002.jpg,1251.901245,263.6212158,1457.856689,715.4735107,0.889525115,862.5255184,DEM,4,4,4,2.0,1.0,1.0,6,5,8,9
3046,4_6 demolishers__f018902__t009.jpg,116.5293045,420.8514404,406.0359802,792.5280151,0.924367785,865.8727598,DEM,6,5,8,2.0,1.0,1.0,8,6,10,11
3048,4_6 demolishers__f018923__t031.jpg,1079.026123,231.8658142,1259.753296,573.4574585,0.827452958,864.5813536,DEM,5,4,5,2.0,1.0,1.0,7,5,9,10
3049,4_6 demolishers__f018975__t001.jpg,804.2674561,493.5483398,1107.993896,836.5445557,0.881316483,907.6784913,DEM,7,5,9,2.0,1.0,1.0,9,6,10,11
3050,4_6 demolishers__f019062__t002.jpg,1258.104126,258.5718994,1475.27124,709.9320068,0.878204465,901.0472974,DEM,4,2,4,2.0,1.0,1.0,6,3,6,7
3051,4_6 demolishers__f019082__t009.jpg,112.2432556,415.0379333,402.4169922,783.3170776,0.918890059,900.8739497,DEM,7,5,9,2.0,1.0,1.0,9,6,10,11
3053,4_6 demolishers__f019103__t031.jpg,1079.609375,227.2187347,1254.025757,575.1392212,0.728826523,906.5890605,DEM,4,4,4,2.0,1.0,1.0,6,5,8,9
3054,4_6 demolishers__f019155__t001.jpg,802.1374512,478.8323364,1109.482666,823.5858765,0.901362836,901.4013479,DEM,6,5,8,2.0,1.0,1.0,8,6,10,11
3055,4_6 demolishers__f019242__t002.jpg,1245.792358,274.9542542,1476.011353,699.1104736,0.879434288,856.3475836,DEM,6,4,7,2.0,1.0,1.0,8,5,10,11
3056,4_6 demolishers__f019262__t009.jpg,81.75672913,413.7537231,389.9954529,778.8386841,0.904100597,834.257132,DEM,7,5,9,2.0,1.0,1.0,9,6,10,11
3058,4_6 demolishers__f019283__t031.jpg,1071.389282,230.604187,1240.750854,558.6605225,0.829874098,831.0873831,DEM,4,4,4,2.0,1.0,1.0,6,5,8,9
3059,4_6 demolishers__f019335__t001.jpg,776.4093628,482.7445068,1084.20752,822.3196411,0.872442484,836.0839943,DEM,8,5,10,2.0,1.0,1.0,10,6,11,12
3060,4_6 demolishers__f019422__t002.jpg,1245.030884,253.7429199,1464.389893,695.4046021,0.882085383,872.1845402,DEM,4,2,4,2.0,1.0,1.0,6,3,6,7
3061,4_6 demolishers__f019442__t009.jpg,117.9137192,413.0233459,401.7695007,776.6465454,0.917864323,876.5063373,DEM,7,5,9,2.0,1.0,1.0,9,6,10,11
3063,4_6 demolishers__f019463__t031.jpg,1056.554321,227.0519714,1259.316895,634.2427979,0.818664968,896.7771113,DEM,3,4,3,2.0,1.0,1.0,5,5,6,7
3064,4_6 demolishers__f019515__t001.jpg,804.4326172,475.3151855,1110.400146,817.1851807,0.883991778,896.8550728,DEM,8,7,10,2.0,1.0,1.0,10,8,12,13
3065,4_6 demolishers__f019602__t002.jpg,1274.783691,243.615921,1491.147339,700.1685181,0.873251617,858.889969,DEM,3,2,3,2.0,1.0,1.0,5,3,4,5
3066,4_6 demolishers__f019622__t009.jpg,126.2658691,416.2073975,418.897522,776.3318481,0.918442845,851.3436052,DEM,7,5,9,2.0,1.0,1.0,9,6,10,11
3067,4_6 demolishers__f019624__t026.jpg,880.2036133,194.5719147,1081.91333,523.9516602,0.868953288,863.5064542,DEM,4,4,4,2.0,1.0,1.0,6,5,8,9
3068,4_6 demolishers__f019643__t031.jpg,1067.088379,224.5027161,1272.175537,566.1127319,0.827722132,910.5128601,DEM,4,4,4,2.0,1.0,1.0,6,5,8,9
3069,4_6 demolishers__f019695__t001.jpg,808.8511963,479.3006592,1124.495483,821.7991333,0.865219295,859.1206466,DEM,8,7,10,2.0,1.0,1.0,10,8,12,13
3070,4_6 demolishers__f019782__t002.jpg,1323.977173,238.6992035,1510.239136,703.8106079,0.85933882,906.3612586,DEM,4,4,4,2.0,1.0,1.0,6,5,8,9
3071,4_6 demolishers__f019802__t009.jpg,118.0144958,418.9650269,414.3815002,776.4746094,0.917207599,901.1178538,DEM,7,5,9,2.0,1.0,1.0,9,6,10,11
3072,4_6 demolishers__f019804__t026.jpg,894.9115601,222.8352966,1058.787231,490.3609924,0.876153648,899.4109269,DEM,3,4,3,2.0,1.0,1.0,5,5,6,7
3073,4_6 demolishers__f019823__t031.jpg,1093.645752,222.3985596,1262.53833,556.223999,0.818656206,860.2342875,DEM,4,4,4,2.0,1.0,1.0,6,5,8,9
3074,4_6 demolishers__f019875__t001.jpg,841.0377197,485.0563965,1144.247925,825.3448486,0.855071664,909.0055241,DEM,7,5,9,2.0,1.0,1.0,9,6,10,11
3075,4_6 demolishers__f019962__t002.jpg,1359.807007,251.3886108,1554.533569,709.8618774,0.893364787,922.0689017,DEM,4,4,4,2.0,1.0,1.0,6,5,8,9
3076,4_6 demolishers__f019982__t009.jpg,148.3591766,429.5307617,431.6456299,779.4944458,0.921250105,931.1707232,DEM,6,5,8,2.0,1.0,1.0,8,6,10,11
3077,4_6 demolishers__f019984__t026.jpg,902.7370605,226.4441833,1086.824341,511.9316101,0.856422842,935.4269909,DEM,5,4,5,2.0,1.0,1.0,7,5,9,10
3078,4_6 demolishers__f020003__t031.jpg,1102.149292,222.7370605,1283.670288,611.7369995,0.830646396,890.1701785,DEM,5,4,5,2.0,1.0,1.0,7,5,9,10
3079,4_6 demolishers__f020055__t001.jpg,841.7007446,482.6679688,1157.081909,824.7386475,0.888038993,929.3700776,DEM,7,5,9,2.0,1.0,1.0,9,6,10,11
3080,4_6 demolishers__f020142__t002.jpg,1334.291382,267.1231384,1541.537842,714.7597656,0.897871733,873.11524,DEM,4,4,4,2.0,1.0,1.0,6,5,8,9
3081,4_6 demolishers__f020162__t009.jpg,147.4399109,432.8337097,428.0553589,780.7234497,0.92323637,886.8407087,DEM,6,5,8,2.0,1.0,1.0,8,6,10,11
3082,4_6 demolishers__f020164__t026.jpg,904.8562622,235.0288544,1077.548706,513.0509033,0.866368175,863.8294458,DEM,5,4,5,2.0,1.0,1.0,7,5,9,10
3084,4_6 demolishers__f020235__t001.jpg,839.5969849,477.231781,1147.380981,823.6605225,0.860741615,894.0456366,DEM,7,5,9,2.0,1.0,1.0,9,6,10,11
3085,4_6 demolishers__f020322__t002.jpg,1341.668945,247.921814,1520.266968,707.4119873,0.879180729,900.5376755,DEM,4,4,4,2.0,1.0,1.0,6,5,8,9
3086,4_6 demolishers__f020342__t009.jpg,136.2528992,422.872467,429.6859436,780.6595459,0.913206279,926.2675761,DEM,6,5,8,2.0,1.0,1.0,8,6,10,11
3087,4_6 demolishers__f020344__t026.jpg,890.2020874,234.1900177,1073.684204,525.406311,0.855457723,927.8780427,DEM,6,4,7,2.0,1.0,1.0,8,5,10,11
3088,4_6 demolishers__f020363__t031.jpg,1096.770874,223.3096466,1259.97168,549.7345581,0.860720098,897.8109215,DEM,3,4,3,2.0,1.0,1.0,5,5,6,7
3089,4_6 demolishers__f020415__t001.jpg,822.0502319,486.5918579,1139.974243,820.4501953,0.874198556,923.4181391,DEM,8,5,10,2.0,1.0,1.0,10,6,11,12
3090,4_6 demolishers__f020502__t002.jpg,1334.591553,257.1728821,1542.712402,712.6654053,0.888318658,868.2793443,DEM,4,4,4,2.0,1.0,1.0,6,5,8,9
3091,4_6 demolishers__f020522__t009.jpg,151.1286316,426.5019226,436.3071899,780.2093506,0.92158699,881.7226502,DEM,6,5,8,2.0,1.0,1.0,8,6,10,11
3092,4_6 demolishers__f020524__t026.jpg,894.6867676,238.3543549,1075.45813,534.5498047,0.870286763,889.915208,DEM,6,4,7,2.0,1.0,1.0,8,5,10,11
3093,4_6 demolishers__f020543__t031.jpg,1106.465088,231.1742554,1268.747314,571.7375488,0.868589103,935.1690888,DEM,4,4,4,2.0,1.0,1.0,6,5,8,9
3094,4_6 demolishers__f020595__t001.jpg,850.2653198,496.200592,1160.362549,822.8032227,0.879332244,899.1504347,DEM,8,6,10,2.0,1.0,1.0,10,7,11,12
3095,4_6 demolishers__f020682__t002.jpg,1368.531128,263.2273865,1530.775391,713.0337524,0.868884146,943.181508,DEM,5,2,4,2.0,1.0,1.0,7,3,7,8
3096,4_6 demolishers__f020702__t009.jpg,154.8117828,430.6056519,445.8946228,777.7936401,0.915602267,930.4283503,DEM,6,5,8,2.0,1.0,1.0,8,6,10,11
3097,4_6 demolishers__f020704__t026.jpg,905.8790283,225.5940247,1097.67334,530.2177734,0.879608274,928.2113959,DEM,5,4,5,2.0,1.0,1.0,7,5,9,10
3098,4_6 demolishers__f020723__t031.jpg,1127.359253,229.6273804,1299.295654,563.5123291,0.873947322,881.7832244,DEM,5,4,5,2.0,1.0,1.0,7,5,9,10
3099,4_6 demolishers__f020775__t001.jpg,862.1706543,498.0372314,1166.453369,824.5144043,0.895321488,946.5043192,DEM,8,6,10,2.0,1.0,1.0,10,7,11,12
3100,4_6 demolishers__f020862__t002.jpg,1373.940552,273.5907593,1532.479492,714.8833008,0.868888617,943.017151,DEM,5,2,4,2.0,1.0,1.0,7,3,7,8
3101,4_6 demolishers__f020882__t009.jpg,169.1540222,415.3384094,449.2652893,779.8060303,0.921860337,887.8200619,DEM,6,5,8,2.0,1.0,1.0,8,6,10,11
3102,4_6 demolishers__f020884__t026.jpg,915.9071655,241.5422821,1102.094604,527.3962402,0.879305601,884.2165166,DEM,6,4,7,2.0,1.0,1.0,8,5,10,11
3104,4_6 demolishers__f020955__t001.jpg,861.6460571,474.7589111,1161.887939,826.2445068,0.828871429,886.2441955,DEM,7,5,9,2.0,1.0,1.0,9,6,10,11
3105,4_6 demolishers__f021042__t002.jpg,1347.741211,285.9504395,1519.91687,714.1553345,0.875890315,889.8954188,DEM,5,2,4,2.0,1.0,1.0,7,3,7,8
3106,4_6 demolishers__f021062__t009.jpg,171.9203796,415.5128174,457.0297546,777.5855713,0.92452836,933.471154,DEM,7,5,9,2.0,1.0,1.0,9,6,10,11
3107,4_6 demolishers__f021064__t026.jpg,922.541748,242.4672394,1103.873535,527.5946045,0.836926103,941.4679191,DEM,5,4,5,2.0,1.0,1.0,7,5,9,10
3108,4_6 demolishers__f021083__t031.jpg,1135.893311,221.3438416,1305.2854,573.7623291,0.803669095,897.7213722,DEM,4,2,4,2.0,1.0,1.0,6,3,6,7
3109,4_6 demolishers__f021135__t001.jpg,853.675354,489.3493652,1166.299561,828.3234863,0.875998199,920.166364,DEM,8,5,10,2.0,1.0,1.0,10,6,11,12
3110,4_6 demolishers__f021222__t002.jpg,1360.263916,273.0423889,1516.127197,714.8430786,0.846946657,911.7746332,DEM,5,2,4,2.0,1.0,1.0,7,3,7,8
3111,4_6 demolishers__f021242__t009.jpg,177.1066437,415.1199341,466.1420593,777.6400757,0.92281574,860.7042042,DEM,7,5,9,2.0,1.0,1.0,9,6,10,11
3112,4_6 demolishers__f021244__t026.jpg,916.1277466,244.8867798,1098.419312,512.6366577,0.843712628,860.8471793,DEM,6,4,7,2.0,1.0,1.0,8,5,10,11
3113,4_6 demolishers__f021263__t031.jpg,1138.889404,226.6707458,1350.620728,587.4921265,0.835006416,918.9005837,DEM,5,4,5,2.0,1.0,1.0,7,5,9,10
3114,4_6 demolishers__f021315__t001.jpg,864.6577759,490.6577759,1162.289429,821.9026489,0.891558886,866.8501614,DEM,8,5,10,2.0,1.0,1.0,10,6,11,12
3115,4_6 demolishers__f021402__t002.jpg,1373.30896,292.9915466,1549.466431,713.770874,0.876917779,869.6224292,DEM,5,2,4,2.0,1.0,1.0,7,3,7,8
3116,4_6 demolishers__f021422__t009.jpg,184.7802582,420.3907166,477.141449,773.5107422,0.918504417,930.7623004,DEM,7,5,9,2.0,1.0,1.0,9,6,10,11
3117,4_6 demolishers__f021424__t026.jpg,848.0430298,120.3719635,984.7104492,543.3616333,0.703505933,932.7180817,DEM,5,1,4,2.0,1.0,1.0,7,2,7,8
3119,4_6 demolishers__f021495__t001.jpg,880.0655518,490.4807129,1169.238403,818.0060425,0.902321994,907.0118408,DEM,8,5,10,2.0,1.0,1.0,10,6,11,12
3120,4_6 demolishers__f021582__t002.jpg,1396.141479,257.7325439,1542.021729,719.0846558,0.843150556,951.8459708,DEM,5,2,4,2.0,1.0,1.0,7,3,7,8
3121,4_6 demolishers__f021602__t009.jpg,182.772995,373.605957,481.9176941,761.7666626,0.909725726,896.8387177,DEM,5,4,5,2.0,1.0,1.0,7,5,9,10
3122,4_6 demolishers__f021604__t026.jpg,802.2893677,143.9456177,930.3051147,556.8723755,0.875281334,888.8640632,DEM,4,2,4,2.0,1.0,1.0,6,3,6,7
3123,4_6 demolishers__f021623__t031.jpg,1152.813477,239.3497772,1366.452881,577.1702881,0.867756367,959.7172703,DEM,4,4,4,2.0,1.0,1.0,6,5,8,9
3124,4_6 demolishers__f021675__t001.jpg,878.6011963,501.9519043,1187.095581,828.1305542,0.903284013,909.325247,DEM,6,5,8,2.0,1.0,1.0,8,6,10,11
3125,4_6 demolishers__f021762__t002.jpg,1403.522339,257.3754578,1554.619507,718.6976929,0.852378786,918.0380386,DEM,4,2,4,2.0,1.0,1.0,6,3,6,7
3126,4_6 demolishers__f021782__t009.jpg,194.8210602,411.2252197,483.4942017,772.1825562,0.910714805,952.9130612,DEM,6,5,8,2.0,1.0,1.0,8,6,10,11
3127,4_6 demolishers__f021784__t026.jpg,816.8823242,186.7438049,955.8526001,559.5895386,0.864301801,952.524657,DEM,4,4,4,2.0,1.0,1.0,6,5,8,9
3128,4_6 demolishers__f021803__t031.jpg,1163.355957,235.7226715,1374.74353,573.3530273,0.877799392,924.5723841,DEM,4,4,4,2.0,1.0,1.0,6,5,8,9
3129,4_6 demolishers__f021855__t001.jpg,889.3962402,493.6906128,1187.015625,829.4136963,0.903765619,969.0546641,DEM,7,5,9,2.0,1.0,1.0,9,6,10,11
3130,4_6 demolishers__f021942__t002.jpg,1417.849731,267.2424622,1583.445435,725.1196289,0.869285882,964.0244656,DEM,5,2,4,2.0,1.0,1.0,7,3,7,8
3131,4_6 demolishers__f021962__t009.jpg,213.2003479,423.3087769,496.7869263,768.2627563,0.919092596,901.9143216,DEM,6,5,8,2.0,1.0,1.0,8,6,10,11
3132,4_6 demolishers__f021964__t026.jpg,831.5231934,227.7436981,953.1976929,550.7319946,0.886270523,907.6583149,DEM,5,4,5,2.0,1.0,1.0,7,5,9,10
3133,4_6 demolishers__f021983__t031.jpg,1161.197266,239.7176971,1354.536377,624.0552368,0.798806846,949.9414062,DEM,5,4,5,2.0,1.0,1.0,7,5,9,10
3134,4_6 demolishers__f022035__t001.jpg,896.3929443,495.165741,1184.929688,823.8779297,0.894319057,912.9048183,DEM,7,5,9,2.0,1.0,1.0,9,6,10,11
3135,4_6 demolishers__f022122__t002.jpg,1419.942993,270.4900818,1582.53064,723.2965088,0.857025802,928.9416763,DEM,5,2,4,2.0,1.0,1.0,7,3,7,8
3136,4_6 demolishers__f022142__t009.jpg,210.1672058,423.3096619,484.8492737,774.6865234,0.915419459,931.7888398,DEM,7,5,9,2.0,1.0,1.0,9,6,10,11
3137,4_6 demolishers__f022144__t026.jpg,823.5147095,237.6776428,942.3002319,553.5217896,0.845612109,935.7286279,DEM,3,4,3,2.0,1.0,1.0,5,5,6,7
3138,4_6 demolishers__f022163__t031.jpg,1142.583984,248.3807373,1374.04187,638.6557007,0.846351206,927.4898991,DEM,4,2,4,2.0,1.0,1.0,6,3,6,7
3139,4_6 demolishers__f022215__t001.jpg,898.1596069,483.9141541,1164.77124,835.3779907,0.876212776,936.660051,DEM,7,5,9,2.0,1.0,1.0,9,6,10,11
3140,4_6 demolishers__f022302__t002.jpg,1419.711792,275.7850952,1585.612305,722.7565918,0.8575266,962.0947502,DEM,5,2,4,2.0,1.0,1.0,7,3,7,8
3141,4_6 demolishers__f022322__t009.jpg,204.4873505,427.0205994,483.8172607,777.7227783,0.916401446,972.8418531,DEM,5,4,5,2.0,1.0,1.0,7,5,9,10
3142,4_6 demolishers__f022324__t026.jpg,832.5551147,250.7127991,945.3909912,448.1953735,0.43113479,975.5491467,DEM,6,4,7,2.0,1.0,1.0,8,5,10,11
3143,4_6 demolishers__f022343__t031.jpg,1142.734009,240.7217865,1384.454346,586.2982178,0.85666889,936.9670423,DEM,4,2,4,2.0,1.0,1.0,6,3,6,7
3144,4_6 demolishers__f022395__t001.jpg,902.8796387,489.8135071,1165.625977,840.1066895,0.877260983,910.0748658,DEM,6,5,8,2.0,1.0,1.0,8,6,10,11
3145,4_6 demolishers__f022482__t002.jpg,1418.59729,272.0172119,1590.296021,725.2471924,0.85382092,923.9919381,DEM,4,2,4,2.0,1.0,1.0,6,3,6,7
3146,4_6 demolishers__f022502__t009.jpg,193.1383209,393.7268982,482.7702332,780.0856323,0.916873813,914.3169672,DEM,5,4,5,2.0,1.0,1.0,7,5,9,10
3147,4_6 demolishers__f022504__t026.jpg,840.3572998,220.0677185,994.7630615,556.9441528,0.885404944,911.8807875,DEM,3,4,3,2.0,1.0,1.0,5,5,6,7
3148,4_6 demolishers__f022523__t031.jpg,1145.251221,250.6663208,1395.182129,635.1345215,0.831694603,900.8276983,DEM,4,2,4,2.0,1.0,1.0,6,3,6,7
3149,4_6 demolishers__f022575__t001.jpg,920.6741333,493.4203796,1176.181763,841.6693115,0.888407171,950.8360572,DEM,7,5,9,2.0,1.0,1.0,9,6,10,11
3150,4_6 demolishers__f022662__t002.jpg,1447.14563,282.5874939,1588.295898,738.4591675,0.866631687,954.5577213,DEM,4,2,4,2.0,1.0,1.0,6,3,6,7
3151,4_6 demolishers__f022682__t009.jpg,235.1148071,406.5412598,521.5817871,777.904541,0.916360438,970.0097729,DEM,5,4,5,2.0,1.0,1.0,7,5,9,10
3152,4_6 demolishers__f022684__t026.jpg,867.3153687,230.8481903,1021.812134,569.6793213,0.858561873,968.2851715,DEM,4,4,4,2.0,1.0,1.0,6,5,8,9
3153,4_6 demolishers__f022703__t031.jpg,1175.107544,264.2814331,1393.222534,664.3721313,0.807240546,942.1945901,DEM,4,4,4,2.0,1.0,1.0,6,5,8,9
3155,4_6 demolishers__f022842__t002.jpg,1453.309937,284.5566101,1590.577393,744.4337769,0.869814157,913.3519645,DEM,4,2,4,2.0,1.0,1.0,6,3,6,7
3156,4_6 demolishers__f022862__t009.jpg,254.7165527,332.2604675,522.0466309,767.078125,0.923154712,906.2494786,DEM,6,4,7,2.0,1.0,1.0,8,5,10,11
3157,4_6 demolishers__f022864__t026.jpg,867.7681885,243.0093384,1002.754028,569.2310791,0.859502614,927.4405327,DEM,6,4,7,2.0,1.0,1.0,8,5,10,11
3158,4_6 demolishers__f022883__t031.jpg,1179.62915,253.6043701,1420.135986,659.6851807,0.901240528,921.4053034,DEM,4,2,4,2.0,1.0,1.0,6,3,6,7
3159,4_6 demolishers__f022935__t001.jpg,955.2281494,357.4582825,1221.494751,847.9075928,0.870607495,950.4959005,DEM,4,4,4,2.0,1.0,1.0,6,5,8,9
3160,4_6 demolishers__f023022__t002.jpg,1443.632935,289.0666809,1601.390991,746.1326294,0.857842624,958.2971007,DEM,5,2,4,2.0,1.0,1.0,7,3,7,8
3161,4_6 demolishers__f023042__t009.jpg,185.8135681,332.2140198,456.9937744,771.5123291,0.907945573,973.9299295,DEM,6,4,7,2.0,1.0,1.0,8,5,10,11
3162,4_6 demolishers__f023044__t026.jpg,861.3060913,249.1824036,992.7195435,570.6190186,0.859270036,973.9055439,DEM,5,4,5,2.0,1.0,1.0,7,5,9,10
3163,4_6 demolishers__f023063__t031.jpg,1178.377197,254.1306763,1395.781128,667.6831055,0.828610718,941.8040502,DEM,5,2,4,2.0,1.0,1.0,7,3,7,8
3164,4_6 demolishers__f023115__t001.jpg,951.1347046,321.7417603,1116.105835,861.5140991,0.882651508,936.7830387,DEM,4,1,3,2.0,1.0,1.0,6,2,6,7
3165,4_6 demolishers__f023202__t002.jpg,1447.247803,301.3550415,1605.829102,751.8591919,0.846516252,893.913522,DEM,5,2,4,2.0,1.0,1.0,7,3,7,8
3166,4_6 demolishers__f023222__t009.jpg,141.9135132,424.3487854,446.7389526,776.0933228,0.907118738,896.7969538,DEM,6,5,8,2.0,1.0,1.0,8,6,10,11
3168,4_6 demolishers__f023243__t031.jpg,1164.313354,268.1482239,1401.747925,680.3133545,0.849404871,889.3901916,DEM,4,4,4,2.0,1.0,1.0,6,5,8,9
3171,4_6 demolishers__f023382__t002.jpg,1405.7052,279.7003479,1546.587036,718.3533325,0.856461704,881.213617,DEM,4,2,4,2.0,1.0,1.0,6,3,6,7
3172,4_6 demolishers__f023402__t009.jpg,106.1710434,408.8087158,415.8354492,761.4298706,0.894919455,903.4478509,DEM,8,5,10,2.0,1.0,1.0,10,6,11,12
3173,4_6 demolishers__f023423__t031.jpg,1125.663208,361.8787231,1351.896851,636.3314209,0.846746802,853.0139308,DEM,8,5,10,2.0,1.0,1.0,10,6,11,12
3176,4_6 demolishers__f023562__t002.jpg,1394.413696,271.2208252,1543.327881,716.0093994,0.861899555,848.9082083,DEM,5,2,4,2.0,1.0,1.0,7,3,7,8
3177,4_6 demolishers__f023566__t037.jpg,784.4378052,213.4829559,915.4165649,546.7613525,0.729951739,871.4385311,DEM,4,4,4,2.0,1.0,1.0,6,5,8,9
3178,4_6 demolishers__f023582__t009.jpg,96.21679688,408.7173157,406.891449,756.2982178,0.774012566,883.6342331,DEM,7,5,9,2.0,1.0,1.0,9,6,10,11
3179,4_6 demolishers__f023603__t031.jpg,1125.399902,353.1262817,1355.076538,630.0795898,0.8689726,835.0085864,DEM,7,5,9,2.0,1.0,1.0,9,6,10,11
3180,4_6 demolishers__f023655__t001.jpg,562.2999268,254.2324829,830.5811157,799.9833984,0.910255134,840.1708082,DEM,4,2,4,2.0,1.0,1.0,6,3,6,7
3181,4_6 demolishers__f023656__t037.jpg,777.3760376,214.2849579,909.9674683,547.3154907,0.858711302,887.5403587,DEM,3,4,3,2.0,1.0,1.0,5,5,6,7
3183,4_6 demolishers__f023742__t002.jpg,1395.62561,276.1318359,1542.207275,717.7438965,0.838940859,852.357462,DEM,5,2,4,2.0,1.0,1.0,7,3,7,8
3184,4_6 demolishers__f023746__t037.jpg,780.0678711,222.2845459,916.0411987,558.522522,0.826479077,856.984656,DEM,3,4,3,2.0,1.0,1.0,5,5,6,7
3185,4_6 demolishers__f023762__t009.jpg,88.36148071,412.8135071,406.5004272,756.9026489,0.895948112,859.4152343,DEM,8,5,10,2.0,1.0,1.0,10,6,11,12
3186,4_6 demolishers__f023783__t031.jpg,1123.29248,235.1178131,1375.675537,639.8091431,0.873054206,827.8007051,DEM,4,4,4,2.0,1.0,1.0,6,5,8,9
3187,4_6 demolishers__f023835__t001.jpg,541.8828125,454.5901489,846.0554199,810.5990601,0.81732887,863.3106482,DEM,8,5,10,2.0,1.0,1.0,10,6,11,12
3188,4_6 demolishers__f023836__t037.jpg,780.6375122,225.6256409,911.2756348,552.8914795,0.848312855,810.3704847,DEM,5,4,5,2.0,1.0,1.0,7,5,9,10
3189,4_6 demolishers__f023880__t037.jpg,780.8579712,225.4702301,911.5764771,548.1223755,0.855721951,866.1053318,DEM,6,4,7,2.0,1.0,1.0,8,5,10,11
3190,4_6 demolishers__f023922__t002.jpg,1397.022949,278.6385803,1543.988281,721.1652222,0.851965547,819.6078121,DEM,5,2,4,2.0,1.0,1.0,7,3,7,8
3191,4_6 demolishers__f023926__t037.jpg,782.2661743,227.496521,911.041748,554.3922119,0.827407479,822.2723552,DEM,5,4,5,2.0,1.0,1.0,7,5,9,10
3192,4_6 demolishers__f023942__t009.jpg,87.44072723,414.9593201,405.3274536,759.3287354,0.896188915,810.1755916,DEM,8,5,10,2.0,1.0,1.0,10,6,11,12
3194,4_6 demolishers__f024015__t001.jpg,550.8518066,468.0112915,850.8077393,831.2924194,0.872557759,801.1152064,DEM,8,5,10,2.0,1.0,1.0,10,6,11,12
3195,4_6 demolishers__f024016__t037.jpg,771.574646,234.6655273,909.6312256,549.4575806,0.512161613,845.0092419,DEM,6,4,7,2.0,1.0,1.0,8,5,10,11
3196,4_6 demolishers__f024064__t037.jpg,770.1459351,235.9973907,909.6519775,557.8952637,0.529924095,825.2765335,DEM,4,4,4,2.0,1.0,1.0,6,5,8,9
3197,4_6 demolishers__f024102__t002.jpg,1391.86731,286.1711121,1544.372192,728.8224487,0.858308017,844.0202989,DEM,5,2,4,2.0,1.0,1.0,7,3,7,8
3198,4_6 demolishers__f024122__t009.jpg,88.75687408,408.8212891,410.1939392,758.4685669,0.907242656,844.8019228,DEM,6,5,8,2.0,1.0,1.0,8,6,10,11
3199,4_6 demolishers__f024143__t038.jpg,788.213562,221.4900055,929.3843384,543.7174072,0.801521897,817.3659952,DEM,5,4,5,2.0,1.0,1.0,7,5,9,10
3200,4_6 demolishers__f024143__t031.jpg,1119.124512,242.4047241,1373.871094,638.159668,0.891077578,817.3659952,DEM,4,4,4,2.0,1.0,1.0,6,5,8,9
3201,4_6 demolishers__f024183__t038.jpg,788.8759766,211.6320953,953.4331055,552.6572876,0.839363992,858.5394313,DEM,3,2,3,2.0,1.0,1.0,5,3,4,5
3202,4_6 demolishers__f024195__t001.jpg,497.9095764,205.5280609,667.8080444,788.6536255,0.866588593,848.9168639,DEM,4,1,3,2.0,1.0,1.0,6,2,6,7
3203,4_6 demolishers__f024233__t038.jpg,790.4089966,208.7999725,950.9105835,550.0304565,0.843393981,823.5935833,DEM,3,2,3,2.0,1.0,1.0,5,3,4,5
3204,4_6 demolishers__f024282__t002.jpg,1392.088867,286.1758423,1537.809448,725.7119141,0.86280787,817.5225249,DEM,5,2,4,2.0,1.0,1.0,7,3,7,8
3206,4_6 demolishers__f024323__t038.jpg,790.142334,221.99086,946.9312134,548.8615723,0.858410239,861.8177043,DEM,4,4,4,2.0,1.0,1.0,6,5,8,9
3207,4_6 demolishers__f024323__t031.jpg,1118.058838,241.8701019,1371.242432,637.8916626,0.88265419,861.8177043,DEM,5,4,5,2.0,1.0,1.0,7,5,9,10
3208,4_6 demolishers__f024363__t038.jpg,785.3881836,226.3332367,943.1265869,551.1392212,0.812055647,803.7342411,DEM,3,4,3,2.0,1.0,1.0,5,5,6,7
3210,4_6 demolishers__f024413__t038.jpg,782.1070557,225.074707,928.8673096,547.0165405,0.782302499,846.635812,DEM,5,4,5,2.0,1.0,1.0,7,5,9,10
3212,4_6 demolishers__f024462__t002.jpg,1387.95105,289.2933655,1535.462646,727.7512817,0.851886332,840.4866922,DEM,5,2,4,2.0,1.0,1.0,7,3,7,8
3213,4_6 demolishers__f024503__t038.jpg,785.4725342,227.0196686,923.822998,551.6774292,0.74368751,815.8343869,DEM,4,4,4,2.0,1.0,1.0,6,5,8,9
3214,4_6 demolishers__f024503__t031.jpg,1114.585449,246.309021,1336.213989,644.2999878,0.849902451,815.8343869,DEM,4,2,4,2.0,1.0,1.0,6,3,6,7
3215,4_6 demolishers__f024543__t038.jpg,785.5806885,230.8626709,921.2019043,546.6008301,0.622238338,834.7271976,DEM,5,4,5,2.0,1.0,1.0,7,5,9,10
3217,4_6 demolishers__f024621__t039.jpg,80.48332977,404.811615,395.5162659,762.081665,0.893452644,781.0091156,DEM,8,5,10,2.0,1.0,1.0,10,6,11,12
3218,4_6 demolishers__f024637__t040.jpg,767.9656372,228.5818939,904.7921143,555.5894165,0.568879187,796.9899039,DEM,4,4,4,2.0,1.0,1.0,6,5,8,9
3219,4_6 demolishers__f024642__t002.jpg,1383.032349,291.5165405,1527.395508,732.6189575,0.86467135,823.8654018,DEM,4,2,4,2.0,1.0,1.0,6,3,6,7
3221,4_6 demolishers__f024676__t040.jpg,767.8554077,229.5164185,903.1792603,556.1526489,0.755071163,803.4999397,DEM,4,4,4,2.0,1.0,1.0,6,5,8,9
3222,4_6 demolishers__f024683__t031.jpg,1105.275146,248.7862244,1330.391724,669.2112427,0.857220829,839.0386241,DEM,4,2,4,2.0,1.0,1.0,6,3,6,7
3223,4_6 demolishers__f024710__t040.jpg,766.5966187,234.0070496,896.3400879,554.6206055,0.800534368,826.00161,DEM,4,4,4,2.0,1.0,1.0,6,5,8,9
3224,4_6 demolishers__f024800__t040.jpg,770.4946899,237.4829865,906.9688721,562.1774902,0.864954948,803.2608555,DEM,3,4,3,2.0,1.0,1.0,5,5,6,7
3225,4_6 demolishers__f024801__t039.jpg,73.93893433,418.138916,389.7937622,761.0143433,0.893014133,834.2918065,DEM,8,5,10,2.0,1.0,1.0,10,6,11,12
3226,4_6 demolishers__f024822__t002.jpg,1381.363647,299.1164856,1537.925537,734.1109009,0.869774044,804.0019558,DEM,5,2,4,2.0,1.0,1.0,7,3,7,8
3227,4_6 demolishers__f024856__t040.jpg,768.4368896,238.20578,902.6325684,559.3275757,0.838996887,834.5571316,DEM,3,4,3,2.0,1.0,1.0,5,5,6,7
3228,4_6 demolishers__f024863__t031.jpg,1102.305664,247.697998,1347.194214,640.9009399,0.835257351,798.1723548,DEM,4,2,4,2.0,1.0,1.0,6,3,6,7
3229,4_6 demolishers__f024890__t040.jpg,770.8219604,240.3724976,903.5939331,559.2989502,0.460835159,766.552727,DEM,3,4,3,2.0,1.0,1.0,5,5,6,7
3230,4_6 demolishers__f024981__t039.jpg,73.11972809,418.6708069,389.2287903,759.8851929,0.877284288,809.6459756,DEM,7,5,9,2.0,1.0,1.0,9,6,10,11
3231,4_6 demolishers__f024986__t040.jpg,776.2383423,250.0424957,895.8762207,548.0813599,0.660634458,841.2126218,DEM,3,4,3,2.0,1.0,1.0,5,5,6,7
3232,4_6 demolishers__f025002__t002.jpg,1351.022095,285.4689941,1553.852905,739.6372681,0.907770574,841.921821,DEM,4,4,4,2.0,1.0,1.0,6,5,8,9
3233,4_6 demolishers__f025030__t040.jpg,773.8773804,251.5612793,899.8621216,560.8156738,0.409587443,803.3016266,DEM,3,4,3,2.0,1.0,1.0,5,5,6,7
3234,4_6 demolishers__f025043__t031.jpg,1098.60791,285.3145752,1318.943359,669.4008179,0.862980962,840.5430261,DEM,4,2,4,2.0,1.0,1.0,6,3,6,7
3235,4_6 demolishers__f025068__t041.jpg,758.486145,227.765976,898.8569946,559.5157471,0.83850199,793.7696739,DEM,4,4,4,2.0,1.0,1.0,6,5,8,9
3236,4_6 demolishers__f025158__t041.jpg,798.2307129,219.1585693,962.6074219,573.9498291,0.859975338,791.710121,DEM,3,2,3,2.0,1.0,1.0,5,3,4,5
3237,4_6 demolishers__f025161__t039.jpg,95.13117981,405.0278931,424.9151306,764.8258057,0.898033977,822.7248141,DEM,7,5,9,2.0,1.0,1.0,9,6,10,11
3238,4_6 demolishers__f025174__t041.jpg,796.6715088,225.8905182,960.3104858,573.34552,0.847964883,818.2626229,DEM,4,2,4,2.0,1.0,1.0,6,3,6,7
3239,4_6 demolishers__f025182__t002.jpg,1376.367676,287.1001587,1578.160278,748.1964111,0.890084267,810.9041054,DEM,4,4,4,2.0,1.0,1.0,6,5,8,9
3240,4_6 demolishers__f025223__t031.jpg,1115.321533,255.525528,1345.936035,659.6456909,0.842152297,815.9748978,DEM,5,4,5,2.0,1.0,1.0,7,5,9,10
3241,4_6 demolishers__f025248__t041.jpg,788.6367798,235.1735077,955.4196167,566.8255615,0.866229594,843.8550649,DEM,2,4,3,2.0,1.0,1.0,4,5,5,6
3242,4_6 demolishers__f025341__t039.jpg,202.4568481,222.8813934,384.8406982,778.921875,0.86621207,838.5694913,DEM,3,2,3,2.0,1.0,1.0,5,3,4,5
3243,4_6 demolishers__f025354__t041.jpg,798.7325439,248.1740875,974.4661255,578.0546875,0.871924281,865.2155451,DEM,2,4,3,2.0,1.0,1.0,4,5,5,6
3244,4_6 demolishers__f025362__t002.jpg,1396.578979,300.5736084,1582.406982,753.4432373,0.875276148,867.7327193,DEM,4,4,4,2.0,1.0,1.0,6,5,8,9
3245,4_6 demolishers__f025403__t031.jpg,1119.458984,263.5458374,1353.202026,668.1323242,0.849529028,831.5313361,DEM,4,4,4,2.0,1.0,1.0,6,5,8,9
3246,4_6 demolishers__f025521__t039.jpg,154.4438782,192.0369873,391.3010864,789.2570801,0.893712401,821.2503257,DEM,3,2,3,2.0,1.0,1.0,5,3,4,5
3247,4_6 demolishers__f025534__t041.jpg,796.0010986,221.4690552,953.2825928,575.7042236,0.888268411,789.6893036,DEM,3,4,3,2.0,1.0,1.0,5,5,6,7
3248,4_6 demolishers__f025542__t002.jpg,1379.688232,329.358429,1562.749268,763.8491211,0.876661181,795.7435789,DEM,4,4,4,2.0,1.0,1.0,6,5,8,9
3249,4_6 demolishers__f025583__t031.jpg,1114.005615,271.8207397,1339.469116,671.9359131,0.865537643,791.8254694,DEM,4,4,4,2.0,1.0,1.0,6,5,8,9
3250,4_6 demolishers__f025701__t039.jpg,305.0979004,206.6000366,507.5284729,803.838562,0.894123793,787.7570974,DEM,5,2,4,2.0,1.0,1.0,7,3,7,8
3251,4_6 demolishers__f025714__t041.jpg,804.6409912,234.0696411,970.3101807,588.8956299,0.857620418,836.1758212,DEM,2,4,3,2.0,1.0,1.0,4,5,5,6
3252,4_6 demolishers__f025722__t002.jpg,1390.343994,280.98349,1535.921509,766.7588501,0.869257271,847.2411973,DEM,5,2,4,2.0,1.0,1.0,7,3,7,8
3253,4_6 demolishers__f025763__t031.jpg,1125.405029,278.1131287,1369.542236,688.0110474,0.868563414,826.959344,DEM,4,2,4,2.0,1.0,1.0,6,3,6,7
3254,4_6 demolishers__f025881__t039.jpg,247.0955353,209.535202,563.7565308,811.1136475,0.913418114,822.0975605,DEM,4,1,3,2.0,1.0,1.0,6,2,6,7
3255,4_6 demolishers__f025894__t041.jpg,808.499939,237.6980438,971.7009277,595.0941162,0.857268512,782.9489915,DEM,2,4,3,2.0,1.0,1.0,4,5,5,6
3256,4_6 demolishers__f025902__t002.jpg,1384.535767,304.9156494,1574.734985,762.6211548,0.849900424,810.1558591,DEM,4,4,4,2.0,1.0,1.0,6,5,8,9
3257,4_6 demolishers__f025943__t031.jpg,1130.588257,290.6965942,1371.042114,688.6920166,0.882672131,805.3891367,DEM,4,2,4,2.0,1.0,1.0,6,3,6,7
3258,4_6 demolishers__f026061__t039.jpg,352.5671997,191.43573,532.5924683,819.098877,0.921627462,841.2479151,DEM,4,2,4,2.0,1.0,1.0,6,3,6,7
3259,4_6 demolishers__f026074__t041.jpg,818.0015259,252.2507782,972.2980347,590.1972656,0.836266875,890.2320565,DEM,2,4,3,2.0,1.0,1.0,4,5,5,6
3260,4_6 demolishers__f026082__t002.jpg,1391.552246,316.3165894,1581.524658,765.6754761,0.879023075,881.3707876,DEM,4,4,4,2.0,1.0,1.0,6,5,8,9
3261,4_6 demolishers__f026123__t031.jpg,1129.209473,287.7371216,1357.094849,678.9159546,0.845766127,897.4396894,DEM,3,4,3,2.0,1.0,1.0,5,5,6,7
3264,4_6 demolishers__f026262__t002.jpg,1355.110107,313.8311462,1533.78772,758.744873,0.88546586,822.4861355,DEM,4,4,4,2.0,1.0,1.0,6,5,8,9
3265,4_6 demolishers__f026303__t031.jpg,1093.705444,258.821167,1310.861816,674.2088013,0.783584237,801.6248469,DEM,5,1,4,2.0,1.0,1.0,7,2,7,8
3266,4_6 demolishers__f026329__t042.jpg,764.3710327,262.2613525,895.5047607,565.5583496,0.861276984,798.7147153,DEM,5,4,5,2.0,1.0,1.0,7,5,9,10
3267,4_6 demolishers__f026393__t042.jpg,693.3716431,210.0332031,831.944458,572.3641357,0.848218501,813.8937999,DEM,4,2,4,2.0,1.0,1.0,6,3,6,7
3268,4_6 demolishers__f026419__t042.jpg,691.5761719,175.794281,820.9436035,569.7853394,0.845521986,796.8286488,DEM,5,2,4,2.0,1.0,1.0,7,3,7,8
3269,4_6 demolishers__f026421__t039.jpg,905.0437622,218.0549316,1130.406494,882.2641602,0.883259356,761.3365198,DEM,5,1,4,2.0,1.0,1.0,7,2,7,8
3270,4_6 demolishers__f026442__t002.jpg,1291.445801,300.2823792,1470.072388,741.3307495,0.873028696,845.1318008,DEM,4,4,4,2.0,1.0,1.0,6,5,8,9
3272,4_6 demolishers__f026509__t042.jpg,691.6589355,132.6541901,831.1925659,550.3044434,0.838710189,763.8728354,DEM,4,2,4,2.0,1.0,1.0,6,3,6,7
3273,4_6 demolishers__f026573__t042.jpg,432.9440308,248.3209534,559.9708252,668.609375,0.860387623,645.3302387,DEM,4,2,4,2.0,1.0,1.0,6,3,6,7
3274,4_6 demolishers__f026599__t042.jpg,610.1143799,244.8994141,732.8007202,656.4063721,0.8393327,729.4861431,DEM,4,2,4,2.0,1.0,1.0,6,3,6,7
3275,4_6 demolishers__f026601__t039.jpg,758.5910034,275.7368164,1068.847778,902.3397827,0.913970113,731.9841038,DEM,4,2,4,2.0,1.0,1.0,6,3,6,7
3276,4_6 demolishers__f026622__t002.jpg,1167.84729,280.8432007,1335.242554,704.7971802,0.889131784,677.7323171,DEM,4,4,4,2.0,1.0,1.0,6,5,8,9
3277,4_6 demolishers__f026689__t042.jpg,406.4866028,139.9706116,565.2451782,510.1763,0.893995166,584.1729985,DEM,3,4,3,2.0,1.0,1.0,5,5,6,7
3278,4_6 demolishers__f026753__t042.jpg,396.7779846,195.9116516,575.0944824,574.265686,0.89587909,594.1985655,DEM,4,2,4,2.0,1.0,1.0,6,3,6,7
3279,4_6 demolishers__f026779__t042.jpg,437.5499268,191.3141022,621.7199097,570.1357422,0.910798609,589.4069601,DEM,4,2,4,2.0,1.0,1.0,6,3,6,7
3280,4_6 demolishers__f026781__t039.jpg,808.8050537,201.4960175,1061.00293,825.1867676,0.91736567,584.2070718,DEM,4,2,4,2.0,1.0,1.0,6,3,6,7
3281,4_6 demolishers__f026802__t002.jpg,1201.979248,215.7129974,1351.904175,640.1569824,0.8432374,662.8644156,DEM,5,1,4,2.0,1.0,1.0,7,2,7,8
3283,4_6 demolishers__f026866__t044.jpg,682.7791138,122.4410095,859.7505493,527.8874512,0.88572973,554.4880573,DEM,5,4,5,2.0,1.0,1.0,7,5,9,10
3284,4_6 demolishers__f026916__t044.jpg,813.3389893,132.2029419,998.196228,543.1578369,0.885228932,628.2477816,DEM,4,4,4,2.0,1.0,1.0,6,5,8,9
3285,4_6 demolishers__f026933__t042.jpg,237.5410004,89.57408905,423.5603333,462.1109924,0.893388212,568.3095145,DEM,4,4,4,2.0,1.0,1.0,6,5,8,9
3287,4_6 demolishers__f026961__t039.jpg,426.7313538,54.87779617,646.2130127,719.1529541,0.907224298,443.7911684,DEM,5,2,4,2.0,1.0,1.0,7,3,7,8
3288,4_6 demolishers__f027006__t044.jpg,636.8203735,206.4148712,796.6528931,623.5581665,0.870072663,390.5232944,DEM,3,4,3,2.0,1.0,1.0,5,5,6,7
3289,4_6 demolishers__f027046__t044.jpg,678.7788086,202.6473999,847.3974609,605.3916626,0.850094259,444.7222147,DEM,4,4,4,2.0,1.0,1.0,6,5,8,9
3290,4_6 demolishers__f027062__t046.jpg,254.3275146,154.7969666,447.8110657,508.4243164,0.888573766,455.3423882,DEM,5,4,5,2.0,1.0,1.0,7,5,9,10
3291,4_6 demolishers__f027063__t046.jpg,252.374115,153.6040955,445.7094421,506.1965637,0.884882569,452.4839985,DEM,3,4,3,2.0,1.0,1.0,5,5,6,7
3292,4_6 demolishers__f027096__t044.jpg,628.0803833,139.3368683,783.368103,544.5856323,0.829841197,474.0007377,DEM,4,4,4,2.0,1.0,1.0,6,5,8,9
3294,4_6 demolishers__f027141__t039.jpg,758.4673462,232.4240112,984.7495728,837.220459,0.926581979,354.0266335,DEM,5,2,4,2.0,1.0,1.0,7,3,7,8
3295,4_6 demolishers__f027153__t046.jpg,111.5723572,212.2396698,323.9269104,584.2774658,0.870864987,381.6564201,DEM,4,4,4,2.0,1.0,1.0,6,5,8,9
3297,4_6 demolishers__f027186__t044.jpg,604.9157715,240.6227417,758.0446167,644.6549072,0.843436778,418.0016284,DEM,3,2,3,2.0,1.0,1.0,5,3,4,5
3298,4_6 demolishers__f027226__t044.jpg,695.8539429,288.639801,853.0743408,690.6112061,0.831361413,401.3640952,DEM,4,4,4,2.0,1.0,1.0,6,5,8,9
3299,4_6 demolishers__f027242__t046.jpg,386.2834778,270.4064026,571.0829468,628.6210327,0.898063123,438.5380303,DEM,5,4,5,2.0,1.0,1.0,7,5,9,10
3300,4_6 demolishers__f027243__t046.jpg,390.7000122,269.7919312,575.8418579,627.4121704,0.88543278,442.5521979,DEM,6,4,7,2.0,1.0,1.0,8,5,10,11
3302,4_6 demolishers__f027276__t044.jpg,853.0914307,167.8426361,1010.109924,563.7168579,0.852021813,503.6741493,DEM,4,4,4,2.0,1.0,1.0,6,5,8,9
3304,4_6 demolishers__f027321__t039.jpg,1045.002808,1.273953438,1321.456299,577.6573486,0.88583672,618.7389244,DEM,4,4,4,2.0,1.0,1.0,6,5,8,9
3307,4_6 demolishers__f027422__t046.jpg,422.0822754,208.5457153,605.5343018,545.8150024,0.874807715,485.773158,DEM,3,4,3,2.0,1.0,1.0,5,5,6,7
3308,4_6 demolishers__f027423__t046.jpg,417.3221436,207.162384,616.2473755,577.4059448,0.859184444,488.8598118,DEM,3,4,3,2.0,1.0,1.0,5,5,6,7
3309,4_6 demolishers__f027439__t050.jpg,1073.530151,232.5414581,1209.41687,620.40625,0.840438068,486.0832141,DEM,5,1,4,2.0,1.0,1.0,7,2,7,8
3310,4_6 demolishers__f027477__t051.jpg,840.954834,185.4535828,1012.434387,590.012085,0.859390318,511.8072612,DEM,4,4,4,2.0,1.0,1.0,6,5,8,9
3311,4_6 demolishers__f027501__t039.jpg,610.4402466,144.2040863,840.6176147,761.338501,0.880838096,505.0883944,DEM,4,2,4,2.0,1.0,1.0,6,3,6,7
3312,4_6 demolishers__f027602__t046.jpg,758.074646,96.11260223,919.5308838,374.1394653,0.730509222,567.7198007,DEM,3,4,3,2.0,1.0,1.0,5,5,6,7
3313,4_6 demolishers__f027619__t050.jpg,1385.7323,153.6173859,1526.16272,542.9917603,0.861005425,635.1086822,DEM,4,1,3,2.0,1.0,1.0,6,2,6,7
3314,4_6 demolishers__f027657__t051.jpg,1102.329346,98.34764862,1281.086914,510.7738037,0.856531978,586.5536921,DEM,6,4,7,2.0,1.0,1.0,8,5,10,11
3317,4_6 demolishers__f027759__t053.jpg,527.347229,137.1234436,675.2455444,482.430603,0.849447191,542.913974,DEM,2,4,3,2.0,1.0,1.0,4,5,5,6
3318,4_6 demolishers__f027799__t050.jpg,1132.48645,246.488327,1273.021118,649.0350952,0.847725987,487.2957126,DEM,4,2,4,2.0,1.0,1.0,6,3,6,7
3319,4_6 demolishers__f027837__t051.jpg,849.5693359,251.0194244,1026.880249,662.5424805,0.872136474,483.1580876,DEM,6,4,7,2.0,1.0,1.0,8,5,10,11
3320,4_6 demolishers__f027861__t039.jpg,0.0,159.8940277,231.7818604,865.4841309,0.924331427,520.257629,DEM,5,2,4,2.0,1.0,1.0,7,3,7,8
3321,4_6 demolishers__f027939__t053.jpg,538.4682007,267.1390686,696.2700806,609.6662598,0.88109529,484.8201058,DEM,3,4,3,2.0,1.0,1.0,5,5,6,7
3322,4_6 demolishers__f027979__t050.jpg,1165.132324,277.0903931,1307.824341,704.7093506,0.841803312,519.7091693,DEM,5,1,4,2.0,1.0,1.0,7,2,7,8
3323,4_6 demolishers__f028017__t051.jpg,890.2091064,258.5452881,1066.619385,684.0791016,0.861153364,506.7059395,DEM,5,2,4,2.0,1.0,1.0,7,3,7,8
3324,4_6 demolishers__f028119__t053.jpg,396.1424561,230.8939514,575.7630005,627.3230591,0.886783659,849.955765,DEM,3,4,3,2.0,1.0,1.0,5,5,6,7
3325,4_6 demolishers__f028159__t050.jpg,1167.13623,191.9028931,1362.448242,773.7460327,0.905063212,627.2068766,DEM,4,2,4,2.0,1.0,1.0,6,3,6,7
3326,4_6 demolishers__f028197__t051.jpg,780.7585449,112.2152481,1059.011597,791.2723389,0.907012343,399.6223447,DEM,4,4,4,2.0,1.0,1.0,6,5,8,9
3327,4_6 demolishers__f028299__t053.jpg,177.6519928,150.9959717,448.5732727,716.9306641,0.898259342,278.0064742,DEM,3,4,3,2.0,1.0,1.0,5,5,6,7
3328,4_6 demolishers__f028339__t050.jpg,1148.744385,126.7155762,1398.491455,828.3313599,0.919810951,342.088655,DEM,4,1,3,2.0,1.0,1.0,6,2,6,7
3329,4_6 demolishers__f028377__t051.jpg,791.8035278,123.0907288,1093.119385,822.2574463,0.907879412,293.188015,DEM,4,4,4,2.0,1.0,1.0,6,5,8,9
3330,4_6 demolishers__f028479__t053.jpg,184.9492645,161.6673889,455.5659485,715.0339966,0.900209725,353.043162,DEM,3,4,3,2.0,1.0,1.0,5,5,6,7
3331,4_6 demolishers__f028519__t050.jpg,1225.513916,142.9703522,1492.163208,842.5598145,0.895857215,280.2127781,DEM,4,4,4,2.0,1.0,1.0,6,5,8,9
3332,4_6 demolishers__f028557__t051.jpg,808.5288086,85.36144257,1073.139282,828.6742554,0.88696152,342.7334618,DEM,4,2,4,2.0,1.0,1.0,6,3,6,7
3333,4_6 demolishers__f028659__t053.jpg,179.1940613,167.5786285,461.9934082,710.630249,0.910495579,294.2456542,DEM,5,4,5,2.0,1.0,1.0,7,5,9,10
3334,4_6 demolishers__f028699__t050.jpg,1233.212891,132.7586823,1451.713013,844.9801025,0.892910361,347.9864962,DEM,5,2,4,2.0,1.0,1.0,7,3,7,8
3335,4_6 demolishers__f028737__t051.jpg,826.3713379,108.555687,1090.190918,804.456665,0.892882824,291.4284342,DEM,4,4,4,2.0,1.0,1.0,6,5,8,9
3336,4_6 demolishers__f028839__t053.jpg,219.9847565,158.8988037,524.555481,707.8359985,0.910182536,357.3550031,DEM,4,4,4,2.0,1.0,1.0,6,5,8,9
3337,4_6 demolishers__f028879__t050.jpg,1231.127197,154.5778503,1502.607544,848.8597412,0.91159308,301.4502799,DEM,4,4,4,2.0,1.0,1.0,6,5,8,9
3338,4_6 demolishers__f028917__t051.jpg,826.5440063,127.0105667,1113.183594,821.0684204,0.900035858,343.9330153,DEM,4,4,4,2.0,1.0,1.0,6,5,8,9
3339,4_6 demolishers__f029019__t053.jpg,231.5499268,148.653183,505.8731689,713.8789063,0.896037102,305.5958805,DEM,3,4,3,2.0,1.0,1.0,5,5,6,7
3340,4_6 demolishers__f029059__t050.jpg,1246.950684,156.9723511,1523.860596,851.0478516,0.911855459,348.0922999,DEM,4,4,4,2.0,1.0,1.0,6,5,8,9
3341,4_6 demolishers__f029097__t051.jpg,839.1239624,123.4213028,1123.596924,808.138855,0.892868996,359.7137698,DEM,4,4,4,2.0,1.0,1.0,6,5,8,9
3342,4_6 demolishers__f029199__t053.jpg,243.066452,164.0195007,515.597229,718.9354248,0.916353703,347.9921114,DEM,3,4,3,2.0,1.0,1.0,5,5,6,7
3343,4_6 demolishers__f029219__t055.jpg,80.70787048,129.6356659,338.111084,1073.191284,0.894222975,341.390558,DEM,4,2,4,2.0,1.0,1.0,6,3,6,7
3344,4_6 demolishers__f029239__t050.jpg,1249.335327,166.1401978,1523.522217,855.963501,0.913169622,340.3307982,DEM,4,4,4,2.0,1.0,1.0,6,5,8,9
3345,4_6 demolishers__f029265__t055.jpg,428.3262634,131.1520691,762.8371582,1073.426758,0.908844352,267.0675496,DEM,4,2,4,2.0,1.0,1.0,6,3,6,7
3346,4_6 demolishers__f029277__t051.jpg,843.1516113,132.7523346,1128.168213,830.4121094,0.885931492,293.4905646,DEM,4,4,4,2.0,1.0,1.0,6,5,8,9
3347,4_6 demolishers__f029309__t055.jpg,790.0708618,155.1459656,1117.680664,1069.518555,0.767903328,336.0709111,DEM,3,2,3,2.0,1.0,1.0,5,3,4,5
3348,4_6 demolishers__f029379__t053.jpg,223.9049683,175.0682831,500.3650513,722.0819092,0.924292028,288.3450007,DEM,4,4,4,2.0,1.0,1.0,6,5,8,9
3349,4_6 demolishers__f029419__t050.jpg,1239.0448,153.779007,1520.914795,861.3762207,0.921612382,338.0231385,DEM,6,4,7,2.0,1.0,1.0,8,5,10,11
3350,4_6 demolishers__f029445__t055.jpg,739.5029297,455.659729,1197.165771,1070.385742,0.916687965,345.4788006,DEM,5,5,6,2.0,1.0,1.0,7,6,9,10
3352,4_6 demolishers__f029559__t053.jpg,245.80336,175.0791016,519.4524536,700.2276611,0.898944139,414.2262466,DEM,4,4,4,2.0,1.0,1.0,6,5,8,9
3353,4_6 demolishers__f029599__t050.jpg,1253.571289,168.6696167,1493.739868,864.9368896,0.906167984,349.97199,DEM,4,4,4,2.0,1.0,1.0,6,5,8,9
3354,4_6 demolishers__f029625__t055.jpg,580.4238892,409.5102539,924.1721802,1069.263794,0.920747399,364.4878919,DEM,5,4,5,2.0,1.0,1.0,7,5,9,10
3355,4_6 demolishers__f029637__t051.jpg,898.5488892,124.7737579,1126.451904,789.0662231,0.880550027,363.5401113,DEM,5,2,4,2.0,1.0,1.0,7,3,7,8
3356,4_6 demolishers__f029739__t053.jpg,216.3191223,132.4107208,515.3494873,720.298584,0.916232228,394.7332969,DEM,3,2,3,2.0,1.0,1.0,5,3,4,5
3357,4_6 demolishers__f029779__t050.jpg,1262.470459,182.2998657,1510.875122,873.0829468,0.916817725,412.6880667,DEM,4,4,4,2.0,1.0,1.0,6,5,8,9
3358,4_6 demolishers__f029830__t051.jpg,914.7658081,225.7279053,1117.946167,674.4514771,0.872841179,735.7265122,DEM,6,4,7,2.0,1.0,1.0,8,5,10,11
3359,4_6 demolishers__f029874__t050.jpg,1178.228027,269.12323,1367.153198,776.0367432,0.878344119,883.4353495,DEM,4,4,4,2.0,1.0,1.0,6,5,8,9
3360,4_6 demolishers__f029891__t055.jpg,694.8391724,491.2290649,928.2520752,973.9727783,0.795944035,844.2870153,DEM,5,4,5,2.0,1.0,1.0,7,5,9,10
3361,4_6 demolishers__f029892__t053.jpg,388.9170837,229.0167694,602.7677612,651.8709106,0.892993033,805.4170644,DEM,3,4,3,2.0,1.0,1.0,5,5,6,7
3363,4_6 demolishers__f030054__t050.jpg,1103.77478,236.5402985,1289.395508,726.9852905,0.896875679,927.3620973,DEM,4,4,4,2.0,1.0,1.0,6,5,8,9
3364,4_6 demolishers__f030071__t055.jpg,594.1811523,432.5455627,836.2866211,985.8278809,0.896709621,880.5881638,DEM,4,4,4,2.0,1.0,1.0,6,5,8,9
3365,4_6 demolishers__f030072__t053.jpg,299.2406921,194.8166504,523.4779663,598.0169067,0.893945158,906.4518694,DEM,3,4,3,2.0,1.0,1.0,5,5,6,7
3366,4_6 demolishers__f030190__t051.jpg,820.3982544,129.0624695,1027.236572,625.5839844,0.87596792,927.5075045,DEM,5,4,5,2.0,1.0,1.0,7,5,9,10
3367,4_6 demolishers__f030234__t050.jpg,1158.325317,208.8810883,1344.178101,700.3496094,0.892220199,1048.523647,DEM,4,4,4,2.0,1.0,1.0,6,5,8,9
3368,4_6 demolishers__f030251__t055.jpg,593.3880005,250.2096558,900.1416016,895.0368652,0.879909813,1037.694207,DEM,3,2,3,2.0,1.0,1.0,5,3,4,5
3369,4_6 demolishers__f030252__t053.jpg,396.8059387,136.9606171,604.0689087,542.585083,0.887037575,1000.752579,DEM,2,4,3,2.0,1.0,1.0,4,5,5,6
3371,4_6 demolishers__f030370__t051.jpg,866.5536499,126.9012146,1096.070557,626.0198364,0.844266474,975.6667274,DEM,6,4,7,2.0,1.0,1.0,8,5,10,11
3372,4_6 demolishers__f030414__t050.jpg,1169.367676,177.9748535,1371.857178,668.7224121,0.89487946,1074.693835,DEM,4,4,4,2.0,1.0,1.0,6,5,8,9
3374,4_6 demolishers__f030481__t057.jpg,469.5761108,106.8957138,686.6760864,515.8356323,0.884791315,1079.547487,DEM,4,4,4,2.0,1.0,1.0,6,5,8,9
3375,4_6 demolishers__f030550__t051.jpg,913.0338135,123.6732941,1158.680542,634.3989258,0.919158816,1172.089108,DEM,4,4,4,2.0,1.0,1.0,6,5,8,9
3376,4_6 demolishers__f030594__t050.jpg,1224.710815,162.8217621,1427.338501,659.0018921,0.88205272,1124.509993,DEM,4,4,4,2.0,1.0,1.0,6,5,8,9
3377,4_6 demolishers__f030661__t057.jpg,485.4141846,5.757266998,653.0598145,505.9460754,0.869702518,1119.859511,DEM,3,2,3,2.0,1.0,1.0,5,3,4,5
3378,4_6 demolishers__f030730__t051.jpg,951.7336426,144.3938599,1159.463135,617.3616943,0.8960554,1116.651262,DEM,5,4,5,2.0,1.0,1.0,7,5,9,10
3379,4_6 demolishers__f030774__t050.jpg,1244.267212,169.4522552,1450.62561,660.7667847,0.903147161,1108.506035,DEM,4,4,4,2.0,1.0,1.0,6,5,8,9
3380,4_6 demolishers__f030841__t057.jpg,599.6138916,0.0,767.5675659,442.1018677,0.87968415,1223.367552,DEM,3,4,3,2.0,1.0,1.0,5,5,6,7
3382,4_6 demolishers__f030910__t051.jpg,1102.307251,64.64929199,1340.77356,558.7941895,0.883456051,1290.855586,DEM,5,4,5,2.0,1.0,1.0,7,5,9,10
3384,4_6 demolishers__f030954__t050.jpg,1370.366333,66.24504089,1596.945435,585.1200562,0.904032886,1246.191624,DEM,5,4,5,2.0,1.0,1.0,7,5,9,10
3386,4_6 demolishers__f031021__t057.jpg,644.8225098,30.2534771,838.9842529,464.9667969,0.876616776,1268.253108,DEM,4,4,4,2.0,1.0,1.0,6,5,8,9
3387,4_6 demolishers__f031083__t059.jpg,0.0,486.0335999,453.0014954,1030.664795,0.924461305,1146.737225,DEM,8,5,10,2.0,1.0,1.0,10,6,11,12
3388,4_6 demolishers__f031090__t051.jpg,1085.041382,35.10755157,1283.207031,568.7111816,0.852698028,1258.288718,DEM,4,4,4,2.0,1.0,1.0,6,5,8,9
3389,4_6 demolishers__f031114__t059.jpg,0.0,493.5305176,416.8014221,1032.228882,0.928959668,1048.680871,DEM,8,5,10,2.0,1.0,1.0,10,6,11,12
3391,4_6 demolishers__f031134__t050.jpg,1392.057739,83.46522522,1583.1521,598.0196533,0.895558834,1122.629328,DEM,4,4,4,2.0,1.0,1.0,6,5,8,9
3392,4_6 demolishers__f031173__t059.jpg,0.0,324.01828,458.4833679,1021.218262,0.947995484,958.918717,DEM,4,4,4,2.0,1.0,1.0,6,5,8,9
3393,4_6 demolishers__f031201__t057.jpg,662.4787598,28.15604019,846.9028931,460.5664063,0.879628778,1109.435439,DEM,2,4,3,2.0,1.0,1.0,4,5,5,6
3395,4_6 demolishers__f031270__t051.jpg,1103.934937,29.93602943,1297.675293,550.6445313,0.85156852,1192.389188,DEM,4,4,4,2.0,1.0,1.0,6,5,8,9
3397,4_6 demolishers__f031305__t061.jpg,1275.350098,282.4163513,1500.308105,801.2840576,0.880156875,1226.528664,DEM,4,2,4,2.0,1.0,1.0,6,3,6,7
3400,4_6 demolishers__f031397__t061.jpg,1188.150269,436.182312,1360.188965,748.0144043,0.827296913,688.6606232,DEM,4,4,4,2.0,1.0,1.0,6,5,8,9
3401,4_6 demolishers__f031418__t057.jpg,628.2163086,182.7993317,792.3706055,504.7611694,0.873537362,688.2191738,DEM,2,4,3,2.0,1.0,1.0,4,5,5,6
3402,4_6 demolishers__f031461__t051.jpg,933.1691895,160.6192932,1070.231201,581.0761719,0.813800573,630.3517496,DEM,4,2,4,2.0,1.0,1.0,6,3,6,7
3405,4_6 demolishers__f031598__t057.jpg,538.168335,170.4889374,688.7296753,499.9985657,0.841916859,624.2747395,DEM,2,4,3,2.0,1.0,1.0,4,5,5,6
3406,4_6 demolishers__f031641__t051.jpg,894.6035156,176.8441315,1046.376465,579.0290527,0.877899945,627.632298,DEM,4,4,4,2.0,1.0,1.0,6,5,8,9
3407,4_6 demolishers__f031736__t050.jpg,1133.823975,208.8346405,1278.136841,413.8945313,0.564997792,630.7176812,DEM,6,4,7,2.0,1.0,1.0,8,5,10,11
3408,4_6 demolishers__f031757__t061.jpg,1026.360107,205.5901642,1301.83728,736.7814941,0.816591382,638.9765125,DEM,4,7,7,2.0,1.0,1.0,6,8,9,10
3409,4_6 demolishers__f031778__t057.jpg,536.8978271,159.0780182,661.6710815,505.3429871,0.860619485,610.7767757,DEM,5,4,5,2.0,1.0,1.0,7,5,9,10
3410,4_6 demolishers__f031821__t051.jpg,905.6224976,177.0559235,1059.390503,580.4003906,0.876511693,617.4538783,DEM,5,4,5,2.0,1.0,1.0,7,5,9,10
3411,4_6 demolishers__f031937__t061.jpg,1100.723267,195.8090057,1302.230469,750.5305786,0.75525701,642.6537914,DEM,4,1,3,2.0,1.0,1.0,6,2,6,7
3412,4_6 demolishers__f031958__t057.jpg,560.1970215,168.9855652,682.3534546,500.4744263,0.795675218,692.3196424,DEM,5,4,5,2.0,1.0,1.0,7,5,9,10
3413,4_6 demolishers__f032001__t051.jpg,895.9817505,211.5352783,1088.224854,587.2450562,0.896740198,718.5835359,DEM,4,4,4,2.0,1.0,1.0,6,5,8,9
3415,4_6 demolishers__f032117__t061.jpg,905.6342773,180.384552,1126.758179,774.6126099,0.868163466,741.3049925,DEM,4,2,4,2.0,1.0,1.0,6,3,6,7
3416,4_6 demolishers__f032138__t057.jpg,569.1501465,164.6577606,697.0985107,505.5686951,0.869641602,731.1259557,DEM,2,4,3,2.0,1.0,1.0,4,5,5,6
3417,4_6 demolishers__f032138__t063.jpg,1154.601807,216.6392822,1327.720825,610.894165,0.87804395,731.1259557,DEM,4,4,4,2.0,1.0,1.0,6,5,8,9
3419,4_6 demolishers__f032297__t061.jpg,634.8865356,460.999054,892.9147949,884.4575806,0.900125861,672.7897106,DEM,6,5,8,2.0,1.0,1.0,8,6,10,11
3420,4_6 demolishers__f032318__t057.jpg,543.741272,182.353241,683.4707031,508.858551,0.827881277,710.8881217,DEM,4,4,4,2.0,1.0,1.0,6,5,8,9
3421,4_6 demolishers__f032318__t063.jpg,1128.165039,224.4469299,1280.639038,628.166626,0.887839556,710.8881217,DEM,4,4,4,2.0,1.0,1.0,6,5,8,9
3422,4_6 demolishers__f032421__t064.jpg,908.8461304,192.7968597,1057.4104,603.3588867,0.859933555,670.2308605,DEM,4,4,4,2.0,1.0,1.0,6,5,8,9
3424,4_6 demolishers__f032498__t063.jpg,1131.223267,232.7123566,1291.898804,648.09021,0.876237571,687.4856328,DEM,4,4,4,2.0,1.0,1.0,6,5,8,9
3426,4_6 demolishers__f032601__t064.jpg,880.3618164,213.7056732,1057.086426,627.9147949,0.882752657,741.1016747,DEM,4,4,4,2.0,1.0,1.0,6,5,8,9
3427,4_6 demolishers__f032633__t065.jpg,565.442688,141.7324066,720.9360352,547.0286865,0.865754962,763.4546157,DEM,3,2,3,2.0,1.0,1.0,5,3,4,5
3429,4_6 demolishers__f032678__t063.jpg,1144.956177,233.776413,1296.803955,648.5162964,0.865321815,768.9134941,DEM,5,4,5,2.0,1.0,1.0,7,5,9,10
3430,4_6 demolishers__f032781__t064.jpg,903.5014648,220.2518005,1066.557617,613.0234375,0.861030638,760.4804046,DEM,4,4,4,2.0,1.0,1.0,6,5,8,9
3431,4_6 demolishers__f032813__t065.jpg,587.9024048,152.624527,755.0911255,549.0558472,0.868015349,755.5247853,DEM,3,4,3,2.0,1.0,1.0,5,5,6,7
3432,4_6 demolishers__f032858__t063.jpg,1158.728638,244.9993896,1326.004639,651.7388306,0.89675802,749.3070367,DEM,4,4,4,2.0,1.0,1.0,6,5,8,9
3433,4_6 demolishers__f032961__t064.jpg,885.3517456,232.0982666,1036.987183,639.6550903,0.879584134,717.5124069,DEM,4,4,4,2.0,1.0,1.0,6,5,8,9
3434,4_6 demolishers__f032993__t065.jpg,554.9877319,242.6133728,728.894043,554.2026978,0.877495885,779.4406848,DEM,4,4,4,2.0,1.0,1.0,6,5,8,9
3435,4_6 demolishers__f033038__t063.jpg,1118.831909,263.7038879,1271.14563,663.3492432,0.877429187,746.2748306,DEM,5,2,4,2.0,1.0,1.0,7,3,7,8
3436,4_6 demolishers__f033141__t064.jpg,817.8649902,172.9962616,969.2543335,580.0245972,0.871052921,721.7321867,DEM,4,4,4,2.0,1.0,1.0,6,5,8,9
3437,4_6 demolishers__f033173__t065.jpg,485.8375244,187.967926,648.1932983,507.0260925,0.873019159,725.4455611,DEM,4,4,4,2.0,1.0,1.0,6,5,8,9
3438,4_6 demolishers__f033218__t063.jpg,1075.595825,180.6477051,1198.796997,600.2218628,0.872744322,732.6520717,DEM,5,2,4,2.0,1.0,1.0,7,3,7,8
3439,4_6 demolishers__f033321__t064.jpg,837.7667236,167.4954376,986.1712646,578.7885132,0.874856889,779.3387831,DEM,3,4,3,2.0,1.0,1.0,5,5,6,7
3440,4_6 demolishers__f033353__t065.jpg,493.6471252,160.9291687,656.3778687,502.8944702,0.886620402,806.3097753,DEM,3,4,3,2.0,1.0,1.0,5,5,6,7
3441,4_6 demolishers__f033398__t063.jpg,1090.689697,188.2193909,1246.734619,598.4135742,0.882326007,785.0915942,DEM,4,4,4,2.0,1.0,1.0,6,5,8,9
3442,4_6 demolishers__f033501__t064.jpg,837.9541626,177.2526398,1001.637329,576.5357056,0.890486002,751.6519512,DEM,4,4,4,2.0,1.0,1.0,6,5,8,9
3443,4_6 demolishers__f033533__t065.jpg,523.3317261,178.8323059,684.0613403,521.1621094,0.855328202,753.9496719,DEM,3,4,3,2.0,1.0,1.0,5,5,6,7
3444,4_6 demolishers__f033578__t063.jpg,1107.161621,163.7188721,1227.177612,598.2818604,0.854808092,750.0012687,DEM,5,2,4,2.0,1.0,1.0,7,3,7,8
3445,4_6 demolishers__f033681__t064.jpg,841.9552612,160.3338776,997.6482544,582.125,0.871038735,795.8154416,DEM,4,2,4,2.0,1.0,1.0,6,3,6,7
3446,4_6 demolishers__f033713__t065.jpg,537.6690063,181.6586761,698.2646484,502.0263062,0.866228163,798.2988225,DEM,5,4,5,2.0,1.0,1.0,7,5,9,10
3447,4_6 demolishers__f033758__t063.jpg,1113.717896,184.638092,1263.708252,599.9060669,0.863984525,791.7317154,DEM,4,4,4,2.0,1.0,1.0,6,5,8,9
3448,4_6 demolishers__f033861__t064.jpg,882.5018311,161.1781006,1038.126343,588.6608887,0.773218393,765.5919995,DEM,5,2,4,2.0,1.0,1.0,7,3,7,8
3449,4_6 demolishers__f033893__t065.jpg,600.5133667,272.4179077,755.375,614.2662354,0.856557906,754.380625,DEM,2,4,3,2.0,1.0,1.0,4,5,5,6
3450,4_6 demolishers__f033938__t063.jpg,1179.630981,317.4752502,1333.509644,723.2474365,0.867222786,776.7515227,DEM,4,4,4,2.0,1.0,1.0,6,5,8,9
3451,4_6 demolishers__f034041__t064.jpg,912.9876099,246.0617676,1082.698486,699.6226196,0.837323964,503.9831631,DEM,4,4,4,2.0,1.0,1.0,6,5,8,9
3452,4_6 demolishers__f034073__t065.jpg,479.9808044,262.5749817,651.3110352,633.3458252,0.86410892,973.6030821,DEM,2,4,3,2.0,1.0,1.0,4,5,5,6
3453,4_6 demolishers__f034118__t063.jpg,1167.436523,209.9482574,1369.337524,749.262146,0.895861387,948.9497186,DEM,4,4,4,2.0,1.0,1.0,6,5,8,9
3454,4_6 demolishers__f034221__t064.jpg,834.942688,162.9971161,1043.638916,708.8658447,0.897975326,973.4065817,DEM,4,4,4,2.0,1.0,1.0,6,5,8,9
3455,4_6 demolishers__f034253__t065.jpg,363.0631104,208.1090088,541.0278931,603.4362183,0.869399488,904.5263551,DEM,4,4,4,2.0,1.0,1.0,6,5,8,9
3456,4_6 demolishers__f034298__t063.jpg,1160.388184,198.0465698,1361.009888,733.8881836,0.893541694,848.4616024,DEM,4,2,4,2.0,1.0,1.0,6,3,6,7
3457,4_6 demolishers__f034401__t064.jpg,838.6722412,164.9277954,1064.219482,707.1526489,0.904964745,970.9012289,DEM,3,4,3,2.0,1.0,1.0,5,5,6,7
3458,4_6 demolishers__f034433__t065.jpg,347.6914978,208.251236,545.0980835,609.3765869,0.897654176,907.1144892,DEM,5,4,5,2.0,1.0,1.0,7,5,9,10
3459,4_6 demolishers__f034478__t063.jpg,1173.825073,205.6845703,1379.017334,738.25354,0.894834459,867.1266902,DEM,3,4,3,2.0,1.0,1.0,5,5,6,7
3460,4_6 demolishers__f034581__t064.jpg,846.802063,180.9318085,1076.489868,701.5319824,0.886630297,854.0348797,DEM,4,4,4,2.0,1.0,1.0,6,5,8,9
3461,4_6 demolishers__f034613__t065.jpg,375.2255859,159.8106537,587.9118042,601.2362671,0.895291865,941.2618241,DEM,3,4,3,2.0,1.0,1.0,5,5,6,7
3462,4_6 demolishers__f034658__t063.jpg,1162.710327,185.7184753,1364.462524,738.7433472,0.904971302,926.7750109,DEM,5,2,4,2.0,1.0,1.0,7,3,7,8
3463,4_6 demolishers__f034761__t064.jpg,847.1686401,158.0921021,1070.984985,699.1187744,0.904909194,984.8920961,DEM,4,4,4,2.0,1.0,1.0,6,5,8,9
3464,4_6 demolishers__f034793__t065.jpg,382.4884338,170.4397888,552.0351563,593.6560669,0.870441437,925.2611563,DEM,5,4,5,2.0,1.0,1.0,7,5,9,10
3465,4_6 demolishers__f034838__t063.jpg,1174.920044,181.9934692,1394.949463,736.8249512,0.89935261,906.005233,DEM,4,4,4,2.0,1.0,1.0,6,5,8,9
3466,4_6 demolishers__f034941__t064.jpg,871.5380249,165.7635193,1088.88147,700.7127075,0.881076992,889.8177646,DEM,6,4,7,2.0,1.0,1.0,8,5,10,11
3467,4_6 demolishers__f034973__t065.jpg,396.7556152,188.3401337,598.4503784,605.8943481,0.895567775,991.8268244,DEM,4,4,4,2.0,1.0,1.0,6,5,8,9
3468,4_6 demolishers__f035018__t063.jpg,1181.674683,184.4888763,1400.964111,736.1553955,0.910730064,913.5804624,DEM,4,4,4,2.0,1.0,1.0,6,5,8,9
3469,4_6 demolishers__f035121__t064.jpg,849.3849487,186.8605957,1091.776978,687.6564331,0.91727519,1003.997769,DEM,5,4,5,2.0,1.0,1.0,7,5,9,10
3470,4_6 demolishers__f035153__t065.jpg,352.8336182,181.6442871,553.1552734,580.8918457,0.889870465,945.064873,DEM,2,4,3,2.0,1.0,1.0,4,5,5,6
3471,4_6 demolishers__f035198__t063.jpg,1179.947021,153.1546783,1355.726196,725.2207642,0.886520505,905.6740967,DEM,5,2,4,2.0,1.0,1.0,7,3,7,8
3472,4_6 demolishers__f035301__t064.jpg,864.5959473,173.9023895,1089.276367,698.0113525,0.886208534,947.4040771,DEM,5,4,5,2.0,1.0,1.0,7,5,9,10
3473,4_6 demolishers__f035333__t065.jpg,407.0747375,148.863205,615.4575806,601.3936768,0.882446349,1006.415641,DEM,3,4,3,2.0,1.0,1.0,5,5,6,7
3474,4_6 demolishers__f035378__t063.jpg,1197.138184,171.6963959,1382.505005,737.3637695,0.891896546,913.7162013,DEM,5,2,4,2.0,1.0,1.0,7,3,7,8
3475,4_6 demolishers__f035481__t064.jpg,851.3022461,161.8912048,1061.034546,700.102356,0.902491093,1004.999968,DEM,5,4,5,2.0,1.0,1.0,7,5,9,10
3476,4_6 demolishers__f035513__t065.jpg,403.6537476,180.9245758,627.6237183,610.7407837,0.876337171,910.5069202,DEM,3,4,3,2.0,1.0,1.0,5,5,6,7
3477,4_6 demolishers__f035558__t063.jpg,1170.747192,202.9103851,1382.103271,754.3070068,0.883957028,1000.542831,DEM,4,4,4,2.0,1.0,1.0,6,5,8,9
3478,4_6 demolishers__f035661__t064.jpg,853.2044067,183.82724,1072.129517,708.3937378,0.90501231,926.2923423,DEM,4,4,4,2.0,1.0,1.0,6,5,8,9
3479,4_6 demolishers__f035693__t065.jpg,408.4502869,179.7210693,629.5802612,613.3096313,0.898791194,1011.643669,DEM,3,4,3,2.0,1.0,1.0,5,5,6,7
3480,4_6 demolishers__f035738__t063.jpg,1173.268677,190.7563629,1368.138306,758.59729,0.89629811,914.5189222,DEM,5,2,4,2.0,1.0,1.0,7,3,7,8
3481,4_6 demolishers__f035841__t064.jpg,856.3515015,188.313858,1067.927002,719.302002,0.873355031,1011.548331,DEM,4,4,4,2.0,1.0,1.0,6,5,8,9
3482,4_6 demolishers__f035873__t065.jpg,394.2652893,200.536438,625.7410278,629.2319946,0.883179665,874.216744,DEM,3,4,3,2.0,1.0,1.0,5,5,6,7
3483,4_6 demolishers__f035918__t063.jpg,1185.960449,205.1448975,1364.822876,769.2364502,0.898291111,1019.491379,DEM,5,2,4,2.0,1.0,1.0,7,3,7,8
3484,4_6 demolishers__f036021__t064.jpg,864.7156982,185.0058594,1073.259277,717.8959351,0.886931717,918.6835874,DEM,5,4,5,2.0,1.0,1.0,7,5,9,10
3485,4_6 demolishers__f036053__t065.jpg,454.8167114,195.0681152,684.9268188,627.5916748,0.902768493,1015.096459,DEM,3,4,3,2.0,1.0,1.0,5,5,6,7
3486,4_6 demolishers__f036098__t063.jpg,1387.345093,225.8873291,1604.040039,773.1591797,0.902872443,1198.362491,DEM,4,4,4,2.0,1.0,1.0,6,5,8,9
3487,4_6 demolishers__f036201__t064.jpg,1100.466309,138.2476196,1321.040527,670.050415,0.842291296,1200.098824,DEM,5,4,5,2.0,1.0,1.0,7,5,9,10
3488,4_6 demolishers__f036233__t065.jpg,865.0897217,80.18144226,1093.696289,504.0980835,0.869515121,1323.246215,DEM,3,4,3,2.0,1.0,1.0,5,5,6,7
3489,4_6 demolishers__f036278__t063.jpg,1790.698486,236.4771729,1920.0,738.6494141,0.815413117,1199.014783,DEM,4,2,4,2.0,1.0,1.0,6,3,6,7
3490,4_6 demolishers__f036437__t064.jpg,927.1080322,205.6750031,1119.212891,732.9017944,0.871519685,895.9644605,DEM,4,2,4,2.0,1.0,1.0,6,3,6,7
3491,4_6 demolishers__f036464__t065.jpg,469.6387024,333.8417358,693.604248,772.3648682,0.899789214,805.521495,DEM,5,4,5,2.0,1.0,1.0,7,5,9,10
3492,4_6 demolishers__f036470__t066.jpg,1179.765625,315.0080261,1355.619995,823.2710571,0.883677483,775.6172079,DEM,5,2,4,2.0,1.0,1.0,7,3,7,8
3493,4_6 demolishers__f036617__t064.jpg,836.8597412,268.6443787,1006.821167,798.9460449,0.884386182,656.9818958,DEM,3,2,3,2.0,1.0,1.0,5,3,4,5
3494,4_6 demolishers__f036644__t065.jpg,427.0326538,201.0367737,675.6775513,677.1107788,0.914352,670.200129,DEM,4,2,4,2.0,1.0,1.0,6,3,6,7
3495,4_6 demolishers__f036650__t066.jpg,1210.488525,249.7205811,1382.962891,758.8848267,0.886825562,647.4331726,DEM,4,2,4,2.0,1.0,1.0,6,3,6,7
3496,4_6 demolishers__f036797__t064.jpg,697.0623169,66.50335693,865.2785034,582.9317017,0.901711702,716.9810093,DEM,5,2,4,2.0,1.0,1.0,7,3,7,8
3497,4_6 demolishers__f036824__t065.jpg,154.2437439,79.17935181,439.4811096,575.6047974,0.905794203,709.4856668,DEM,4,4,4,2.0,1.0,1.0,6,5,8,9
3498,4_6 demolishers__f036830__t066.jpg,955.6968994,40.11120987,1147.024536,615.1508179,0.884372771,723.1827751,DEM,4,1,3,2.0,1.0,1.0,6,2,6,7
3499,4_6 demolishers__f036977__t064.jpg,722.8053589,206.4790039,961.5789795,557.0162354,0.896325648,723.0413123,DEM,7,5,9,2.0,1.0,1.0,9,6,10,11
3500,4_6 demolishers__f037004__t065.jpg,290.9071045,132.9517212,588.0922852,630.362854,0.912379146,777.1709119,DEM,6,4,7,2.0,1.0,1.0,8,5,10,11
3501,4_6 demolishers__f037010__t066.jpg,1123.938477,100.6363297,1318.163208,671.0076294,0.902005136,764.3571598,DEM,5,1,4,2.0,1.0,1.0,7,2,7,8
3502,4_6 demolishers__f037157__t064.jpg,866.5787964,41.28588486,1091.908081,508.6967773,0.904829681,820.2086564,DEM,4,2,4,2.0,1.0,1.0,6,3,6,7
3503,4_6 demolishers__f037184__t065.jpg,376.3960571,179.1125488,669.4753418,626.7337036,0.872465014,743.8151552,DEM,7,5,9,2.0,1.0,1.0,9,6,10,11
3504,4_6 demolishers__f037190__t066.jpg,1156.103271,88.27487946,1384.99585,661.6748657,0.869161487,762.1031024,DEM,5,2,4,2.0,1.0,1.0,7,3,7,8
3506,4_6 demolishers__f037364__t065.jpg,371.5543518,97.53481293,616.2610474,628.2835083,0.913173914,803.3489087,DEM,3,4,3,2.0,1.0,1.0,5,5,6,7
3507,4_6 demolishers__f037370__t066.jpg,1162.505981,96.42864227,1345.998047,663.4656982,0.867288589,799.6228694,DEM,4,2,4,2.0,1.0,1.0,6,3,6,7
3508,4_6 demolishers__f037517__t064.jpg,951.7390747,0.0,1138.876221,510.2264404,0.897663236,740.5552127,DEM,4,2,4,2.0,1.0,1.0,6,3,6,7
3509,4_6 demolishers__f037544__t065.jpg,357.8320313,131.743866,620.6392212,642.7338867,0.907427967,712.9596119,DEM,5,4,5,2.0,1.0,1.0,7,5,9,10
3510,4_6 demolishers__f037550__t066.jpg,1149.836548,129.3415222,1353.487183,683.1339111,0.901045859,732.6717197,DEM,6,4,7,2.0,1.0,1.0,8,5,10,11
3511,4_6 demolishers__f037697__t064.jpg,899.9072876,29.94275093,1090.650269,564.0856934,0.888183951,739.3699239,DEM,4,1,3,2.0,1.0,1.0,6,2,6,7
3512,4_6 demolishers__f037724__t065.jpg,329.0036316,209.385498,604.272522,691.9816895,0.916991711,725.5141628,DEM,6,4,7,2.0,1.0,1.0,8,5,10,11
3513,4_6 demolishers__f037730__t066.jpg,1159.808228,165.7915192,1337.336914,736.7908936,0.886379421,720.5618691,DEM,5,1,4,2.0,1.0,1.0,7,2,7,8
3514,4_6 demolishers__f037877__t064.jpg,936.8261108,33.52875137,1089.871582,558.0733643,0.891672492,687.741618,DEM,5,1,4,2.0,1.0,1.0,7,2,7,8
3515,4_6 demolishers__f037904__t065.jpg,336.8110046,226.5859833,631.0998535,691.369751,0.912456334,666.2564602,DEM,6,4,7,2.0,1.0,1.0,8,5,10,11
3516,4_6 demolishers__f037910__t066.jpg,1152.56189,163.6695251,1339.262939,739.3631592,0.896498561,706.0763688,DEM,4,1,3,2.0,1.0,1.0,6,2,6,7
3517,4_6 demolishers__f038057__t064.jpg,973.7876587,49.31041718,1123.243652,578.243042,0.868808925,675.8473869,DEM,4,1,3,2.0,1.0,1.0,6,2,6,7
3518,4_6 demolishers__f038084__t065.jpg,363.4747925,196.8767242,634.5835571,679.0050049,0.903371453,721.7898812,DEM,4,4,4,2.0,1.0,1.0,6,5,8,9
3519,4_6 demolishers__f038090__t066.jpg,1147.400391,174.0328979,1327.218872,740.1262817,0.881860971,672.8476876,DEM,4,1,3,2.0,1.0,1.0,6,2,6,7
3521,4_6 demolishers__f038264__t065.jpg,532.5009155,199.3406677,794.5526733,670.5199585,0.928006887,812.112411,DEM,5,4,5,2.0,1.0,1.0,7,5,9,10
3522,4_6 demolishers__f038270__t066.jpg,1336.147705,175.2249756,1535.536621,750.1791992,0.888414145,807.317709,DEM,4,2,4,2.0,1.0,1.0,6,3,6,7
3523,4_6 demolishers__f038417__t064.jpg,1159.929199,57.7845993,1329.226563,597.9504395,0.875377715,730.5140794,DEM,4,1,3,2.0,1.0,1.0,6,2,6,7
3524,4_6 demolishers__f038444__t065.jpg,490.4100037,205.3126831,764.5667114,673.3818359,0.910675287,731.3290296,DEM,5,4,5,2.0,1.0,1.0,7,5,9,10
3525,4_6 demolishers__f038450__t066.jpg,1322.506958,170.5518799,1527.541382,745.5753784,0.901931524,759.1292496,DEM,4,4,4,2.0,1.0,1.0,6,5,8,9
3526,4_6 demolishers__f038597__t064.jpg,1110.554321,74.66134644,1335.942871,642.5033569,0.891973138,824.7212581,DEM,3,1,2,2.0,1.0,1.0,5,2,4,5
3527,4_6 demolishers__f038624__t065.jpg,501.8061829,209.21875,783.2384033,676.0203857,0.914367437,802.6461774,DEM,5,4,5,2.0,1.0,1.0,7,5,9,10
3528,4_6 demolishers__f038630__t066.jpg,1327.682739,217.2838135,1513.152344,754.2103271,0.858405828,804.457266,DEM,4,4,4,2.0,1.0,1.0,6,5,8,9
3529,4_6 demolishers__f038777__t064.jpg,1074.851318,63.60359573,1280.665039,614.8158569,0.921645999,709.6027948,DEM,4,1,3,2.0,1.0,1.0,6,2,6,7
3530,4_6 demolishers__f038804__t065.jpg,503.916748,206.9625397,755.7164917,673.5332642,0.90710336,710.6849456,DEM,3,4,3,2.0,1.0,1.0,5,5,6,7
3531,4_6 demolishers__f038810__t066.jpg,1261.564819,199.3731079,1467.4021,745.671814,0.884788036,761.4410865,DEM,5,4,5,2.0,1.0,1.0,7,5,9,10
3534,4_6 demolishers__f038990__t066.jpg,745.2971191,202.1645355,1019.416016,791.0064697,0.86614579,785.2424604,DEM,4,2,4,2.0,1.0,1.0,6,3,6,7
3538,4_6 demolishers__f039170__t066.jpg,307.8050232,63.96720886,561.407959,744.5021973,0.895571053,750.4558163,DEM,5,1,4,2.0,1.0,1.0,7,2,7,8
3539,4_6 demolishers__f039206__t069.jpg,369.4693604,19.8678894,542.8413086,629.7051392,0.883377671,741.9941115,DEM,3,1,2,2.0,1.0,1.0,5,2,4,5
3540,4_6 demolishers__f039232__t069.jpg,329.3188782,30.74073219,535.0484619,685.3932495,0.911437571,788.4761186,DEM,5,1,4,2.0,1.0,1.0,7,2,7,8
3542,4_6 demolishers__f039317__t064.jpg,541.4279785,216.485321,782.6798706,654.0910034,0.884520829,906.4673697,DEM,4,4,4,2.0,1.0,1.0,6,5,8,9
3543,4_6 demolishers__f039322__t069.jpg,81.81191254,22.93680191,359.4484558,769.1363525,0.931950152,801.3778793,DEM,6,1,6,2.0,1.0,1.0,8,2,8,9
3546,4_6 demolishers__f039497__t064.jpg,613.5043945,202.7545776,873.9967041,649.4157715,0.895381749,1014.432861,DEM,3,4,3,2.0,1.0,1.0,5,5,6,7
3547,4_6 demolishers__f039677__t064.jpg,594.2194214,0.250484347,804.5408936,609.4274902,0.903702617,855.7131553,DEM,4,1,3,2.0,1.0,1.0,6,2,6,7
3548,5_VID_20240313_171008023__f000023__t001.jpg,162.2804413,465.4897766,268.4782104,709.1187744,0.787118018,2785.784841,RSS,4,1,3,2.0,1.0,1.0,6,2,6,7
3549,5_VID_20240313_171008023__f000046__t004.jpg,647.508667,530.9832764,765.9720459,783.46698,0.741408825,2904.873923,RSS,4,1,3,2.0,1.0,1.0,6,2,6,7
3551,5_VID_20240313_171008023__f000084__t002.jpg,644.5040894,765.6893921,852.2807007,1219.838135,0.855741084,2790.665196,RSS,5,1,4,2.0,1.0,1.0,7,2,7,8
3552,5_VID_20240313_171008023__f000092__t001.jpg,190.7842102,463.9623108,283.9588928,709.5825806,0.832599759,2790.665196,RSS,4,1,3,2.0,1.0,1.0,6,2,6,7
3553,5_VID_20240313_171008023__f000096__t003.jpg,748.1943359,583.1287231,808.6162109,808.3428955,0.373823494,2754.87693,RSS,4,2,4,2.0,1.0,1.0,6,3,6,7
3554,5_VID_20240313_171008023__f000112__t001.jpg,207.2702484,454.9611511,296.1710815,703.1010742,0.823751092,2737.016272,RSS,4,1,3,2.0,1.0,1.0,6,2,6,7
3555,5_VID_20240313_171008023__f000135__t004.jpg,664.8136597,524.2645874,764.8690186,814.4320068,0.746182144,2733.419731,RSS,4,1,3,2.0,1.0,1.0,6,2,6,7
3556,5_VID_20240313_171008023__f000142__t002.jpg,589.8577881,842.9216309,830.0515747,1215.196655,0.855475068,2827.627418,RSS,4,4,4,2.0,1.0,1.0,6,5,8,9
3558,5_VID_20240313_171008023__f000173__t002.jpg,607.93927,799.6335449,849.6618042,1209.735718,0.847424626,2762.270168,RSS,5,4,5,2.0,1.0,1.0,7,5,9,10
3559,5_VID_20240313_171008023__f000190__t004.jpg,663.2510376,525.4128418,782.4888916,803.8792725,0.732518494,2888.634092,RSS,4,1,3,2.0,1.0,1.0,6,2,6,7
3560,5_VID_20240313_171008023__f000201__t001.jpg,286.4121094,444.0551758,381.5854187,710.3814697,0.811534703,2863.300694,RSS,4,1,3,2.0,1.0,1.0,6,2,6,7
3562,5_VID_20240313_171008023__f000262__t002.jpg,639.2461548,690.2672119,848.3981323,1193.54541,0.852161527,2677.405759,RSS,4,1,3,2.0,1.0,1.0,6,2,6,7
3563,5_VID_20240313_171008023__f000269__t001.jpg,334.269043,558.1461792,465.3114014,721.1817627,0.864769399,2753.55272,RSS,8,4,9,2.0,1.0,1.0,10,5,11,12
3564,5_VID_20240313_171008023__f000290__t001.jpg,330.7259827,550.1247559,471.2797852,721.7041016,0.863166988,2859.227709,RSS,7,4,8,2.0,1.0,1.0,9,5,10,11
3565,5_VID_20240313_171008023__f000313__t004.jpg,671.2967529,515.9266968,769.1507568,801.836731,0.808482111,2934.20651,RSS,3,2,3,2.0,1.0,1.0,5,3,4,5
3566,5_VID_20240313_171008023__f000319__t002.jpg,542.375,671.4115601,749.2336426,1224.168457,0.807233036,2859.811806,RSS,5,1,4,2.0,1.0,1.0,7,2,7,8
3567,5_VID_20240313_171008023__f000351__t002.jpg,516.043335,664.8418579,695.5610962,1224.061768,0.756157875,2832.067367,RSS,5,1,4,2.0,1.0,1.0,7,2,7,8
3568,5_VID_20240313_171008023__f000367__t004.jpg,649.1798706,516.0895386,748.9259644,807.8734131,0.742750227,2891.63118,RSS,4,2,4,2.0,1.0,1.0,6,3,6,7
3569,5_VID_20240313_171008023__f000446__t001.jpg,332.2451477,461.4918518,433.5787964,715.4945068,0.824688196,2839.394198,RSS,6,1,6,2.0,1.0,1.0,8,2,8,9
3570,5_VID_20240313_171008023__f000496__t002.jpg,456.0275269,661.7893677,689.4664307,1219.193115,0.889388561,2816.879772,RSS,4,1,3,2.0,1.0,1.0,6,2,6,7
3572,5_VID_20240313_171008023__f000623__t001.jpg,329.0411072,442.4638062,408.4229431,715.7703247,0.784100354,2753.311238,RSS,4,1,3,2.0,1.0,1.0,6,2,6,7
3573,5_VID_20240313_171008023__f000673__t002.jpg,500.7102051,636.8570557,712.4169312,1234.255127,0.875865698,2938.646728,RSS,4,2,4,2.0,1.0,1.0,6,3,6,7
3574,5_VID_20240313_171008023__f000721__t004.jpg,657.2816162,488.4100952,763.6179199,780.3123169,0.838804364,2941.569591,RSS,4,1,3,2.0,1.0,1.0,6,2,6,7
3576,5_VID_20240313_171008023__f000800__t001.jpg,335.1288452,439.78479,420.1285095,690.6723633,0.786189735,2818.937348,RSS,5,1,4,2.0,1.0,1.0,7,2,7,8
3577,5_VID_20240313_171008023__f000805__t006.jpg,769.6176758,531.4811401,841.208252,774.5761719,0.821964204,2820.527731,RSS,4,2,4,2.0,1.0,1.0,6,3,6,7
3578,5_VID_20240313_171008023__f000846__t006.jpg,760.4608154,539.5636597,850.2584229,777.3602905,0.832535863,2897.416161,RSS,5,1,4,2.0,1.0,1.0,7,2,7,8
3579,5_VID_20240313_171008023__f000850__t002.jpg,417.8110352,648.4552002,707.3623047,1215.070801,0.87147069,2878.141705,RSS,3,1,2,2.0,1.0,1.0,5,2,4,5
3580,5_VID_20240313_171008023__f000898__t004.jpg,650.8057251,486.3461609,747.7333984,778.8578491,0.876384974,2876.456333,RSS,3,1,2,2.0,1.0,1.0,5,2,4,5
3581,5_VID_20240313_171008023__f000935__t006.jpg,782.2730713,530.6060791,883.9599609,764.555603,0.824606061,2714.556091,RSS,2,1,1,2.0,1.0,1.0,4,2,4,5
3582,5_VID_20240313_171008023__f000977__t001.jpg,126.0534744,506.3760681,235.2368774,678.9907837,0.848011434,2859.469077,RSS,5,4,5,2.0,1.0,1.0,7,5,9,10
3593,5_VID_20240313_171155028__f000010__t001.jpg,0.0,523.4702759,163.1376648,942.3960571,0.776511431,2032.544974,RSS,5,1,4,2.0,1.0,1.0,7,2,7,8
3594,5_VID_20240313_171155028__f000034__t002.jpg,705.7026978,362.2406311,784.9133911,582.3421021,0.822190583,2125.145508,RSS,3,1,2,2.0,1.0,1.0,5,2,4,5
3595,5_VID_20240313_171155028__f000051__t002.jpg,712.8598633,360.6953735,785.8134766,583.4078979,0.795539916,2066.059859,RSS,3,1,2,2.0,1.0,1.0,5,2,4,5
3596,5_VID_20240313_171155028__f000060__t003.jpg,384.6817932,371.2869873,521.4307251,521.0501099,0.821607351,2154.669288,RSS,7,7,9,2.0,1.0,1.0,9,8,11,12
3597,5_VID_20240313_171155028__f000068__t003.jpg,377.8959351,370.5532227,519.138916,524.2199097,0.83616519,2109.776215,RSS,8,7,10,2.0,1.0,1.0,10,8,12,13
3599,5_VID_20240313_171155028__f000153__t002.jpg,446.7187195,229.9655457,564.7791138,406.6648865,0.823110998,2136.76616,RSS,6,4,7,2.0,1.0,1.0,8,5,10,11
3601,5_VID_20240313_171155028__f000237__t005.jpg,1110.802612,191.3487854,1233.287964,496.3920288,0.75103575,1961.4644,RSS,6,2,6,2.0,1.0,1.0,8,3,8,9
3602,5_VID_20240313_171155028__f000276__t009.jpg,15.79691124,309.8313293,177.8551025,1005.953186,0.90221107,2056.273969,RSS,3,2,3,2.0,1.0,1.0,5,3,4,5
3605,5_VID_20240313_171155028__f000327__t005.jpg,1387.320923,270.16745,1487.424316,532.3171997,0.753937423,2031.410768,RSS,5,1,4,2.0,1.0,1.0,7,2,7,8
3607,5_VID_20240313_171155028__f000388__t005.jpg,1295.371704,220.982254,1411.922852,514.7485962,0.830363274,1979.337442,RSS,3,1,2,2.0,1.0,1.0,5,2,4,5
3609,5_VID_20240313_171155028__f000406__t007.jpg,636.2038574,269.6351013,712.7950439,441.4432678,0.731723487,1986.410912,RSS,5,1,4,2.0,1.0,1.0,7,2,7,8
3611,5_VID_20240313_171155028__f000417__t005.jpg,1256.263672,221.9818726,1377.352173,507.7973328,0.813253343,1934.68269,RSS,5,1,4,2.0,1.0,1.0,7,2,7,8
3612,5_VID_20240313_171155028__f000437__t007.jpg,619.144043,266.0820618,703.5233765,448.6428223,0.739102781,1961.993616,RSS,4,1,3,2.0,1.0,1.0,6,2,6,7
3614,5_VID_20240313_171155028__f000491__t002.jpg,876.4789429,305.7574463,966.6600952,512.7905273,0.749230325,1876.019271,RSS,4,2,4,2.0,1.0,1.0,6,3,6,7
3615,5_VID_20240313_171155028__f000496__t007.jpg,586.6525269,247.8442993,676.6477661,448.8370361,0.810609281,1951.841813,RSS,4,1,3,2.0,1.0,1.0,6,2,6,7
3616,5_VID_20240313_171155028__f000507__t005.jpg,1232.693359,212.1431274,1330.477051,512.4906006,0.870157123,1870.07992,RSS,5,2,4,2.0,1.0,1.0,7,3,7,8
3618,5_VID_20240313_171155028__f000568__t005.jpg,1240.808472,211.5752106,1337.937134,505.4787903,0.855181515,1846.314704,RSS,5,2,4,2.0,1.0,1.0,7,3,7,8
3619,5_VID_20240313_171155028__f000583__t008.jpg,164.5562897,423.6645508,288.3534546,825.0724487,0.731318116,1894.651585,RSS,4,7,7,2.0,1.0,1.0,6,8,9,10
3620,5_VID_20240313_171155028__f000586__t007.jpg,606.2202148,247.1920471,714.6362915,444.9875183,0.844777226,1859.133268,RSS,4,2,4,2.0,1.0,1.0,6,3,6,7
3622,5_VID_20240313_171155028__f000597__t005.jpg,1222.667114,218.2396851,1325.547974,526.0341187,0.807193935,1911.529223,RSS,4,2,4,2.0,1.0,1.0,6,3,6,7
3623,5_VID_20240313_171155028__f000617__t007.jpg,596.213501,247.4946442,703.5681152,445.8024902,0.812909663,1770.357223,RSS,4,1,3,2.0,1.0,1.0,6,2,6,7
3626,5_VID_20240313_171155028__f000671__t002.jpg,836.0217896,307.6396179,923.7349854,522.7600708,0.798616886,1841.500684,RSS,5,2,4,2.0,1.0,1.0,7,3,7,8
3627,5_VID_20240313_171155028__f000687__t005.jpg,1168.581543,225.3469849,1261.161011,526.1929321,0.823076665,1807.715759,RSS,3,2,3,2.0,1.0,1.0,5,3,4,5
3628,5_VID_20240313_171155028__f000748__t005.jpg,1224.321289,222.7566223,1320.972046,516.713562,0.820375502,1822.896236,RSS,5,2,4,2.0,1.0,1.0,7,3,7,8
3630,5_VID_20240313_171155028__f000797__t007.jpg,524.4867554,239.9683075,641.0632935,452.1285706,0.801606715,1880.599723,RSS,5,1,4,2.0,1.0,1.0,7,2,7,8
3632,5_VID_20240313_171155028__f000884__t005.jpg,1492.607788,260.2819214,1646.934814,479.0649414,0.598717928,1753.137666,RSS,4,4,4,2.0,1.0,1.0,6,5,8,9
3633,5_VID_20240313_171155028__f000943__t008.jpg,120.6823044,517.6392212,255.3947296,838.3429565,0.850282967,1936.036379,RSS,5,2,4,2.0,1.0,1.0,7,3,7,8
3634,5_VID_20240313_171155028__f000977__t007.jpg,650.3005981,243.1725311,731.8930664,457.1636658,0.869008601,1813.751787,RSS,4,1,3,2.0,1.0,1.0,6,2,6,7
3635,5_VID_20240313_171155028__f001011__t012.jpg,1492.384521,234.9451447,1653.98645,482.4588928,0.796721935,1842.493552,RSS,4,4,4,2.0,1.0,1.0,6,5,8,9
3636,5_VID_20240313_171155028__f001025__t012.jpg,1504.404907,221.7932129,1662.302368,481.6399536,0.813420296,1851.897214,RSS,4,4,4,2.0,1.0,1.0,6,5,8,9
3638,5_VID_20240313_171155028__f001115__t012.jpg,1611.025024,283.4486389,1772.966675,501.7013855,0.863214254,1886.123963,RSS,5,4,5,2.0,1.0,1.0,7,5,9,10
3639,5_VID_20240313_171155028__f001123__t008.jpg,80.05612183,500.6975403,217.6862335,840.2006226,0.826392949,1883.333868,RSS,3,4,3,2.0,1.0,1.0,5,5,6,7
3642,5_VID_20240313_171155028__f001191__t012.jpg,1606.716309,257.4975891,1787.387817,490.9975891,0.828526855,2008.448561,RSS,5,4,5,2.0,1.0,1.0,7,5,9,10
3643,5_VID_20240313_171155028__f001205__t012.jpg,1606.103027,249.1937408,1775.791748,501.0548706,0.816137195,2004.941736,RSS,4,5,5,2.0,1.0,1.0,6,6,8,9
3644,5_VID_20240313_171155028__f001295__t012.jpg,1569.495605,328.6725769,1748.589966,518.0068359,0.756749928,2010.589858,RSS,8,5,10,2.0,1.0,1.0,10,6,11,12
3645,5_VID_20240313_171155028__f001303__t008.jpg,67.10939789,579.9813843,234.2641144,845.0667114,0.827620387,1938.781759,RSS,8,5,10,2.0,1.0,1.0,10,6,11,12
3646,5_VID_20240313_171155028__f001371__t012.jpg,1548.052979,305.8655396,1722.640381,512.4060059,0.874795914,2027.383138,RSS,5,4,5,2.0,1.0,1.0,7,5,9,10
3647,5_VID_20240313_171155028__f001385__t012.jpg,1551.213623,302.4270325,1697.940918,505.2957153,0.812055826,2057.846436,RSS,5,4,5,2.0,1.0,1.0,7,5,9,10
3648,5_VID_20240313_171155028__f001395__t012.jpg,1553.730469,308.4126587,1684.324585,501.7119446,0.403331578,2051.189017,RSS,5,5,6,2.0,1.0,1.0,7,6,9,10
3649,5_VID_20240313_171155028__f001483__t008.jpg,79.61790466,548.5925903,233.9905396,837.151001,0.825492918,2091.138667,RSS,5,4,5,2.0,1.0,1.0,7,5,9,10
3651,5_VID_20240313_171155028__f001551__t015.jpg,743.081604,306.2263489,852.8876953,525.5576172,0.83612591,2092.669334,RSS,3,1,2,2.0,1.0,1.0,5,2,4,5
3652,5_VID_20240313_171155028__f001556__t014.jpg,822.3480225,382.4578247,911.0001831,516.2935791,0.531249642,2142.651972,RSS,4,5,5,2.0,1.0,1.0,6,6,8,9
3653,5_VID_20240313_171155028__f001630__t015.jpg,753.4905396,287.7025452,857.4522705,528.1304932,0.750318766,2093.467108,RSS,5,2,4,2.0,1.0,1.0,7,3,7,8
3655,5_VID_20240313_171155028__f001641__t015.jpg,766.067627,285.2598267,886.6278687,522.2269897,0.816901028,2172.117413,RSS,5,1,4,2.0,1.0,1.0,7,2,7,8
3656,5_VID_20240313_171155028__f001663__t008.jpg,0.0,536.4845581,172.6416931,834.7626343,0.798379421,2101.979422,RSS,3,2,3,2.0,1.0,1.0,5,3,4,5
3657,5_VID_20240313_171155028__f001731__t015.jpg,834.5744629,269.2554016,951.7727051,525.7817383,0.843587577,2199.045202,RSS,3,1,2,2.0,1.0,1.0,5,2,4,5
3658,5_VID_20240313_171155028__f001793__t017.jpg,839.892334,304.9420166,907.1884766,516.5473633,0.755853355,2177.109555,RSS,4,1,3,2.0,1.0,1.0,6,2,6,7
3659,5_VID_20240313_171155028__f001810__t015.jpg,923.6131592,249.7648468,1029.597534,520.3791504,0.851067424,2274.242461,RSS,5,1,4,2.0,1.0,1.0,7,2,7,8
3660,5_VID_20240313_171155028__f001821__t015.jpg,938.3676758,245.8570404,1053.478271,522.3088989,0.879397333,2166.408558,RSS,5,1,4,2.0,1.0,1.0,7,2,7,8
3661,5_VID_20240313_171155028__f001835__t019.jpg,1581.953613,278.7881165,1688.814209,509.5970764,0.823383808,2266.82736,RSS,5,2,4,2.0,1.0,1.0,7,3,7,8
3662,5_VID_20240313_171155028__f001841__t017.jpg,845.1241455,301.7924805,905.5692749,520.1795044,0.766548395,2295.708707,RSS,5,2,4,2.0,1.0,1.0,7,3,7,8
3663,5_VID_20240313_171155028__f001841__t019.jpg,1584.871216,277.6712646,1691.213623,506.9129028,0.822600603,2295.708707,RSS,6,4,7,2.0,1.0,1.0,8,5,10,11
3664,5_VID_20240313_171155028__f001843__t008.jpg,7.90025568,549.0216675,189.782196,826.8323975,0.84913069,2276.939252,RSS,6,4,7,2.0,1.0,1.0,8,5,10,11
3665,5_VID_20240313_171155028__f001925__t019.jpg,1682.16394,238.8446198,1845.4823,469.8274231,0.833471835,2266.495313,RSS,3,4,3,2.0,1.0,1.0,5,5,6,7
3666,5_VID_20240313_171155028__f001931__t017.jpg,889.6428223,307.8830261,984.3896484,528.0133667,0.792813003,2251.493074,RSS,4,1,3,2.0,1.0,1.0,6,2,6,7
3667,5_VID_20240313_171155028__f001973__t017.jpg,962.0887451,305.9060669,1056.100464,511.4550476,0.770596445,2331.963634,RSS,5,1,4,2.0,1.0,1.0,7,2,7,8
3668,5_VID_20240313_171155028__f001990__t015.jpg,1206.042969,346.5979004,1422.323975,533.9360352,0.653614163,2223.478062,RSS,7,5,9,2.0,1.0,1.0,9,6,10,11
3670,5_VID_20240313_171155028__f002016__t019.jpg,1556.617065,302.5229492,1726.780029,506.375061,0.589634359,2399.198623,RSS,6,4,7,2.0,1.0,1.0,8,5,10,11
3671,5_VID_20240313_171155028__f002021__t019.jpg,1555.594116,311.8019104,1719.734863,508.14151,0.830641091,2248.25822,RSS,6,4,7,2.0,1.0,1.0,8,5,10,11
3672,5_VID_20240313_171155028__f002021__t017.jpg,882.866333,304.5211792,988.6809692,521.4674072,0.536075711,2248.25822,RSS,3,1,2,2.0,1.0,1.0,5,2,4,5
3673,5_VID_20240313_171155028__f002105__t019.jpg,1475.61499,314.3321228,1643.0177,504.835907,0.840075612,2439.849497,RSS,5,5,6,2.0,1.0,1.0,7,6,9,10
3674,5_VID_20240313_171155028__f002111__t017.jpg,752.3580933,266.5502625,853.1365967,542.4976807,0.847008407,2462.282976,RSS,4,1,3,2.0,1.0,1.0,6,2,6,7
3675,5_VID_20240313_171155028__f002153__t017.jpg,810.0430298,253.2154541,897.0615234,523.1123047,0.831206977,2354.360653,RSS,4,1,3,2.0,1.0,1.0,6,2,6,7
3676,5_VID_20240313_171155028__f002156__t019.jpg,1468.671631,354.8680725,1609.645508,509.31604,0.451114804,2488.403433,RSS,8,5,10,2.0,1.0,1.0,10,6,11,12
3677,5_VID_20240313_171155028__f002170__t015.jpg,1028.036499,274.2417603,1201.409424,541.7060547,0.872590005,2431.013311,RSS,4,2,4,2.0,1.0,1.0,6,3,6,7
3678,5_VID_20240313_171155028__f002201__t017.jpg,868.5336304,256.312561,991.8710327,555.7103271,0.81146574,2404.962139,RSS,4,2,4,2.0,1.0,1.0,6,3,6,7
3679,5_VID_20240313_171155028__f002244__t022.jpg,1462.697266,326.7597046,1620.474243,496.9195557,0.802337408,2250.066982,RSS,6,5,8,2.0,1.0,1.0,8,6,10,11
3681,5_VID_20240313_171155028__f002334__t022.jpg,1438.910889,359.0750427,1569.830444,479.0259399,0.581684172,2113.7345,RSS,8,5,10,2.0,1.0,1.0,10,6,11,12
3683,5_VID_20240313_171155028__f002408__t022.jpg,1456.548828,289.8823853,1617.586426,501.7826843,0.832187057,2236.346278,RSS,6,4,7,2.0,1.0,1.0,8,5,10,11
3684,5_VID_20240313_171155028__f002424__t022.jpg,1460.260986,296.5174561,1620.72644,500.7352905,0.795624316,2233.817282,RSS,6,4,7,2.0,1.0,1.0,8,5,10,11
3686,5_VID_20240313_172122059__f000079__t002.jpg,423.8634033,467.1745605,556.2786865,614.0018311,0.818994939,3010.829398,RCS,6,4,7,1.0,1.0,2.0,7,6,9,10
3687,5_VID_20240313_172122059__f000102__t001.jpg,169.6363373,367.6525879,253.0125732,557.2391357,0.722009718,2939.106465,RCS,4,1,3,1.0,1.0,2.0,5,3,4,5
3688,5_VID_20240313_172122059__f000139__t002.jpg,431.0148621,366.7137146,520.3483276,601.49646,0.66503334,2912.374405,RCS,2,2,2,1.0,1.0,2.0,3,4,3,4
3689,5_VID_20240313_172122059__f000169__t002.jpg,449.2842102,366.1601868,526.3185425,603.3007813,0.747725129,2874.942038,RCS,4,1,3,1.0,1.0,2.0,5,3,4,5
3690,5_VID_20240313_172122059__f000171__t004.jpg,463.0029602,641.4160767,579.045166,879.6937866,0.532332063,2874.350501,RCS,5,4,5,1.0,1.0,2.0,6,6,8,9
3691,5_VID_20240313_172122059__f000179__t001.jpg,179.906662,356.794342,251.3109131,538.9070435,0.682403684,2794.943044,RCS,4,1,3,1.0,1.0,2.0,5,3,4,5
3692,5_VID_20240313_172122059__f000181__t004.jpg,448.1601868,644.5704956,568.7180176,874.4533691,0.50707829,2888.263319,RCS,6,4,7,1.0,1.0,2.0,7,6,9,10
3693,5_VID_20240313_172122059__f000192__t001.jpg,177.6381073,349.6019592,249.5443115,529.1157837,0.745326936,2818.515613,RCS,4,1,3,1.0,1.0,2.0,5,3,4,5
3695,5_VID_20240313_172122059__f000259__t002.jpg,600.3942261,385.2610474,751.5306396,611.4614258,0.569719434,2942.238196,RCS,6,1,6,1.0,1.0,2.0,7,3,7,8
3698,5_VID_20240313_172122059__f000319__t002.jpg,868.6279907,348.7950439,973.8374634,598.0612793,0.782975733,3133.607232,RCS,5,1,4,1.0,1.0,2.0,6,3,6,7
3700,5_VID_20240313_172122059__f000349__t002.jpg,955.2357788,327.107666,1059.356812,582.2938232,0.587466359,3345.048083,RCS,4,1,3,1.0,1.0,2.0,5,3,4,5
3701,5_VID_20240313_172122059__f000351__t004.jpg,502.3197632,570.512146,628.5130615,854.7096558,0.685763836,3333.891573,RCS,3,2,3,1.0,1.0,2.0,4,4,4,5
3702,5_VID_20240313_172122059__f000359__t001.jpg,119.7569351,312.9475403,181.1879883,489.0201721,0.631659627,3354.521013,RCS,5,2,4,1.0,1.0,2.0,6,4,7,8
3703,5_VID_20240313_172122059__f000361__t004.jpg,497.306366,564.2810059,625.8688965,850.6538086,0.773554683,3347.621205,RCS,4,1,3,1.0,1.0,2.0,5,3,4,5
3704,5_VID_20240313_172122059__f000363__t005.jpg,675.3945923,400.4064941,755.0836792,598.302063,0.798970282,3351.447432,RCS,5,1,4,1.0,1.0,2.0,6,3,6,7
3707,5_VID_20240313_172122059__f000421__t005.jpg,768.8092651,384.2254333,848.3433838,591.5267944,0.779795051,3210.480388,RCS,4,1,3,1.0,1.0,2.0,5,3,4,5
3708,5_VID_20240313_172122059__f000441__t004.jpg,532.0559692,529.1964111,640.6842041,863.8099365,0.7425313,3392.463334,RCS,4,1,3,1.0,1.0,2.0,5,3,4,5
3709,5_VID_20240313_172122059__f000511__t005.jpg,896.9025269,348.7380981,984.8187256,592.3226929,0.744098425,3361.050329,RCS,4,1,3,1.0,1.0,2.0,5,3,4,5
3710,5_VID_20240313_172122059__f000531__t004.jpg,550.4647827,524.2283325,667.6307373,838.0686035,0.791776717,3349.067625,RCS,5,1,4,1.0,1.0,2.0,6,3,6,7
3711,5_VID_20240313_172122059__f000539__t001.jpg,63.18754196,311.3314819,148.2468414,470.7388,0.817760468,3313.195582,RCS,5,1,4,1.0,1.0,2.0,6,3,6,7
3712,5_VID_20240313_172122059__f000541__t004.jpg,535.324585,521.0410156,662.7866821,836.961853,0.676003158,3362.02199,RCS,5,1,4,1.0,1.0,2.0,6,3,6,7
3713,5_VID_20240313_172122059__f000543__t005.jpg,939.479126,333.3089294,1065.88855,588.8074341,0.757487833,3335.929077,RCS,3,1,2,1.0,1.0,2.0,4,3,4,5
3714,5_VID_20240313_172122059__f000601__t005.jpg,936.9277344,331.5734253,1022.964111,588.7780151,0.717844665,3529.206225,RCS,4,1,3,1.0,1.0,2.0,5,3,4,5
3716,5_VID_20240313_172122059__f000691__t005.jpg,947.5858765,347.7110596,1047.03772,607.1917725,0.702661157,3466.434366,RCS,4,1,3,1.0,1.0,2.0,5,3,4,5
3717,5_VID_20240313_172122059__f000719__t001.jpg,151.2237091,356.7408447,225.5883484,498.1190796,0.717042983,3361.315022,RCS,4,1,3,1.0,1.0,2.0,5,3,4,5
3719,5_VID_20240313_172122059__f000723__t005.jpg,961.6049805,365.3373718,1065.36853,624.2296753,0.598200202,3258.420762,RCS,4,1,3,1.0,1.0,2.0,5,3,4,5
3720,5_VID_20240313_172122059__f000791__t005.jpg,960.2754517,375.2379456,1009.153259,503.182373,0.458579212,3281.184907,RCS,4,2,4,1.0,1.0,2.0,5,4,5,6
3721,5_VID_20240313_172122059__f000819__t007.jpg,892.7866211,387.559021,978.6407471,621.7902222,0.531457901,3416.744692,RCS,5,1,4,1.0,1.0,2.0,6,3,6,7
3723,5_VID_20240313_172122059__f000908__t007.jpg,757.8815918,424.3186646,849.8242798,653.6911621,0.785446465,3172.251866,RCS,5,1,4,1.0,1.0,2.0,6,3,6,7
3724,5_VID_20240313_172122059__f000924__t007.jpg,765.6340942,419.4753723,847.9124756,639.7492676,0.842601418,3395.993713,RCS,4,1,3,1.0,1.0,2.0,5,3,4,5
3725,5_VID_20240313_172122059__f000998__t007.jpg,728.4560547,469.2595825,800.8984375,647.312439,0.770820558,3215.310677,RCS,5,2,4,1.0,1.0,2.0,6,4,7,8
3727,5_VID_20240313_172122059__f001089__t012.jpg,995.9038696,562.3672485,1080.0,727.1099854,0.696796656,3163.756134,RCS,5,1,4,1.0,1.0,2.0,6,3,6,7
3729,5_VID_20240313_172122059__f001134__t011.jpg,631.9824829,655.9668579,739.2321777,975.2651367,0.671179771,3204.555747,RCS,5,1,4,1.0,1.0,2.0,6,3,6,7
3730,5_VID_20240313_172122059__f001139__t011.jpg,635.0919189,657.864624,737.7261353,968.6834106,0.622890353,3070.148768,RCS,5,1,4,1.0,1.0,2.0,6,3,6,7
3733,5_VID_20240313_172122059__f001229__t011.jpg,744.8646851,725.4882202,870.6663818,1038.953125,0.627106488,2994.538258,RCS,4,1,3,1.0,1.0,2.0,5,3,4,5
3734,5_VID_20240313_172122059__f001269__t012.jpg,993.831543,530.1675415,1066.506226,759.9333496,0.737137198,3073.129994,RCS,5,1,4,1.0,1.0,2.0,6,3,6,7
3735,5_VID_20240313_172122059__f001314__t011.jpg,738.7828369,691.2749023,854.0206909,1042.383667,0.657501817,3136.507154,RCS,5,2,4,1.0,1.0,2.0,6,4,7,8
3736,5_VID_20240313_172122059__f001319__t011.jpg,742.5206909,705.4838867,850.9500122,1045.290527,0.70234555,3276.631049,RCS,5,4,5,1.0,1.0,2.0,6,6,8,9
3738,5_VID_20240313_172122059__f001370__t012.jpg,1014.940491,523.2963867,1075.733398,749.8099365,0.667542338,3289.389707,RCS,5,1,4,1.0,1.0,2.0,6,3,6,7
3739,5_VID_20240313_172122059__f001410__t011.jpg,724.5878296,791.5822754,859.2896118,1046.621704,0.671803713,3108.193464,RCS,7,4,8,1.0,1.0,2.0,8,6,10,11
3740,5_VID_20240313_172122059__f001449__t012.jpg,993.6660767,505.3753357,1056.600586,739.2561035,0.612414718,3283.705749,RCS,5,2,4,1.0,1.0,2.0,6,4,7,8
3741,5_VID_20240313_172122059__f001494__t011.jpg,714.5883179,694.2700195,849.7267456,1014.463013,0.82197088,3287.400162,RCS,4,2,4,1.0,1.0,2.0,5,4,5,6
3742,5_VID_20240313_172122059__f001507__t018.jpg,446.986145,591.5391235,515.6237793,686.4196167,0.641934931,3164.039589,RCS,7,1,7,1.0,1.0,2.0,8,3,8,9
3743,5_VID_20240313_172122059__f001546__t018.jpg,402.2794189,576.894165,469.9968872,684.2958374,0.678192079,3156.086291,RCS,5,1,4,1.0,1.0,2.0,6,3,6,7
3744,5_VID_20240313_172122059__f001550__t012.jpg,976.312439,489.1861267,1067.393311,729.854187,0.728200138,3134.964409,RCS,4,1,3,1.0,1.0,2.0,5,3,4,5
3746,5_VID_20240313_172122059__f001674__t011.jpg,613.8978882,728.4986572,736.3453369,1006.191284,0.765808463,2963.562713,RCS,7,5,9,1.0,1.0,2.0,8,7,10,11
3747,5_VID_20240313_172122059__f001687__t018.jpg,249.5802002,501.1655273,344.5954895,662.2420044,0.773976624,2947.513807,RCS,3,4,3,1.0,1.0,2.0,4,6,6,7
3748,5_VID_20240313_172122059__f001702__t018.jpg,258.7805176,509.5414734,335.9761353,663.3237305,0.728953958,2900.310095,RCS,3,1,2,1.0,1.0,2.0,4,3,4,5
3750,5_VID_20240313_172122059__f001730__t012.jpg,911.5964355,468.3502808,1020.401672,718.5728149,0.801605463,3019.265386,RCS,3,1,2,1.0,1.0,2.0,4,3,4,5
3752,5_VID_20240313_172122059__f001792__t018.jpg,273.0715332,489.4433289,328.4849548,647.4650269,0.769174278,2892.581475,RCS,3,1,2,1.0,1.0,2.0,4,3,4,5
3753,5_VID_20240313_172122059__f001801__t012.jpg,1013.681519,452.2921448,1080.0,699.75177,0.407766074,3021.14278,RCS,4,1,3,1.0,1.0,2.0,5,3,4,5
3754,5_VID_20240313_172122059__f001832__t019.jpg,549.6201782,540.9313965,625.3398438,702.192749,0.773304939,2966.444199,RCS,4,1,3,1.0,1.0,2.0,5,3,4,5
3755,5_VID_20240313_172122059__f001854__t011.jpg,586.6350098,680.4401855,722.9915161,979.4541626,0.813721538,2861.694782,RCS,5,4,5,1.0,1.0,2.0,6,6,8,9
3756,5_VID_20240313_172122059__f001867__t018.jpg,183.6800842,478.166687,244.7260895,627.682373,0.789699018,2742.714391,RCS,4,2,4,1.0,1.0,2.0,5,4,5,6
3757,5_VID_20240313_172122059__f001882__t018.jpg,163.9411469,473.4710388,222.5650635,625.354126,0.752555728,2806.200085,RCS,4,2,4,1.0,1.0,2.0,5,4,5,6
3758,5_VID_20240313_172122059__f001906__t019.jpg,510.5651245,524.8205566,580.6712646,696.913147,0.701654255,2587.537123,RCS,5,1,4,1.0,1.0,2.0,6,3,6,7
3759,5_VID_20240313_172122059__f001922__t019.jpg,503.6050415,529.397583,583.7345581,708.3709106,0.802167058,2582.767699,RCS,4,1,3,1.0,1.0,2.0,5,3,4,5
3760,5_VID_20240313_172122059__f001972__t018.jpg,121.3197861,485.84021,186.9414978,649.2386475,0.74104625,2826.943827,RCS,4,1,3,1.0,1.0,2.0,5,3,4,5
3761,5_VID_20240313_172122059__f002005__t011.jpg,502.9890137,700.9226685,640.6351318,1016.306396,0.391754001,2711.067079,RCS,5,1,4,1.0,1.0,2.0,6,3,6,7
3762,5_VID_20240313_172122059__f002047__t018.jpg,127.2352905,515.2460327,201.0658264,662.6929932,0.669540524,2810.035763,RCS,5,1,4,1.0,1.0,2.0,6,3,6,7
3763,5_VID_20240313_172122059__f002086__t019.jpg,778.2791748,566.9927368,865.1776123,782.2469482,0.761290431,2681.320589,RCS,6,1,6,1.0,1.0,2.0,7,3,7,8
3764,5_VID_20240313_172122059__f002138__t022.jpg,604.8901367,745.1002808,734.7468262,1049.577148,0.809478343,2738.150979,RCS,4,2,4,1.0,1.0,2.0,5,4,5,6
3765,5_VID_20240313_172122059__f002266__t019.jpg,966.6383667,537.28125,1046.055664,780.0375977,0.661645293,2729.542496,RCS,4,1,3,1.0,1.0,2.0,5,3,4,5
3767,5_VID_20240313_172122059__f002372__t028.jpg,860.4710693,582.2262573,934.8206787,790.2891846,0.695143938,2856.963275,RCS,5,1,4,1.0,1.0,2.0,6,3,6,7
3768,5_VID_20240313_172122059__f002446__t019.jpg,815.975647,562.5073853,886.9197998,779.0339966,0.790324748,2871.728361,RCS,5,1,4,1.0,1.0,2.0,6,3,6,7
3769,5_VID_20240313_172122059__f002498__t022.jpg,769.2518311,691.9988403,892.694458,1001.302429,0.821604073,2976.413139,RCS,4,1,3,1.0,1.0,2.0,5,3,4,5
3771,5_VID_20240313_172122059__f002574__t031.jpg,258.9892578,569.6865845,339.1371765,692.8154907,0.506302714,2786.56221,RCS,3,1,2,1.0,1.0,2.0,4,3,4,5
3772,5_VID_20240313_172122059__f002578__t031.jpg,263.0602112,573.9014282,333.931427,695.4293823,0.501068234,2570.1232,RCS,3,2,3,1.0,1.0,2.0,4,4,4,5
3773,5_VID_20240313_172122059__f002626__t019.jpg,617.9285889,637.7231445,678.0807495,790.3323975,0.785040021,2464.372094,RCS,2,1,1,1.0,1.0,2.0,3,3,3,4
3774,5_VID_20240313_172122059__f002656__t031.jpg,228.8370361,567.2832031,305.026001,700.1489258,0.714367867,2474.199672,RCS,4,2,4,1.0,1.0,2.0,5,4,5,6
3775,5_VID_20240313_172122059__f002678__t022.jpg,825.9032593,757.0790405,936.6665649,1046.616089,0.750461042,2510.09836,RCS,4,4,4,1.0,1.0,2.0,5,6,7,8
3776,5_VID_20240313_172122059__f002732__t028.jpg,560.2678833,605.7124634,612.4689331,791.0892334,0.748643935,2637.623544,RCS,4,1,3,1.0,1.0,2.0,5,3,4,5
3779,5_VID_20240313_172122059__f002806__t019.jpg,591.7667236,620.619812,645.006897,791.9806519,0.809392989,2601.615725,RCS,4,1,3,1.0,1.0,2.0,5,3,4,5
3780,5_VID_20240313_172122059__f002858__t022.jpg,803.2721558,746.0991821,949.6999512,1051.807739,0.79849273,2650.646823,RCS,5,4,5,1.0,1.0,2.0,6,6,8,9
3781,5_VID_20240313_172122059__f002912__t028.jpg,524.5617676,578.4122925,591.7192383,769.9681396,0.791013777,2591.343252,RCS,2,1,1,1.0,1.0,2.0,3,3,3,4
3782,5_VID_20240313_172122059__f003038__t022.jpg,796.6636963,762.9360962,965.1689453,1051.110718,0.836429715,2634.386976,RCS,5,5,6,1.0,1.0,2.0,6,7,9,10
3785,5_VID_20240313_172122059__f003215__t022.jpg,683.1603394,833.7281494,867.5615234,1084.679565,0.544215024,2226.548532,RCS,5,4,5,1.0,1.0,2.0,6,6,8,9
3788,5_VID_20240313_172122059__f003272__t028.jpg,480.9260864,641.5516968,547.9139404,812.9293823,0.784489572,2332.095159,RCS,4,1,3,1.0,1.0,2.0,5,3,4,5
3790,5_VID_20240313_172122059__f003398__t022.jpg,653.2416992,963.8255615,857.4202881,1183.1875,0.630893052,2065.744289,RCS,5,4,5,1.0,1.0,2.0,6,6,8,9
3791,5_VID_20240313_172122059__f003452__t028.jpg,445.4374084,770.6826782,534.8205566,918.9279175,0.798519611,2181.235643,RCS,4,1,3,1.0,1.0,2.0,5,3,4,5
3801,5_VID_20240313_172122059__f003758__t022.jpg,614.9221191,964.7347412,847.9150391,1152.314941,0.700872242,2190.732556,RCS,5,4,5,1.0,1.0,2.0,6,6,8,9
3803,5_VID_20240313_172122059__f003771__t039.jpg,92.44557953,662.1009521,147.1745605,805.378479,0.699517488,2286.231394,RCS,4,1,3,1.0,1.0,2.0,5,3,4,5
3804,5_VID_20240313_172122059__f003791__t040.jpg,606.465332,737.5369873,684.8283691,918.1797485,0.819172502,2119.326008,RCS,3,1,2,1.0,1.0,2.0,4,3,4,5
3806,5_VID_20240313_172122059__f003839__t040.jpg,686.9193115,720.1290283,764.1016235,909.93396,0.761133254,2172.577456,RCS,5,1,4,1.0,1.0,2.0,6,3,6,7
3807,5_VID_20240313_172122059__f003849__t039.jpg,53.64691162,653.1013184,135.5225525,807.4140015,0.726950943,2307.914535,RCS,4,1,3,1.0,1.0,2.0,5,3,4,5
3808,5_VID_20240313_172122059__f003881__t040.jpg,766.1804199,722.2641602,834.1738281,878.8411865,0.748794436,2386.239418,RCS,3,1,2,1.0,1.0,2.0,4,3,4,5
3809,5_VID_20240313_172122059__f003938__t022.jpg,804.1657104,848.2221069,931.4154663,1152.887573,0.746645629,2375.215178,RCS,5,1,4,1.0,1.0,2.0,6,3,6,7
3811,5_VID_20240313_172122059__f003951__t039.jpg,101.9635086,673.8182373,175.6856842,812.4849854,0.687333584,2323.700207,RCS,5,1,4,1.0,1.0,2.0,6,3,6,7
3813,5_VID_20240313_172122059__f003992__t028.jpg,557.0302734,680.0183105,610.6004028,884.9317627,0.737789989,2289.080329,RCS,4,1,3,1.0,1.0,2.0,5,3,4,5
3816,5_VID_20240313_172122059__f004118__t022.jpg,639.8314209,815.4874268,780.8175659,1143.514404,0.759942651,2319.856412,RCS,3,2,3,1.0,1.0,2.0,4,4,4,5
3818,5_VID_20240313_172122059__f004151__t040.jpg,713.755188,633.553772,824.5447998,889.2875977,0.662132859,2297.79511,RCS,4,1,3,1.0,1.0,2.0,5,3,4,5
3821,5_VID_20240313_172122059__f004298__t022.jpg,603.5307617,777.0535278,737.2038574,1182.417236,0.720717371,2483.557867,RCS,4,1,3,1.0,1.0,2.0,5,3,4,5
3822,5_VID_20240313_172502719__f000174__t001.jpg,456.0202637,742.6908569,602.8587646,921.5698853,0.497344851,1765.16567,RSS,6,5,8,2.0,1.0,1.0,8,6,10,11
3823,5_VID_20240313_172502719__f000358__t001.jpg,459.4564209,763.5344849,602.895874,936.4799194,0.424924254,1694.925485,RSS,8,5,10,2.0,1.0,1.0,10,6,11,12
3824,5_VID_20240313_172502719__f000538__t001.jpg,458.851532,756.6660156,607.1784668,943.526123,0.718695104,1783.116483,RSS,5,4,5,2.0,1.0,1.0,7,5,9,10
3825,5_VID_20240313_172502719__f000718__t001.jpg,460.6440125,754.8468628,602.786499,935.690979,0.666648746,1699.284284,RSS,7,5,9,2.0,1.0,1.0,9,6,10,11
3826,5_VID_20240313_172502719__f000898__t001.jpg,457.2744751,764.4523315,591.4963379,938.7324219,0.7130934,1731.015997,RSS,6,4,7,2.0,1.0,1.0,8,5,10,11
3827,5_VID_20240313_172502719__f001078__t001.jpg,471.8920593,764.4745483,637.8193359,952.7306519,0.799648285,1681.282002,RSS,7,4,8,2.0,1.0,1.0,9,5,10,11
3828,5_VID_20240313_172502719__f001258__t001.jpg,478.632843,767.8242798,644.1655273,953.9428711,0.817853868,1651.283911,RSS,7,4,8,2.0,1.0,1.0,9,5,10,11
3829,5_VID_20240313_172502719__f001438__t001.jpg,477.5066833,772.1691895,636.4026489,957.0427856,0.783675373,1753.452028,RSS,7,4,8,2.0,1.0,1.0,9,5,10,11
3830,5_VID_20240313_172502719__f001618__t001.jpg,486.618866,782.4524536,648.1730957,954.9658813,0.788303375,1683.318252,RSS,7,4,8,2.0,1.0,1.0,9,5,10,11
3831,5_VID_20240313_172502719__f001798__t001.jpg,496.8683472,796.7611084,659.5522461,969.7636719,0.83371824,1716.10114,RSS,8,4,9,2.0,1.0,1.0,10,5,11,12
3832,5_VID_20240313_172502719__f001981__t001.jpg,494.4495239,792.3543701,659.0874023,967.8670654,0.371266603,1668.790357,RSS,8,4,9,2.0,1.0,1.0,10,5,11,12
3833,5_VID_20240313_172502719__f002158__t001.jpg,483.2276611,791.6356812,612.6566162,976.4902954,0.755078137,1644.331937,RSS,6,4,7,2.0,1.0,1.0,8,5,10,11
3834,5_VID_20240313_172502719__f002338__t001.jpg,441.198761,809.2312622,600.4395752,968.9295044,0.689992189,1633.361391,RSS,5,4,5,2.0,1.0,1.0,7,5,9,10
3835,5_VID_20240313_172502719__f002512__t001.jpg,485.6704102,814.0458984,603.262207,959.3372192,0.359022498,1652.501345,RSS,8,5,10,2.0,1.0,1.0,10,6,11,12
3837,5_VID_20240313_172502719__f002878__t001.jpg,478.9671021,781.444458,608.2689819,949.3673096,0.721078217,1676.967023,RSS,6,5,8,2.0,1.0,1.0,8,6,10,11
3838,5_VID_20240313_172502719__f003058__t001.jpg,483.1311646,714.2943115,589.3155518,944.7079468,0.719332814,1708.509568,RSS,5,2,4,2.0,1.0,1.0,7,3,7,8
3839,5_VID_20240313_172502719__f003238__t001.jpg,488.0067139,673.6845703,602.6728516,940.2389526,0.819728553,1762.922224,RSS,5,1,4,2.0,1.0,1.0,7,2,7,8
3840,5_VID_20240313_172502719__f003418__t001.jpg,402.5231934,643.708252,499.3232117,921.1925659,0.82279402,1755.94913,RSS,4,1,3,2.0,1.0,1.0,6,2,6,7
3841,5_VID_20240313_172502719__f003598__t001.jpg,296.8798523,545.357666,393.0369568,845.7806396,0.771078825,1767.485649,RSS,5,2,4,2.0,1.0,1.0,7,3,7,8
3842,5_VID_20240313_172502719__f003778__t001.jpg,76.74993134,530.3537598,231.3018646,914.2716675,0.793171823,1641.286073,RSS,4,1,3,2.0,1.0,1.0,6,2,6,7
3843,5_VID_20240313_172502719__f003958__t001.jpg,113.0496521,549.6501465,255.4517059,1064.041748,0.826839626,1679.02015,RSS,4,1,3,2.0,1.0,1.0,6,2,6,7
3845,5_VID_20240313_172641977__f000025__t001.jpg,900.7213745,310.6583557,1018.702454,644.6557617,0.801304221,2454.342901,RSS,4,1,3,2.0,1.0,1.0,6,2,6,7
3846,5_VID_20240313_172641977__f000205__t001.jpg,810.4341431,396.5710449,1015.266602,640.2484131,0.898022354,2619.247887,RSS,5,4,5,2.0,1.0,1.0,7,5,9,10
3847,5_VID_20240313_172641977__f000383__t001.jpg,831.0445557,413.5179138,1015.650146,640.2443848,0.672854543,2557.065309,RSS,8,5,10,2.0,1.0,1.0,10,6,11,12
3848,5_VID_20240313_172641977__f000565__t001.jpg,890.4293213,296.5600586,1016.627075,652.203064,0.828425288,2762.937788,RSS,5,4,5,2.0,1.0,1.0,7,5,9,10
3849,5_VID_20240313_172641977__f000745__t001.jpg,878.6987915,259.335144,1002.244812,657.1109009,0.814832032,2622.481087,RSS,6,7,9,2.0,1.0,1.0,8,8,10,11
3850,5_VID_20240313_172641977__f000925__t001.jpg,900.5529785,305.4248962,1027.625854,664.9645386,0.828979313,2753.550087,RSS,4,1,3,2.0,1.0,1.0,6,2,6,7
3851,5_VID_20240313_172641977__f001105__t001.jpg,793.6571045,457.4228516,995.3319702,669.2327881,0.537302196,2493.059513,RSS,8,5,10,2.0,1.0,1.0,10,6,11,12
3852,5_VID_20240313_172641977__f001285__t001.jpg,897.8389893,314.2868652,1000.341614,672.9907227,0.842082798,2611.667459,RSS,5,2,4,2.0,1.0,1.0,7,3,7,8
3853,5_VID_20240313_172641977__f001465__t001.jpg,896.3798828,323.2328796,1012.442139,680.1126709,0.849717498,2566.40799,RSS,4,1,3,2.0,1.0,1.0,6,2,6,7
3854,5_VID_20240313_172641977__f001645__t001.jpg,968.746582,327.2582703,1085.470947,645.6424561,0.844805181,2529.202245,RSS,4,1,3,2.0,1.0,1.0,6,2,6,7
3855,5_VID_20240313_172750540__f000012__t001.jpg,424.8667297,406.619812,518.2380371,646.6312256,0.842008829,2677.520686,RCS,5,4,5,1.0,1.0,2.0,6,6,8,9
3856,5_VID_20240313_172750540__f000081__t001.jpg,422.0785828,408.5028992,513.7867432,648.2425537,0.83613193,2730.909255,RCS,5,2,4,1.0,1.0,2.0,6,4,7,8
3857,5_VID_20240313_172750540__f000102__t001.jpg,419.2378845,400.6647034,509.3419495,645.5274658,0.852615535,2662.487892,RCS,5,2,4,1.0,1.0,2.0,6,4,7,8
3858,5_VID_20240313_172750540__f000272__t004.jpg,629.6824951,213.4381561,925.994812,574.6661987,0.871821761,372.8336645,RCS,4,2,4,1.0,1.0,2.0,5,4,5,6
3859,5_VID_20240313_172750540__f000349__t004.jpg,599.8118896,226.4425049,905.6973267,596.2336426,0.876090825,312.3731139,RCS,5,2,4,1.0,1.0,2.0,6,4,7,8
3860,5_VID_20240313_172750540__f000362__t004.jpg,583.881958,226.4478455,905.8503418,610.585144,0.813628972,274.9483103,RCS,4,2,4,1.0,1.0,2.0,5,4,5,6
3861,5_VID_20240313_172750540__f000452__t004.jpg,585.4190063,224.1459045,887.6948242,597.1950684,0.522792161,281.6473939,RCS,4,2,4,1.0,1.0,2.0,5,4,5,6
3862,5_VID_20240313_172750540__f000529__t004.jpg,587.8484497,240.9136963,872.7003784,618.3369141,0.707134128,317.3495235,RCS,5,2,4,1.0,1.0,2.0,6,4,7,8
3863,5_VID_20240313_172750540__f000542__t004.jpg,663.8200684,272.7297974,966.6816406,641.2062378,0.684956908,320.7708091,RCS,4,2,4,1.0,1.0,2.0,5,4,5,6
3865,5_VID_20240313_172750540__f000640__t005.jpg,465.8804016,347.9494324,849.9650879,944.0650635,0.855421424,307.2453005,RCS,5,4,5,1.0,1.0,2.0,6,6,8,9
3866,5_VID_20240313_172750540__f000820__t005.jpg,425.2417297,283.5685425,832.4109497,912.5454102,0.925031781,265.0109343,RCS,6,4,7,1.0,1.0,2.0,7,6,9,10
3867,5_VID_20240313_172750540__f001000__t005.jpg,413.7414856,243.2820282,809.9841919,914.3201904,0.92679745,279.1584824,RCS,5,3,4,1.0,1.0,2.0,6,5,8,9
3868,5_VID_20240313_172750540__f001208__t005.jpg,339.6202393,289.7223511,759.2238159,850.3787231,0.907172024,234.4765254,RCS,5,4,5,1.0,1.0,2.0,6,6,8,9
3869,5_VID_20240313_172750540__f001388__t005.jpg,267.4423218,221.9809875,676.6837769,831.7748413,0.922138453,230.6134988,RCS,5,4,5,1.0,1.0,2.0,6,6,8,9
3870,5_VID_20240313_172750540__f001568__t005.jpg,259.5706787,202.0373993,654.7936401,807.9724121,0.906262457,249.7531184,RCS,5,4,5,1.0,1.0,2.0,6,6,8,9
3872,5_VID_20240313_172750540__f001928__t005.jpg,302.4538269,195.5854492,713.2194214,806.8881226,0.902803004,240.5441429,RCS,5,4,5,1.0,1.0,2.0,6,6,8,9
3873,5_VID_20240313_172750540__f002108__t005.jpg,283.3708191,0.98430562,706.5690918,791.2106934,0.912078857,347.0613426,RCS,3,2,3,1.0,1.0,2.0,4,4,4,5
3874,5_VID_20240313_172750540__f002288__t005.jpg,331.618866,21.64897919,704.7754517,835.0872803,0.887691557,303.2604064,RCS,4,1,3,1.0,1.0,2.0,5,3,4,5
3875,5_VID_20240313_172750540__f002468__t005.jpg,320.0513611,276.4837952,697.8567505,855.300293,0.892706931,352.7878273,RCS,6,4,7,1.0,1.0,2.0,7,6,9,10
3876,5_VID_20240313_172750540__f002648__t005.jpg,256.0707092,35.72396851,618.5441895,848.8291016,0.876151741,343.1857623,RCS,5,1,4,1.0,1.0,2.0,6,3,6,7
3878,5_VID_20240313_172750540__f003008__t005.jpg,349.815033,276.5133057,686.5504761,832.4469604,0.858213425,298.7594893,RCS,5,2,4,1.0,1.0,2.0,6,4,7,8
3879,5_VID_20240313_172750540__f003315__t005.jpg,421.158905,161.5274963,698.8637085,751.3389282,0.904045284,319.9820403,RCS,4,2,4,1.0,1.0,2.0,5,4,5,6
3881,5_VID_20240313_172750540__f003675__t005.jpg,366.1182251,1.915802836,702.5836182,740.9716187,0.908612907,290.4892173,RCS,5,1,4,1.0,1.0,2.0,6,3,6,7
3882,5_VID_20240313_173159857__f000011__t001.jpg,940.2012939,340.4029541,1066.680542,696.1263428,0.865363061,575.4757263,RSS,3,1,2,2.0,1.0,1.0,5,2,4,5
3883,5_VID_20240313_173159857__f000027__t003.jpg,829.7294312,505.5657654,962.3319702,692.8236694,0.356806159,461.5502266,RSS,8,7,10,2.0,1.0,1.0,10,8,12,13
3884,5_VID_20240313_173159857__f000027__t002.jpg,346.4753723,265.168457,457.621582,587.9177856,0.866420627,461.5502266,RSS,4,1,3,2.0,1.0,1.0,6,2,6,7
3885,5_VID_20240313_173159857__f000046__t002.jpg,359.1348877,263.4924927,473.7341309,579.5367432,0.838079572,479.3155579,RSS,5,1,4,2.0,1.0,1.0,7,2,7,8
3887,5_VID_20240313_173159857__f000084__t001.jpg,979.7527466,331.2031555,1122.845947,693.6030884,0.824257135,443.1444585,RSS,3,1,2,2.0,1.0,1.0,5,2,4,5
3888,5_VID_20240313_173159857__f000101__t001.jpg,1004.268311,331.158783,1138.981567,690.8679199,0.864321113,462.6451962,RSS,4,1,3,2.0,1.0,1.0,6,2,6,7
3889,5_VID_20240313_173159857__f000136__t002.jpg,431.9519958,274.0102234,555.7487793,594.6729736,0.84945029,449.2489518,RSS,3,2,3,2.0,1.0,1.0,5,3,4,5
3890,5_VID_20240313_173159857__f000153__t003.jpg,905.1848145,487.4488525,1034.75769,679.4800415,0.657254338,400.2988522,RSS,7,5,9,2.0,1.0,1.0,9,6,10,11
3891,5_VID_20240313_173159857__f000191__t001.jpg,1017.976929,338.0986938,1172.403809,689.9825439,0.81654036,401.2318073,RSS,2,1,1,2.0,1.0,1.0,4,2,4,5
3892,5_VID_20240313_173159857__f000207__t002.jpg,360.0675354,271.6252136,507.8416748,593.9923096,0.86948365,428.9762979,RSS,3,1,2,2.0,1.0,1.0,5,2,4,5
3893,5_VID_20240313_173159857__f000213__t003.jpg,856.5415039,472.6927185,1005.012024,671.9467773,0.711670458,429.1794042,RSS,7,7,9,2.0,1.0,1.0,9,8,11,12
3894,5_VID_20240313_173159857__f000226__t002.jpg,360.5038757,270.9361877,507.8284607,601.0439453,0.843282402,355.4786911,RSS,4,1,3,2.0,1.0,1.0,6,2,6,7
3895,5_VID_20240313_173159857__f000243__t003.jpg,845.7741699,472.5167542,991.4042969,672.9300537,0.675581217,446.5743208,RSS,8,5,10,2.0,1.0,1.0,10,6,11,12
3896,5_VID_20240313_173159857__f000264__t001.jpg,975.0881348,389.2444153,1097.432373,710.0512085,0.826590419,442.0808023,RSS,5,1,4,2.0,1.0,1.0,7,2,7,8
3897,5_VID_20240313_173159857__f000281__t001.jpg,952.9683228,387.8556519,1077.327515,697.8950806,0.886425853,442.446587,RSS,5,2,4,2.0,1.0,1.0,7,3,7,8
3898,5_VID_20240313_173159857__f000316__t002.jpg,392.9122314,243.6812286,486.2783813,578.3045654,0.809753299,369.3295699,RSS,4,1,3,2.0,1.0,1.0,6,2,6,7
3899,5_VID_20240313_173159857__f000333__t003.jpg,759.0489502,435.5659485,895.371582,653.6708374,0.853503048,435.3629468,RSS,3,4,3,2.0,1.0,1.0,5,5,6,7
3900,5_VID_20240313_173159857__f000371__t001.jpg,951.5502319,356.0978699,1080.212158,691.3029175,0.811666965,378.5569651,RSS,5,1,4,2.0,1.0,1.0,7,2,7,8
3901,5_VID_20240313_173159857__f000387__t002.jpg,380.0614014,240.1214752,481.70578,587.1276245,0.821528614,426.3605094,RSS,5,1,4,2.0,1.0,1.0,7,2,7,8
3902,5_VID_20240313_173159857__f000393__t003.jpg,757.7845459,444.8850098,900.4786987,650.1686401,0.635816336,431.121447,RSS,6,4,7,2.0,1.0,1.0,8,5,10,11
3903,5_VID_20240313_173159857__f000406__t002.jpg,386.2870483,239.4504242,474.947052,578.8630371,0.819917977,371.3227399,RSS,5,2,4,2.0,1.0,1.0,7,3,7,8
3904,5_VID_20240313_173159857__f000423__t003.jpg,758.0673828,431.4008789,899.8920898,652.0941162,0.836414397,444.4168259,RSS,6,4,7,2.0,1.0,1.0,8,5,10,11
3905,5_VID_20240313_173159857__f000444__t001.jpg,900.5314331,365.6617737,1040.305542,693.2485962,0.843649089,433.7990359,RSS,5,2,4,2.0,1.0,1.0,7,3,7,8
3907,5_VID_20240313_173159857__f000567__t002.jpg,349.7785034,274.1399536,440.1508789,599.6609497,0.838678658,392.7367618,RSS,4,1,3,2.0,1.0,1.0,6,2,6,7
3910,5_VID_20240313_173615143__f000008__t002.jpg,2.963955164,555.3322754,151.9770966,1015.83728,0.632003069,1746.490859,RSS,4,1,3,2.0,1.0,1.0,6,2,6,7
3911,5_VID_20240313_173615143__f000053__t002.jpg,0.0,554.7426147,153.7997131,1035.361206,0.876278579,1799.66308,RSS,4,1,3,2.0,1.0,1.0,6,2,6,7
3912,5_VID_20240313_173615143__f000143__t002.jpg,5.386667728,537.348938,144.9184723,1022.440613,0.81139648,1753.907421,RSS,3,7,6,2.0,1.0,1.0,5,8,8,9
3913,5_VID_20240313_173615143__f000163__t001.jpg,473.8296204,715.0778198,675.3480835,999.5073242,0.730040073,1709.930114,RSS,8,4,9,2.0,1.0,1.0,10,5,11,12
3914,5_VID_20240313_173615143__f000188__t002.jpg,5.420875549,557.6055298,129.2338562,1016.915039,0.846910059,1676.434931,RSS,4,7,7,2.0,1.0,1.0,6,8,9,10
3917,5_VID_20240313_173615143__f000343__t001.jpg,451.4401855,717.3105469,684.8219604,1002.242188,0.786426544,1881.809781,RSS,8,5,10,2.0,1.0,1.0,10,6,11,12
3918,5_VID_20240313_173615143__f000523__t001.jpg,433.0700378,742.1242676,628.1430664,1010.72821,0.809606075,1809.602663,RSS,8,5,10,2.0,1.0,1.0,10,6,11,12
3919,5_VID_20240313_173615143__f000703__t001.jpg,453.7857666,736.1181641,655.5415039,1012.593384,0.81048882,1803.670117,RSS,7,7,9,2.0,1.0,1.0,9,8,11,12
3920,5_VID_20240313_173615143__f000883__t001.jpg,453.8579407,738.4057007,673.1569824,1015.32251,0.814498603,1833.17081,RSS,8,7,10,2.0,1.0,1.0,10,8,12,13
3921,5_VID_20240313_173615143__f001063__t001.jpg,430.8609009,730.4343872,636.4608154,1006.127808,0.715348601,1698.69564,RSS,8,5,10,2.0,1.0,1.0,10,6,11,12
3922,5_VID_20240313_173615143__f001243__t001.jpg,426.684082,731.4321899,658.5800781,1008.833801,0.840914965,1778.699259,RSS,7,5,9,2.0,1.0,1.0,9,6,10,11
3924,5_VID_20240313_173615143__f001603__t001.jpg,417.0270691,706.3253174,622.1865845,997.6134644,0.806742191,1862.915781,RSS,7,5,9,2.0,1.0,1.0,9,6,10,11
3925,5_VID_20240313_173615143__f001783__t001.jpg,443.9091187,687.2713623,655.6517334,985.9279785,0.647645772,2017.877045,RSS,8,5,10,2.0,1.0,1.0,10,6,11,12
3927,5_VID_20240313_173615143__f002143__t001.jpg,440.984436,514.8446045,590.6725464,968.1604004,0.854771852,2090.072057,RSS,4,1,3,2.0,1.0,1.0,6,2,6,7
3938,5_VID_20240313_173803212__f000288__t001.jpg,50.96611023,752.9605713,374.8240051,1188.023804,0.534011543,738.4029676,RSS,7,5,9,2.0,1.0,1.0,9,6,10,11
3951,5_VID_20240313_173803212__f002279__t005.jpg,549.2076416,910.2042847,904.8998413,1421.362427,0.892159283,642.8682513,RSS,7,4,8,2.0,1.0,1.0,9,5,10,11
3952,5_VID_20240313_173803212__f002459__t005.jpg,532.3877563,762.6499023,880.381897,1388.46228,0.910615563,630.829461,RSS,7,1,7,2.0,1.0,1.0,9,2,9,10
3953,5_VID_20240313_173803212__f002639__t005.jpg,327.4698486,677.3557129,730.7755737,1566.073975,0.935016274,606.3609225,RSS,5,1,4,2.0,1.0,1.0,7,2,7,8
3954,5_VID_20240313_173803212__f002665__t006.jpg,23.92145538,542.194397,92.36923981,813.7768555,0.788262606,568.6160222,RSS,3,1,2,2.0,1.0,1.0,5,2,4,5
3955,5_VID_20240313_173803212__f002715__t006.jpg,48.60886765,557.6400146,130.6795654,826.0010376,0.75984627,594.1773904,RSS,3,1,2,2.0,1.0,1.0,5,2,4,5
3956,5_VID_20240313_173803212__f002805__t006.jpg,56.80622101,551.177002,136.524765,826.5247192,0.800496221,596.9934934,RSS,3,1,2,2.0,1.0,1.0,5,2,4,5
3957,5_VID_20240313_173803212__f002819__t005.jpg,662.8796387,743.4355469,1034.620239,1698.817749,0.925578833,576.2059703,RSS,4,1,3,2.0,1.0,1.0,6,2,6,7
3958,5_VID_20240313_173803212__f002845__t006.jpg,7.45557785,548.0161743,89.22002411,822.0724487,0.758120239,507.7447503,RSS,3,1,2,2.0,1.0,1.0,5,2,4,5
3959,5_VID_20240313_173803212__f002895__t006.jpg,0.0,542.848877,71.2995224,819.7741089,0.80496639,509.5802272,RSS,4,1,3,2.0,1.0,1.0,6,2,6,7
3963,5_VID_20240313_173924208__f000584__t001.jpg,375.4233704,813.6832275,658.93396,1236.470215,0.826942921,515.6858117,RSS,7,5,9,2.0,1.0,1.0,9,6,10,11
3964,5_VID_20240313_173924208__f000764__t001.jpg,407.709259,850.9349976,676.8846436,1200.684448,0.637993395,550.0328558,RSS,6,4,7,2.0,1.0,1.0,8,5,10,11
3966,5_VID_20240313_173924208__f001124__t001.jpg,397.9537659,853.6636963,710.543457,1233.052124,0.758181512,514.8042459,RSS,8,5,10,2.0,1.0,1.0,10,6,11,12
3967,5_VID_20240313_173924208__f001286__t001.jpg,411.6139832,878.8015747,696.954834,1237.309326,0.546367884,543.2211757,RSS,8,7,10,2.0,1.0,1.0,10,8,12,13
3969,5_VID_20240313_173924208__f001664__t001.jpg,426.7331543,672.3206177,718.3947144,1265.810791,0.908854425,518.2816603,RSS,4,1,3,2.0,1.0,1.0,6,2,6,7
3970,6_VID_20240528_122221376__f000076__t001.jpg,494.3724365,515.1523438,1032.763184,1819.09729,0.930582345,106.7049286,SST,5,2,4,1.0,1.0,2.0,6,4,7,8
3971,6_VID_20240528_122221376__f000166__t001.jpg,330.4812317,586.2977295,999.2174683,1828.796997,0.926841378,105.567709,SST,4,4,4,1.0,1.0,2.0,5,6,7,8
3984,6_VID_20240528_122529204__f000800__t008.jpg,259.9847412,694.8323364,841.9290161,1919.67749,0.860542059,104.0792677,SST,4,1,3,1.0,1.0,2.0,5,3,4,5
3985,6_VID_20240528_122529204__f000802__t014.jpg,853.2887573,707.6832886,1080.0,1657.419434,0.693656266,102.3031759,SST,5,4,5,1.0,1.0,2.0,6,6,8,9
3986,6_VID_20240528_122529204__f000879__t003.jpg,0.0,540.4509277,196.1704102,1752.448486,0.72250396,103.6242013,SST,4,2,4,1.0,1.0,2.0,5,4,5,6
3987,6_VID_20240528_122529204__f000890__t008.jpg,116.0539017,627.0480957,622.8894043,1914.047241,0.844646573,119.7711521,SST,4,1,3,1.0,1.0,2.0,5,3,4,5
3988,6_VID_20240528_122529204__f000892__t014.jpg,708.3709717,677.0436401,968.9998169,1647.838623,0.801773667,123.3967175,SST,3,1,2,1.0,1.0,2.0,4,3,4,5
3991,6_VID_20240528_123321363__f002883__t020.jpg,624.8370361,452.5830078,1080.0,1915.247314,0.915287375,112.0301855,SST,4,1,3,1.0,1.0,2.0,5,3,4,5
3992,7_VID_20240529_115812056__f000025__t001.jpg,129.0687714,841.1702271,441.5815125,1175.54895,0.622677982,159.6964752,DEM,6,2,6,2.0,1.0,1.0,8,3,8,9
3994,7_VID_20240529_115812056__f000115__t001.jpg,176.6650543,972.2564087,403.315155,1186.650635,0.592342019,178.5310798,DEM,5,4,5,2.0,1.0,1.0,7,5,9,10
3998,7_VID_20240529_115812056__f000205__t001.jpg,163.6984863,967.7703247,374.7982788,1175.648193,0.78310591,190.3617181,DEM,5,4,5,2.0,1.0,1.0,7,5,9,10
4001,7_VID_20240529_115812056__f000232__t004.jpg,599.7467651,686.6171265,736.3366089,1048.077881,0.701556981,165.7408183,DEM,5,2,4,2.0,1.0,1.0,7,3,7,8
4002,7_VID_20240529_115812056__f000261__t004.jpg,583.0473633,702.5059204,709.6473999,1060.95166,0.752388477,164.6585071,DEM,4,1,3,2.0,1.0,1.0,6,2,6,7
4004,7_VID_20240529_115812056__f000274__t002.jpg,112.2054825,859.4130859,438.770752,1202.346069,0.640778363,191.6181935,DEM,7,2,7,2.0,1.0,1.0,9,3,9,10
4006,7_VID_20240529_115812056__f000295__t001.jpg,151.8389587,1007.351685,352.414093,1215.272217,0.862729251,191.6224127,DEM,6,4,7,2.0,1.0,1.0,8,5,10,11
4008,7_VID_20240529_115812056__f000351__t004.jpg,548.9379883,829.2789917,676.6154785,1189.360596,0.728548288,188.6546455,DEM,4,1,3,2.0,1.0,1.0,6,2,6,7
4009,7_VID_20240529_115812056__f000367__t004.jpg,547.7932129,878.2113647,661.909729,1197.830566,0.420191199,197.0513497,DEM,3,1,2,2.0,1.0,1.0,5,2,4,5
4011,7_VID_20240529_115812056__f000412__t004.jpg,551.8446655,822.0995483,667.2363892,1193.900391,0.717995346,176.9061224,DEM,5,1,4,2.0,1.0,1.0,7,2,7,8
4013,7_VID_20240529_115812056__f000457__t004.jpg,551.5289307,819.6557617,660.9125977,1174.244629,0.787186742,189.2856046,DEM,4,1,3,2.0,1.0,1.0,6,2,6,7
4014,7_VID_20240529_115812056__f000475__t001.jpg,63.80023193,972.5405884,322.7072449,1303.412842,0.503713667,193.1007674,DEM,6,4,7,2.0,1.0,1.0,8,5,10,11
4015,7_VID_20240529_115812056__f000527__t004.jpg,546.7977905,784.1795044,680.2443237,1192.59082,0.508580923,181.8067177,DEM,4,1,3,2.0,1.0,1.0,6,2,6,7
4017,7_VID_20240529_115812056__f000655__t001.jpg,171.9007874,941.230835,438.9013367,1246.306274,0.669605136,175.658301,DEM,6,2,6,2.0,1.0,1.0,8,3,8,9
4018,7_VID_20240529_115812056__f000745__t001.jpg,206.3227539,983.0704346,466.1651306,1230.324341,0.586944759,170.4223097,DEM,6,2,6,2.0,1.0,1.0,8,3,8,9
4019,7_VID_20240529_115812056__f000835__t001.jpg,213.3476563,902.3154907,462.6224976,1234.073608,0.798626482,194.2923559,DEM,6,2,6,2.0,1.0,1.0,8,3,8,9
4020,7_VID_20240529_115812056__f000877__t009.jpg,223.9490814,1048.117432,452.9911804,1247.082764,0.702819824,165.5703787,DEM,6,2,6,2.0,1.0,1.0,8,3,8,9
4021,7_VID_20240529_115812056__f000919__t009.jpg,207.4701691,1063.891479,433.901123,1270.197266,0.551450968,185.2097979,DEM,6,2,6,2.0,1.0,1.0,8,3,8,9
4022,7_VID_20240529_115812056__f000941__t009.jpg,216.7655792,1128.183472,437.7012634,1375.020142,0.364080191,184.399919,DEM,6,2,6,2.0,1.0,1.0,8,3,8,9
